{"sessionId":"0d0cc8","hypothesisId":"C","location":"StatisticsForm.InitializeForm","message":"start","data":{},"timestamp":1780236255343}
{"sessionId":"0d0cc8","hypothesisId":"C","location":"StatisticsForm.InitializeForm","message":"afterPopulate","data":{"tabCount":6},"timestamp":1780236255457}
{"sessionId":"0d0cc8","hypothesisId":"C","location":"StatisticsForm.InitializeForm","message":"afterChrome","data":{},"timestamp":1780236255462}
{"sessionId":"0d0cc8","hypothesisId":"B","location":"StatisticsUiHelper.ApplyPremiumGridStyle","message":"ok","data":{"grid":"","colCount":3},"timestamp":1780236255517}
{"sessionId":"0d0cc8","hypothesisId":"B","location":"StatisticsUiHelper.ApplyPremiumGridStyle","message":"ok","data":{"grid":"","colCount":6},"timestamp":1780236255519}
{"sessionId":"0d0cc8","hypothesisId":"B","location":"StatisticsUiHelper.ApplyPremiumGridStyle","message":"ok","data":{"grid":"","colCount":6},"timestamp":1780236255522}
{"sessionId":"0d0cc8","hypothesisId":"B","location":"StatisticsUiHelper.ApplyPremiumGridStyle","message":"ok","data":{"grid":"","colCount":8},"timestamp":1780236255524}
{"sessionId":"0d0cc8","hypothesisId":"B","location":"StatisticsUiHelper.ApplyPremiumGridStyle","message":"ok","data":{"grid":"","colCount":7},"timestamp":1780236255526}
{"sessionId":"0d0cc8","hypothesisId":"B","location":"StatisticsUiHelper.ApplyPremiumGridStyle","message":"ok","data":{"grid":"dgvByClient","colCount":13},"timestamp":1780236255533}
{"sessionId":"0d0cc8","hypothesisId":"B","location":"StatisticsUiHelper.ApplyPremiumGridStyle","message":"ok","data":{"grid":"dgvByClient","colCount":13},"timestamp":1780236255535}
{"sessionId":"0d0cc8","hypothesisId":"C","location":"StatisticsForm.InitializeForm","message":"afterGridStyles","data":{"runId":"post-fix"},"timestamp":1780236255536}
{"sessionId":"0d0cc8","hypothesisId":"C","location":"StatisticsForm.InitializeForm","message":"complete","data":{},"timestamp":1780236255550}
{"sessionId":"0d0cc8","hypothesisId":"B","location":"StatisticsUiHelper.ApplyPremiumGridStyle","message":"ok","data":{"grid":"","colCount":3},"timestamp":1780236256076}
{"sessionId":"0d0cc8","hypothesisId":"B","location":"StatisticsUiHelper.ApplyPremiumGridStyle","message":"ok","data":{"grid":"","colCount":6},"timestamp":1780236256120}
{"sessionId":"0d0cc8","hypothesisId":"B","location":"StatisticsUiHelper.ApplyPremiumGridStyle","message":"ok","data":{"grid":"","colCount":6},"timestamp":1780236256130}
{"sessionId":"0d0cc8","hypothesisId":"B","location":"StatisticsUiHelper.ApplyPremiumGridStyle","message":"ok","data":{"grid":"","colCount":8},"timestamp":1780236256140}
{"sessionId":"0d0cc8","hypothesisId":"B","location":"StatisticsUiHelper.ApplyPremiumGridStyle","message":"ok","data":{"grid":"","colCount":7},"timestamp":1780236256150}
{"sessionId":"0d0cc8","hypothesisId":"B","location":"StatisticsUiHelper.ApplyPremiumGridStyle","message":"ok","data":{"grid":"dgvByClient","colCount":13},"timestamp":1780236256160}
{"sessionId":"0d0cc8","hypothesisId":"A","location":"StatisticsUiHelper.OnStatisticsTabDrawItem","message":"draw","data":{"index":1,"bw":124,"bh":30,"tabW":1689,"selected":false},"timestamp":1780236256179}
{"sessionId":"0d0cc8","hypothesisId":"A","location":"StatisticsUiHelper.OnStatisticsTabDrawItem","message":"draw","data":{"index":2,"bw":124,"bh":30,"tabW":1689,"selected":false},"timestamp":1780236256188}
{"sessionId":"0d0cc8","hypothesisId":"A","location":"StatisticsUiHelper.OnStatisticsTabDrawItem","message":"draw","data":{"index":3,"bw":124,"bh":30,"tabW":1689,"selected":false},"timestamp":1780236256189}
{"sessionId":"0d0cc8","hypothesisId":"A","location":"StatisticsUiHelper.OnStatisticsTabDrawItem","message":"draw","data":{"index":4,"bw":124,"bh":30,"tabW":1689,"selected":false},"timestamp":1780236256192}
{"sessionId":"0d0cc8","hypothesisId":"A","location":"StatisticsUiHelper.OnStatisticsTabDrawItem","message":"draw","data":{"index":5,"bw":124,"bh":30,"tabW":1689,"selected":false},"timestamp":1780236256193}
{"sessionId":"0d0cc8","hypothesisId":"A","location":"StatisticsUiHelper.OnStatisticsTabDrawItem","message":"draw","data":{"index":0,"bw":132,"bh":36,"tabW":1689,"selected":true},"timestamp":1780236256196}
{"sessionId":"0d0cc8","hypothesisId":"A","location":"StatisticsUiHelper.OnStatisticsTabDrawItem","message":"draw","data":{"index":1,"bw":124,"bh":30,"tabW":1689,"selected":false},"timestamp":1780236256217}
{"sessionId":"0d0cc8","hypothesisId":"A","location":"StatisticsUiHelper.OnStatisticsTabDrawItem","message":"draw","data":{"index":2,"bw":124,"bh":30,"tabW":1689,"selected":false},"timestamp":1780236256219}
{"sessionId":"0d0cc8","hypothesisId":"A","location":"StatisticsUiHelper.OnStatisticsTabDrawItem","message":"draw","data":{"index":3,"bw":124,"bh":30,"tabW":1689,"selected":false},"timestamp":1780236256220}
{"sessionId":"0d0cc8","hypothesisId":"A","location":"StatisticsUiHelper.OnStatisticsTabDrawItem","message":"draw","data":{"index":4,"bw":124,"bh":30,"tabW":1689,"selected":false},"timestamp":1780236256221}
{"sessionId":"0d0cc8","hypothesisId":"A","location":"StatisticsUiHelper.OnStatisticsTabDrawItem","message":"draw","data":{"index":5,"bw":124,"bh":30,"tabW":1689,"selected":false},"timestamp":1780236256222}
{"sessionId":"0d0cc8","hypothesisId":"A","location":"StatisticsUiHelper.OnStatisticsTabDrawItem","message":"draw","data":{"index":0,"bw":132,"bh":36,"tabW":1689,"selected":true},"timestamp":1780236256223}
{"sessionId":"0d0cc8","hypothesisId":"A","location":"StatisticsUiHelper.OnStatisticsTabDrawItem","message":"draw","data":{"index":0,"bw":124,"bh":30,"tabW":1689,"selected":false},"timestamp":1780236272163}
{"sessionId":"0d0cc8","hypothesisId":"A","location":"StatisticsUiHelper.OnStatisticsTabDrawItem","message":"draw","data":{"index":1,"bw":132,"bh":36,"tabW":1689,"selected":true},"timestamp":1780236272168}
{"sessionId":"0d0cc8","hypothesisId":"A","location":"StatisticsUiHelper.OnStatisticsTabDrawItem","message":"draw","data":{"index":0,"bw":124,"bh":30,"tabW":1689,"selected":false},"timestamp":1780236272172}
{"sessionId":"0d0cc8","hypothesisId":"A","location":"StatisticsUiHelper.OnStatisticsTabDrawItem","message":"draw","data":{"index":2,"bw":124,"bh":30,"tabW":1689,"selected":false},"timestamp":1780236272175}
{"sessionId":"0d0cc8","hypothesisId":"A","location":"StatisticsUiHelper.OnStatisticsTabDrawItem","message":"draw","data":{"index":1,"bw":132,"bh":36,"tabW":1689,"selected":true},"timestamp":1780236272177}
{"sessionId":"0d0cc8","hypothesisId":"A","location":"StatisticsUiHelper.OnStatisticsTabDrawItem","message":"draw","data":{"index":0,"bw":124,"bh":30,"tabW":1689,"selected":false},"timestamp":1780236273361}
{"sessionId":"0d0cc8","hypothesisId":"A","location":"StatisticsUiHelper.OnStatisticsTabDrawItem","message":"draw","data":{"index":1,"bw":124,"bh":30,"tabW":1689,"selected":false},"timestamp":1780236273366}
{"sessionId":"0d0cc8","hypothesisId":"A","location":"StatisticsUiHelper.OnStatisticsTabDrawItem","message":"draw","data":{"index":3,"bw":124,"bh":30,"tabW":1689,"selected":false},"timestamp":1780236273367}
{"sessionId":"0d0cc8","hypothesisId":"A","location":"StatisticsUiHelper.OnStatisticsTabDrawItem","message":"draw","data":{"index":2,"bw":132,"bh":36,"tabW":1689,"selected":true},"timestamp":1780236273368}
{"sessionId":"0d0cc8","hypothesisId":"A","location":"StatisticsUiHelper.OnStatisticsTabDrawItem","message":"draw","data":{"index":1,"bw":124,"bh":30,"tabW":1689,"selected":false},"timestamp":1780236274430}
{"sessionId":"0d0cc8","hypothesisId":"A","location":"StatisticsUiHelper.OnStatisticsTabDrawItem","message":"draw","data":{"index":2,"bw":124,"bh":30,"tabW":1689,"selected":false},"timestamp":1780236274432}
{"sessionId":"0d0cc8","hypothesisId":"A","location":"StatisticsUiHelper.OnStatisticsTabDrawItem","message":"draw","data":{"index":4,"bw":124,"bh":30,"tabW":1689,"selected":false},"timestamp":1780236274434}
{"sessionId":"0d0cc8","hypothesisId":"A","location":"StatisticsUiHelper.OnStatisticsTabDrawItem","message":"draw","data":{"index":3,"bw":132,"bh":36,"tabW":1689,"selected":true},"timestamp":1780236274436}
{"sessionId":"0d0cc8","hypothesisId":"A","location":"StatisticsUiHelper.OnStatisticsTabDrawItem","message":"draw","data":{"index":2,"bw":124,"bh":30,"tabW":1689,"selected":false},"timestamp":1780236277974}
{"sessionId":"0d0cc8","hypothesisId":"A","location":"StatisticsUiHelper.OnStatisticsTabDrawItem","message":"draw","data":{"index":3,"bw":124,"bh":30,"tabW":1689,"selected":false},"timestamp":1780236277977}
{"sessionId":"0d0cc8","hypothesisId":"A","location":"StatisticsUiHelper.OnStatisticsTabDrawItem","message":"draw","data":{"index":5,"bw":124,"bh":30,"tabW":1689,"selected":false},"timestamp":1780236277979}
{"sessionId":"0d0cc8","hypothesisId":"A","location":"StatisticsUiHelper.OnStatisticsTabDrawItem","message":"draw","data":{"index":4,"bw":132,"bh":36,"tabW":1689,"selected":true},"timestamp":1780236277980}
{"sessionId":"0d0cc8","hypothesisId":"A","location":"StatisticsUiHelper.OnStatisticsTabDrawItem","message":"draw","data":{"index":3,"bw":124,"bh":30,"tabW":1689,"selected":false},"timestamp":1780236281067}
{"sessionId":"0d0cc8","hypothesisId":"A","location":"StatisticsUiHelper.OnStatisticsTabDrawItem","message":"draw","data":{"index":4,"bw":124,"bh":30,"tabW":1689,"selected":false},"timestamp":1780236281069}
{"sessionId":"0d0cc8","hypothesisId":"A","location":"StatisticsUiHelper.OnStatisticsTabDrawItem","message":"draw","data":{"index":5,"bw":132,"bh":36,"tabW":1689,"selected":true},"timestamp":1780236281072}
{"sessionId":"0d0cc8","hypothesisId":"A","location":"StatisticsUiHelper.OnStatisticsTabDrawItem","message":"draw","data":{"index":1,"bw":124,"bh":30,"tabW":1689,"selected":false},"timestamp":1780236286411}
{"sessionId":"0d0cc8","hypothesisId":"A","location":"StatisticsUiHelper.OnStatisticsTabDrawItem","message":"draw","data":{"index":2,"bw":124,"bh":30,"tabW":1689,"selected":false},"timestamp":1780236286413}
{"sessionId":"0d0cc8","hypothesisId":"A","location":"StatisticsUiHelper.OnStatisticsTabDrawItem","message":"draw","data":{"index":3,"bw":124,"bh":30,"tabW":1689,"selected":false},"timestamp":1780236286415}
{"sessionId":"0d0cc8","hypothesisId":"A","location":"StatisticsUiHelper.OnStatisticsTabDrawItem","message":"draw","data":{"index":4,"bw":124,"bh":30,"tabW":1689,"selected":false},"timestamp":1780236286416}
{"sessionId":"0d0cc8","hypothesisId":"A","location":"StatisticsUiHelper.OnStatisticsTabDrawItem","message":"draw","data":{"index":5,"bw":124,"bh":30,"tabW":1689,"selected":false},"timestamp":1780236286418}
{"sessionId":"0d0cc8","hypothesisId":"A","location":"StatisticsUiHelper.OnStatisticsTabDrawItem","message":"draw","data":{"index":0,"bw":132,"bh":36,"tabW":1689,"selected":true},"timestamp":1780236286419}
{"sessionId":"0d0cc8","hypothesisId":"A","location":"StatisticsUiHelper.OnStatisticsTabDrawItem","message":"draw","data":{"index":1,"bw":124,"bh":30,"tabW":1689,"selected":false},"timestamp":1780236291976}
{"sessionId":"0d0cc8","hypothesisId":"A","location":"StatisticsUiHelper.OnStatisticsTabDrawItem","message":"draw","data":{"index":0,"bw":132,"bh":36,"tabW":1689,"selected":true},"timestamp":1780236291980}
{"sessionId":"0d0cc8","hypothesisId":"C","location":"StatisticsForm.InitializeForm","message":"start","data":{},"timestamp":1780236393872}
{"sessionId":"0d0cc8","hypothesisId":"C","location":"StatisticsForm.InitializeForm","message":"afterPopulate","data":{"tabCount":6},"timestamp":1780236393952}
{"sessionId":"0d0cc8","hypothesisId":"C","location":"StatisticsForm.InitializeForm","message":"afterChrome","data":{},"timestamp":1780236393955}
{"sessionId":"0d0cc8","hypothesisId":"B","location":"StatisticsUiHelper.ApplyPremiumGridStyle","message":"ok","data":{"grid":"","colCount":3},"timestamp":1780236393985}
{"sessionId":"0d0cc8","hypothesisId":"B","location":"StatisticsUiHelper.ApplyPremiumGridStyle","message":"ok","data":{"grid":"","colCount":6},"timestamp":1780236393987}
{"sessionId":"0d0cc8","hypothesisId":"B","location":"StatisticsUiHelper.ApplyPremiumGridStyle","message":"ok","data":{"grid":"","colCount":6},"timestamp":1780236393989}
{"sessionId":"0d0cc8","hypothesisId":"B","location":"StatisticsUiHelper.ApplyPremiumGridStyle","message":"ok","data":{"grid":"","colCount":8},"timestamp":1780236393991}
{"sessionId":"0d0cc8","hypothesisId":"B","location":"StatisticsUiHelper.ApplyPremiumGridStyle","message":"ok","data":{"grid":"","colCount":7},"timestamp":1780236393992}
{"sessionId":"0d0cc8","hypothesisId":"B","location":"StatisticsUiHelper.ApplyPremiumGridStyle","message":"ok","data":{"grid":"dgvByClient","colCount":13},"timestamp":1780236393996}
{"sessionId":"0d0cc8","hypothesisId":"B","location":"StatisticsUiHelper.ApplyPremiumGridStyle","message":"ok","data":{"grid":"dgvByClient","colCount":13},"timestamp":1780236393997}
{"sessionId":"0d0cc8","hypothesisId":"C","location":"StatisticsForm.InitializeForm","message":"afterGridStyles","data":{"runId":"post-fix"},"timestamp":1780236393998}
{"sessionId":"0d0cc8","hypothesisId":"C","location":"StatisticsForm.InitializeForm","message":"complete","data":{},"timestamp":1780236394002}
{"sessionId":"0d0cc8","hypothesisId":"B","location":"StatisticsUiHelper.ApplyPremiumGridStyle","message":"ok","data":{"grid":"","colCount":3},"timestamp":1780236394402}
{"sessionId":"0d0cc8","hypothesisId":"B","location":"StatisticsUiHelper.ApplyPremiumGridStyle","message":"ok","data":{"grid":"","colCount":6},"timestamp":1780236394429}
{"sessionId":"0d0cc8","hypothesisId":"B","location":"StatisticsUiHelper.ApplyPremiumGridStyle","message":"ok","data":{"grid":"","colCount":6},"timestamp":1780236394432}
{"sessionId":"0d0cc8","hypothesisId":"B","location":"StatisticsUiHelper.ApplyPremiumGridStyle","message":"ok","data":{"grid":"","colCount":8},"timestamp":1780236394437}
{"sessionId":"0d0cc8","hypothesisId":"B","location":"StatisticsUiHelper.ApplyPremiumGridStyle","message":"ok","data":{"grid":"","colCount":7},"timestamp":1780236394445}
{"sessionId":"0d0cc8","hypothesisId":"B","location":"StatisticsUiHelper.ApplyPremiumGridStyle","message":"ok","data":{"grid":"dgvByClient","colCount":13},"timestamp":1780236394452}
{"sessionId":"0d0cc8","hypothesisId":"A","location":"StatisticsUiHelper.OnStatisticsTabDrawItem","message":"draw","data":{"index":1,"bw":124,"bh":30,"tabW":1689,"selected":false},"timestamp":1780236394464}
{"sessionId":"0d0cc8","hypothesisId":"A","location":"StatisticsUiHelper.OnStatisticsTabDrawItem","message":"draw","data":{"index":2,"bw":124,"bh":30,"tabW":1689,"selected":false},"timestamp":1780236394467}
{"sessionId":"0d0cc8","hypothesisId":"A","location":"StatisticsUiHelper.OnStatisticsTabDrawItem","message":"draw","data":{"index":3,"bw":124,"bh":30,"tabW":1689,"selected":false},"timestamp":1780236394468}
{"sessionId":"0d0cc8","hypothesisId":"A","location":"StatisticsUiHelper.OnStatisticsTabDrawItem","message":"draw","data":{"index":4,"bw":124,"bh":30,"tabW":1689,"selected":false},"timestamp":1780236394470}
{"sessionId":"0d0cc8","hypothesisId":"A","location":"StatisticsUiHelper.OnStatisticsTabDrawItem","message":"draw","data":{"index":5,"bw":124,"bh":30,"tabW":1689,"selected":false},"timestamp":1780236394472}
{"sessionId":"0d0cc8","hypothesisId":"A","location":"StatisticsUiHelper.OnStatisticsTabDrawItem","message":"draw","data":{"index":0,"bw":132,"bh":36,"tabW":1689,"selected":true},"timestamp":1780236394474}
{"sessionId":"0d0cc8","hypothesisId":"A","location":"StatisticsUiHelper.OnStatisticsTabDrawItem","message":"draw","data":{"index":1,"bw":124,"bh":30,"tabW":1689,"selected":false},"timestamp":1780236394485}
{"sessionId":"0d0cc8","hypothesisId":"A","location":"StatisticsUiHelper.OnStatisticsTabDrawItem","message":"draw","data":{"index":2,"bw":124,"bh":30,"tabW":1689,"selected":false},"timestamp":1780236394487}
{"sessionId":"0d0cc8","hypothesisId":"A","location":"StatisticsUiHelper.OnStatisticsTabDrawItem","message":"draw","data":{"index":3,"bw":124,"bh":30,"tabW":1689,"selected":false},"timestamp":1780236394488}
{"sessionId":"0d0cc8","hypothesisId":"A","location":"StatisticsUiHelper.OnStatisticsTabDrawItem","message":"draw","data":{"index":4,"bw":124,"bh":30,"tabW":1689,"selected":false},"timestamp":1780236394489}
{"sessionId":"0d0cc8","hypothesisId":"A","location":"StatisticsUiHelper.OnStatisticsTabDrawItem","message":"draw","data":{"index":5,"bw":124,"bh":30,"tabW":1689,"selected":false},"timestamp":1780236394491}
{"sessionId":"0d0cc8","hypothesisId":"A","location":"StatisticsUiHelper.OnStatisticsTabDrawItem","message":"draw","data":{"index":0,"bw":132,"bh":36,"tabW":1689,"selected":true},"timestamp":1780236394492}
{"sessionId":"0d0cc8","hypothesisId":"A","location":"StatisticsUiHelper.OnStatisticsTabDrawItem","message":"draw","data":{"index":0,"bw":124,"bh":30,"tabW":1689,"selected":false},"timestamp":1780236399915}
{"sessionId":"0d0cc8","hypothesisId":"A","location":"StatisticsUiHelper.OnStatisticsTabDrawItem","message":"draw","data":{"index":1,"bw":132,"bh":36,"tabW":1689,"selected":true},"timestamp":1780236399918}
{"sessionId":"0d0cc8","hypothesisId":"A","location":"StatisticsUiHelper.OnStatisticsTabDrawItem","message":"draw","data":{"index":0,"bw":124,"bh":30,"tabW":1689,"selected":false},"timestamp":1780236399923}
{"sessionId":"0d0cc8","hypothesisId":"A","location":"StatisticsUiHelper.OnStatisticsTabDrawItem","message":"draw","data":{"index":2,"bw":124,"bh":30,"tabW":1689,"selected":false},"timestamp":1780236399925}
{"sessionId":"0d0cc8","hypothesisId":"A","location":"StatisticsUiHelper.OnStatisticsTabDrawItem","message":"draw","data":{"index":1,"bw":132,"bh":36,"tabW":1689,"selected":true},"timestamp":1780236399927}
{"sessionId":"0d0cc8","hypothesisId":"A","location":"StatisticsUiHelper.OnStatisticsTabDrawItem","message":"draw","data":{"index":0,"bw":124,"bh":30,"tabW":1689,"selected":false},"timestamp":1780236401036}
{"sessionId":"0d0cc8","hypothesisId":"A","location":"StatisticsUiHelper.OnStatisticsTabDrawItem","message":"draw","data":{"index":1,"bw":124,"bh":30,"tabW":1689,"selected":false},"timestamp":1780236401038}
{"sessionId":"0d0cc8","hypothesisId":"A","location":"StatisticsUiHelper.OnStatisticsTabDrawItem","message":"draw","data":{"index":3,"bw":124,"bh":30,"tabW":1689,"selected":false},"timestamp":1780236401043}
{"sessionId":"0d0cc8","hypothesisId":"A","location":"StatisticsUiHelper.OnStatisticsTabDrawItem","message":"draw","data":{"index":2,"bw":132,"bh":36,"tabW":1689,"selected":true},"timestamp":1780236401045}
{"sessionId":"0d0cc8","hypothesisId":"A","location":"StatisticsUiHelper.OnStatisticsTabDrawItem","message":"draw","data":{"index":1,"bw":124,"bh":30,"tabW":1689,"selected":false},"timestamp":1780236401800}
{"sessionId":"0d0cc8","hypothesisId":"A","location":"StatisticsUiHelper.OnStatisticsTabDrawItem","message":"draw","data":{"index":2,"bw":124,"bh":30,"tabW":1689,"selected":false},"timestamp":1780236401802}
{"sessionId":"0d0cc8","hypothesisId":"A","location":"StatisticsUiHelper.OnStatisticsTabDrawItem","message":"draw","data":{"index":4,"bw":124,"bh":30,"tabW":1689,"selected":false},"timestamp":1780236401804}
{"sessionId":"0d0cc8","hypothesisId":"A","location":"StatisticsUiHelper.OnStatisticsTabDrawItem","message":"draw","data":{"index":3,"bw":132,"bh":36,"tabW":1689,"selected":true},"timestamp":1780236401807}
{"sessionId":"0d0cc8","hypothesisId":"A","location":"StatisticsUiHelper.OnStatisticsTabDrawItem","message":"draw","data":{"index":2,"bw":124,"bh":30,"tabW":1689,"selected":false},"timestamp":1780236404344}
{"sessionId":"0d0cc8","hypothesisId":"A","location":"StatisticsUiHelper.OnStatisticsTabDrawItem","message":"draw","data":{"index":3,"bw":124,"bh":30,"tabW":1689,"selected":false},"timestamp":1780236404347}
{"sessionId":"0d0cc8","hypothesisId":"A","location":"StatisticsUiHelper.OnStatisticsTabDrawItem","message":"draw","data":{"index":5,"bw":124,"bh":30,"tabW":1689,"selected":false},"timestamp":1780236404349}
{"sessionId":"0d0cc8","hypothesisId":"A","location":"StatisticsUiHelper.OnStatisticsTabDrawItem","message":"draw","data":{"index":4,"bw":132,"bh":36,"tabW":1689,"selected":true},"timestamp":1780236404350}
{"sessionId":"0d0cc8","hypothesisId":"A","location":"StatisticsUiHelper.OnStatisticsTabDrawItem","message":"draw","data":{"index":3,"bw":124,"bh":30,"tabW":1689,"selected":false},"timestamp":1780236408539}
{"sessionId":"0d0cc8","hypothesisId":"A","location":"StatisticsUiHelper.OnStatisticsTabDrawItem","message":"draw","data":{"index":4,"bw":124,"bh":30,"tabW":1689,"selected":false},"timestamp":1780236408545}
{"sessionId":"0d0cc8","hypothesisId":"A","location":"StatisticsUiHelper.OnStatisticsTabDrawItem","message":"draw","data":{"index":5,"bw":132,"bh":36,"tabW":1689,"selected":true},"timestamp":1780236408546}
{"sessionId":"0d0cc8","hypothesisId":"A","location":"StatisticsUiHelper.OnStatisticsTabDrawItem","message":"draw","data":{"index":4,"bw":124,"bh":30,"tabW":1689,"selected":false},"timestamp":1780236411782}
{"sessionId":"0d0cc8","hypothesisId":"A","location":"StatisticsUiHelper.OnStatisticsTabDrawItem","message":"draw","data":{"index":5,"bw":132,"bh":36,"tabW":1689,"selected":true},"timestamp":1780236411784}
{"sessionId":"0d0cc8","hypothesisId":"C","location":"StatisticsForm.InitializeForm","message":"start","data":{},"timestamp":1780236633753}
{"sessionId":"0d0cc8","hypothesisId":"C","location":"StatisticsForm.InitializeForm","message":"afterPopulate","data":{"tabCount":6},"timestamp":1780236633848}
{"sessionId":"0d0cc8","hypothesisId":"C","location":"StatisticsForm.InitializeForm","message":"afterChrome","data":{},"timestamp":1780236633851}
{"sessionId":"0d0cc8","hypothesisId":"B","location":"StatisticsUiHelper.ApplyPremiumGridStyle","message":"ok","data":{"grid":"","colCount":3},"timestamp":1780236633884}
{"sessionId":"0d0cc8","hypothesisId":"B","location":"StatisticsUiHelper.ApplyPremiumGridStyle","message":"ok","data":{"grid":"","colCount":6},"timestamp":1780236633885}
{"sessionId":"0d0cc8","hypothesisId":"B","location":"StatisticsUiHelper.ApplyPremiumGridStyle","message":"ok","data":{"grid":"","colCount":6},"timestamp":1780236633887}
{"sessionId":"0d0cc8","hypothesisId":"B","location":"StatisticsUiHelper.ApplyPremiumGridStyle","message":"ok","data":{"grid":"","colCount":8},"timestamp":1780236633888}
{"sessionId":"0d0cc8","hypothesisId":"B","location":"StatisticsUiHelper.ApplyPremiumGridStyle","message":"ok","data":{"grid":"","colCount":7},"timestamp":1780236633889}
{"sessionId":"0d0cc8","hypothesisId":"B","location":"StatisticsUiHelper.ApplyPremiumGridStyle","message":"ok","data":{"grid":"dgvByClient","colCount":13},"timestamp":1780236633894}
{"sessionId":"0d0cc8","hypothesisId":"B","location":"StatisticsUiHelper.ApplyPremiumGridStyle","message":"ok","data":{"grid":"dgvByClient","colCount":13},"timestamp":1780236633896}
{"sessionId":"0d0cc8","hypothesisId":"C","location":"StatisticsForm.InitializeForm","message":"afterGridStyles","data":{"runId":"post-fix"},"timestamp":1780236633897}
{"sessionId":"0d0cc8","hypothesisId":"C","location":"StatisticsForm.InitializeForm","message":"complete","data":{},"timestamp":1780236633901}
{"sessionId":"0d0cc8","hypothesisId":"B","location":"StatisticsUiHelper.ApplyPremiumGridStyle","message":"ok","data":{"grid":"","colCount":3},"timestamp":1780236634341}
{"sessionId":"0d0cc8","hypothesisId":"B","location":"StatisticsUiHelper.ApplyPremiumGridStyle","message":"ok","data":{"grid":"","colCount":6},"timestamp":1780236634378}
{"sessionId":"0d0cc8","hypothesisId":"B","location":"StatisticsUiHelper.ApplyPremiumGridStyle","message":"ok","data":{"grid":"","colCount":6},"timestamp":1780236634382}
{"sessionId":"0d0cc8","hypothesisId":"B","location":"StatisticsUiHelper.ApplyPremiumGridStyle","message":"ok","data":{"grid":"","colCount":8},"timestamp":1780236634389}
{"sessionId":"0d0cc8","hypothesisId":"B","location":"StatisticsUiHelper.ApplyPremiumGridStyle","message":"ok","data":{"grid":"","colCount":7},"timestamp":1780236634400}
{"sessionId":"0d0cc8","hypothesisId":"B","location":"StatisticsUiHelper.ApplyPremiumGridStyle","message":"ok","data":{"grid":"dgvByClient","colCount":13},"timestamp":1780236634410}
{"sessionId":"0d0cc8","hypothesisId":"A","location":"StatisticsUiHelper.OnStatisticsTabDrawItem","message":"draw","data":{"index":1,"bw":124,"bh":30,"tabW":1689,"selected":false},"timestamp":1780236634421}
{"sessionId":"0d0cc8","hypothesisId":"A","location":"StatisticsUiHelper.OnStatisticsTabDrawItem","message":"draw","data":{"index":2,"bw":124,"bh":30,"tabW":1689,"selected":false},"timestamp":1780236634427}
{"sessionId":"0d0cc8","hypothesisId":"A","location":"StatisticsUiHelper.OnStatisticsTabDrawItem","message":"draw","data":{"index":3,"bw":124,"bh":30,"tabW":1689,"selected":false},"timestamp":1780236634429}
{"sessionId":"0d0cc8","hypothesisId":"A","location":"StatisticsUiHelper.OnStatisticsTabDrawItem","message":"draw","data":{"index":4,"bw":124,"bh":30,"tabW":1689,"selected":false},"timestamp":1780236634430}
{"sessionId":"0d0cc8","hypothesisId":"A","location":"StatisticsUiHelper.OnStatisticsTabDrawItem","message":"draw","data":{"index":5,"bw":124,"bh":30,"tabW":1689,"selected":false},"timestamp":1780236634431}
{"sessionId":"0d0cc8","hypothesisId":"A","location":"StatisticsUiHelper.OnStatisticsTabDrawItem","message":"draw","data":{"index":0,"bw":132,"bh":36,"tabW":1689,"selected":true},"timestamp":1780236634437}
{"sessionId":"0d0cc8","hypothesisId":"A","location":"StatisticsUiHelper.OnStatisticsTabDrawItem","message":"draw","data":{"index":1,"bw":124,"bh":30,"tabW":1689,"selected":false},"timestamp":1780236634452}
{"sessionId":"0d0cc8","hypothesisId":"A","location":"StatisticsUiHelper.OnStatisticsTabDrawItem","message":"draw","data":{"index":2,"bw":124,"bh":30,"tabW":1689,"selected":false},"timestamp":1780236634454}
{"sessionId":"0d0cc8","hypothesisId":"A","location":"StatisticsUiHelper.OnStatisticsTabDrawItem","message":"draw","data":{"index":3,"bw":124,"bh":30,"tabW":1689,"selected":false},"timestamp":1780236634455}
{"sessionId":"0d0cc8","hypothesisId":"A","location":"StatisticsUiHelper.OnStatisticsTabDrawItem","message":"draw","data":{"index":4,"bw":124,"bh":30,"tabW":1689,"selected":false},"timestamp":1780236634458}
{"sessionId":"0d0cc8","hypothesisId":"A","location":"StatisticsUiHelper.OnStatisticsTabDrawItem","message":"draw","data":{"index":5,"bw":124,"bh":30,"tabW":1689,"selected":false},"timestamp":1780236634460}
{"sessionId":"0d0cc8","hypothesisId":"A","location":"StatisticsUiHelper.OnStatisticsTabDrawItem","message":"draw","data":{"index":0,"bw":132,"bh":36,"tabW":1689,"selected":true},"timestamp":1780236634462}
{"sessionId":"0d0cc8","hypothesisId":"A","location":"StatisticsUiHelper.OnStatisticsTabDrawItem","message":"draw","data":{"index":0,"bw":124,"bh":30,"tabW":1689,"selected":false},"timestamp":1780236637109}
{"sessionId":"0d0cc8","hypothesisId":"A","location":"StatisticsUiHelper.OnStatisticsTabDrawItem","message":"draw","data":{"index":1,"bw":132,"bh":36,"tabW":1689,"selected":true},"timestamp":1780236637112}
{"sessionId":"0d0cc8","hypothesisId":"A","location":"StatisticsUiHelper.OnStatisticsTabDrawItem","message":"draw","data":{"index":0,"bw":124,"bh":30,"tabW":1689,"selected":false},"timestamp":1780236637119}
{"sessionId":"0d0cc8","hypothesisId":"A","location":"StatisticsUiHelper.OnStatisticsTabDrawItem","message":"draw","data":{"index":2,"bw":124,"bh":30,"tabW":1689,"selected":false},"timestamp":1780236637120}
{"sessionId":"0d0cc8","hypothesisId":"A","location":"StatisticsUiHelper.OnStatisticsTabDrawItem","message":"draw","data":{"index":1,"bw":132,"bh":36,"tabW":1689,"selected":true},"timestamp":1780236637122}
{"sessionId":"0d0cc8","hypothesisId":"A","location":"StatisticsUiHelper.OnStatisticsTabDrawItem","message":"draw","data":{"index":0,"bw":124,"bh":30,"tabW":1689,"selected":false},"timestamp":1780236638892}
{"sessionId":"0d0cc8","hypothesisId":"A","location":"StatisticsUiHelper.OnStatisticsTabDrawItem","message":"draw","data":{"index":1,"bw":124,"bh":30,"tabW":1689,"selected":false},"timestamp":1780236638897}
{"sessionId":"0d0cc8","hypothesisId":"A","location":"StatisticsUiHelper.OnStatisticsTabDrawItem","message":"draw","data":{"index":3,"bw":124,"bh":30,"tabW":1689,"selected":false},"timestamp":1780236638899}
{"sessionId":"0d0cc8","hypothesisId":"A","location":"StatisticsUiHelper.OnStatisticsTabDrawItem","message":"draw","data":{"index":2,"bw":132,"bh":36,"tabW":1689,"selected":true},"timestamp":1780236638901}
{"sessionId":"0d0cc8","hypothesisId":"A","location":"StatisticsUiHelper.OnStatisticsTabDrawItem","message":"draw","data":{"index":1,"bw":124,"bh":30,"tabW":1689,"selected":false},"timestamp":1780236639453}
{"sessionId":"0d0cc8","hypothesisId":"A","location":"StatisticsUiHelper.OnStatisticsTabDrawItem","message":"draw","data":{"index":2,"bw":124,"bh":30,"tabW":1689,"selected":false},"timestamp":1780236639457}
{"sessionId":"0d0cc8","hypothesisId":"A","location":"StatisticsUiHelper.OnStatisticsTabDrawItem","message":"draw","data":{"index":4,"bw":124,"bh":30,"tabW":1689,"selected":false},"timestamp":1780236639459}
{"sessionId":"0d0cc8","hypothesisId":"A","location":"StatisticsUiHelper.OnStatisticsTabDrawItem","message":"draw","data":{"index":3,"bw":132,"bh":36,"tabW":1689,"selected":true},"timestamp":1780236639460}
{"sessionId":"0d0cc8","hypothesisId":"A","location":"StatisticsUiHelper.OnStatisticsTabDrawItem","message":"draw","data":{"index":2,"bw":124,"bh":30,"tabW":1689,"selected":false},"timestamp":1780236646216}
{"sessionId":"0d0cc8","hypothesisId":"A","location":"StatisticsUiHelper.OnStatisticsTabDrawItem","message":"draw","data":{"index":3,"bw":124,"bh":30,"tabW":1689,"selected":false},"timestamp":1780236646221}
{"sessionId":"0d0cc8","hypothesisId":"A","location":"StatisticsUiHelper.OnStatisticsTabDrawItem","message":"draw","data":{"index":5,"bw":124,"bh":30,"tabW":1689,"selected":false},"timestamp":1780236646224}
{"sessionId":"0d0cc8","hypothesisId":"A","location":"StatisticsUiHelper.OnStatisticsTabDrawItem","message":"draw","data":{"index":4,"bw":132,"bh":36,"tabW":1689,"selected":true},"timestamp":1780236646226}
{"sessionId":"0d0cc8","hypothesisId":"A","location":"StatisticsUiHelper.OnStatisticsTabDrawItem","message":"draw","data":{"index":3,"bw":124,"bh":30,"tabW":1689,"selected":false},"timestamp":1780236648746}
{"sessionId":"0d0cc8","hypothesisId":"A","location":"StatisticsUiHelper.OnStatisticsTabDrawItem","message":"draw","data":{"index":4,"bw":124,"bh":30,"tabW":1689,"selected":false},"timestamp":1780236648749}
{"sessionId":"0d0cc8","hypothesisId":"A","location":"StatisticsUiHelper.OnStatisticsTabDrawItem","message":"draw","data":{"index":5,"bw":132,"bh":36,"tabW":1689,"selected":true},"timestamp":1780236648751}
{"sessionId":"0d0cc8","hypothesisId":"A","location":"StatisticsUiHelper.OnStatisticsTabDrawItem","message":"draw","data":{"index":4,"bw":124,"bh":30,"tabW":1689,"selected":false},"timestamp":1780236651171}
{"sessionId":"0d0cc8","hypothesisId":"A","location":"StatisticsUiHelper.OnStatisticsTabDrawItem","message":"draw","data":{"index":5,"bw":132,"bh":36,"tabW":1689,"selected":true},"timestamp":1780236651173}
{"sessionId":"0d0cc8","hypothesisId":"B","location":"StatisticsUiHelper.ApplyPremiumGridStyle","message":"ok","data":{"grid":"dgvByClient","colCount":13},"timestamp":1780236654656}
{"sessionId":"0d0cc8","hypothesisId":"B","location":"StatisticsUiHelper.ApplyPremiumGridStyle","message":"ok","data":{"grid":"dgvByClient","colCount":13},"timestamp":1780236658401}
{"sessionId":"0d0cc8","hypothesisId":"A","location":"StatisticsUiHelper.OnStatisticsTabDrawItem","message":"draw","data":{"index":0,"bw":124,"bh":30,"tabW":1689,"selected":false},"timestamp":1780236661557}
{"sessionId":"0d0cc8","hypothesisId":"A","location":"StatisticsUiHelper.OnStatisticsTabDrawItem","message":"draw","data":{"index":1,"bw":124,"bh":30,"tabW":1689,"selected":false},"timestamp":1780236661560}
{"sessionId":"0d0cc8","hypothesisId":"A","location":"StatisticsUiHelper.OnStatisticsTabDrawItem","message":"draw","data":{"index":2,"bw":124,"bh":30,"tabW":1689,"selected":false},"timestamp":1780236661562}
{"sessionId":"0d0cc8","hypothesisId":"A","location":"StatisticsUiHelper.OnStatisticsTabDrawItem","message":"draw","data":{"index":3,"bw":124,"bh":30,"tabW":1689,"selected":false},"timestamp":1780236661563}
{"sessionId":"0d0cc8","hypothesisId":"A","location":"StatisticsUiHelper.OnStatisticsTabDrawItem","message":"draw","data":{"index":4,"bw":124,"bh":30,"tabW":1689,"selected":false},"timestamp":1780236661565}
{"sessionId":"0d0cc8","hypothesisId":"A","location":"StatisticsUiHelper.OnStatisticsTabDrawItem","message":"draw","data":{"index":5,"bw":132,"bh":36,"tabW":1689,"selected":true},"timestamp":1780236661569}
{"sessionId":"0d0cc8","hypothesisId":"B","location":"StatisticsUiHelper.ApplyPremiumGridStyle","message":"ok","data":{"grid":"dgvByClient","colCount":13},"timestamp":1780236661651}
{"sessionId":"0d0cc8","hypothesisId":"B","location":"StatisticsUiHelper.ApplyPremiumGridStyle","message":"ok","data":{"grid":"dgvByClient","colCount":13},"timestamp":1780236666742}
{"sessionId":"0d0cc8","hypothesisId":"B","location":"StatisticsUiHelper.ApplyPremiumGridStyle","message":"ok","data":{"grid":"dgvByClient","colCount":13},"timestamp":1780236670248}
{"sessionId":"0d0cc8","hypothesisId":"B","location":"StatisticsUiHelper.ApplyPremiumGridStyle","message":"ok","data":{"grid":"dgvByClient","colCount":13},"timestamp":1780236698272}
{"sessionId":"0d0cc8","hypothesisId":"B","location":"StatisticsUiHelper.ApplyPremiumGridStyle","message":"ok","data":{"grid":"dgvByClient","colCount":13},"timestamp":1780236702371}
{"sessionId":"0d0cc8","hypothesisId":"C","location":"StatisticsForm.InitializeForm","message":"start","data":{},"timestamp":1780236847027}
{"sessionId":"0d0cc8","hypothesisId":"C","location":"StatisticsForm.InitializeForm","message":"afterPopulate","data":{"tabCount":6},"timestamp":1780236847116}
{"sessionId":"0d0cc8","hypothesisId":"C","location":"StatisticsForm.InitializeForm","message":"afterChrome","data":{},"timestamp":1780236847119}
{"sessionId":"0d0cc8","hypothesisId":"B","location":"StatisticsUiHelper.ApplyPremiumGridStyle","message":"ok","data":{"grid":"","colCount":3},"timestamp":1780236847154}
{"sessionId":"0d0cc8","hypothesisId":"B","location":"StatisticsUiHelper.ApplyPremiumGridStyle","message":"ok","data":{"grid":"","colCount":6},"timestamp":1780236847156}
{"sessionId":"0d0cc8","hypothesisId":"B","location":"StatisticsUiHelper.ApplyPremiumGridStyle","message":"ok","data":{"grid":"","colCount":6},"timestamp":1780236847157}
{"sessionId":"0d0cc8","hypothesisId":"B","location":"StatisticsUiHelper.ApplyPremiumGridStyle","message":"ok","data":{"grid":"","colCount":8},"timestamp":1780236847158}
{"sessionId":"0d0cc8","hypothesisId":"B","location":"StatisticsUiHelper.ApplyPremiumGridStyle","message":"ok","data":{"grid":"","colCount":7},"timestamp":1780236847160}
{"sessionId":"0d0cc8","hypothesisId":"B","location":"StatisticsUiHelper.ApplyPremiumGridStyle","message":"ok","data":{"grid":"dgvByClient","colCount":13},"timestamp":1780236847166}
{"sessionId":"0d0cc8","hypothesisId":"B","location":"StatisticsUiHelper.ApplyPremiumGridStyle","message":"ok","data":{"grid":"dgvByClient","colCount":13},"timestamp":1780236847167}
{"sessionId":"0d0cc8","hypothesisId":"C","location":"StatisticsForm.InitializeForm","message":"afterGridStyles","data":{"runId":"post-fix"},"timestamp":1780236847168}
{"sessionId":"0d0cc8","hypothesisId":"C","location":"StatisticsForm.InitializeForm","message":"complete","data":{},"timestamp":1780236847173}
{"sessionId":"0d0cc8","hypothesisId":"B","location":"StatisticsUiHelper.ApplyPremiumGridStyle","message":"ok","data":{"grid":"","colCount":3},"timestamp":1780236847635}
{"sessionId":"0d0cc8","hypothesisId":"B","location":"StatisticsUiHelper.ApplyPremiumGridStyle","message":"ok","data":{"grid":"","colCount":6},"timestamp":1780236847663}
{"sessionId":"0d0cc8","hypothesisId":"B","location":"StatisticsUiHelper.ApplyPremiumGridStyle","message":"ok","data":{"grid":"","colCount":6},"timestamp":1780236847670}
{"sessionId":"0d0cc8","hypothesisId":"B","location":"StatisticsUiHelper.ApplyPremiumGridStyle","message":"ok","data":{"grid":"","colCount":8},"timestamp":1780236847677}
{"sessionId":"0d0cc8","hypothesisId":"B","location":"StatisticsUiHelper.ApplyPremiumGridStyle","message":"ok","data":{"grid":"","colCount":7},"timestamp":1780236847685}
{"sessionId":"0d0cc8","hypothesisId":"B","location":"StatisticsUiHelper.ApplyPremiumGridStyle","message":"ok","data":{"grid":"dgvByClient","colCount":13},"timestamp":1780236847695}
{"sessionId":"0d0cc8","hypothesisId":"A","location":"StatisticsUiHelper.OnStatisticsTabDrawItem","message":"draw","data":{"index":1,"bw":124,"bh":30,"tabW":1689,"selected":false},"timestamp":1780236847706}
{"sessionId":"0d0cc8","hypothesisId":"A","location":"StatisticsUiHelper.OnStatisticsTabDrawItem","message":"draw","data":{"index":2,"bw":124,"bh":30,"tabW":1689,"selected":false},"timestamp":1780236847709}
{"sessionId":"0d0cc8","hypothesisId":"A","location":"StatisticsUiHelper.OnStatisticsTabDrawItem","message":"draw","data":{"index":3,"bw":124,"bh":30,"tabW":1689,"selected":false},"timestamp":1780236847710}
{"sessionId":"0d0cc8","hypothesisId":"A","location":"StatisticsUiHelper.OnStatisticsTabDrawItem","message":"draw","data":{"index":4,"bw":124,"bh":30,"tabW":1689,"selected":false},"timestamp":1780236847712}
{"sessionId":"0d0cc8","hypothesisId":"A","location":"StatisticsUiHelper.OnStatisticsTabDrawItem","message":"draw","data":{"index":5,"bw":124,"bh":30,"tabW":1689,"selected":false},"timestamp":1780236847714}
{"sessionId":"0d0cc8","hypothesisId":"A","location":"StatisticsUiHelper.OnStatisticsTabDrawItem","message":"draw","data":{"index":0,"bw":132,"bh":36,"tabW":1689,"selected":true},"timestamp":1780236847716}
{"sessionId":"0d0cc8","hypothesisId":"A","location":"StatisticsUiHelper.OnStatisticsTabDrawItem","message":"draw","data":{"index":1,"bw":124,"bh":30,"tabW":1689,"selected":false},"timestamp":1780236847727}
{"sessionId":"0d0cc8","hypothesisId":"A","location":"StatisticsUiHelper.OnStatisticsTabDrawItem","message":"draw","data":{"index":2,"bw":124,"bh":30,"tabW":1689,"selected":false},"timestamp":1780236847730}
{"sessionId":"0d0cc8","hypothesisId":"A","location":"StatisticsUiHelper.OnStatisticsTabDrawItem","message":"draw","data":{"index":3,"bw":124,"bh":30,"tabW":1689,"selected":false},"timestamp":1780236847731}
{"sessionId":"0d0cc8","hypothesisId":"A","location":"StatisticsUiHelper.OnStatisticsTabDrawItem","message":"draw","data":{"index":4,"bw":124,"bh":30,"tabW":1689,"selected":false},"timestamp":1780236847732}
{"sessionId":"0d0cc8","hypothesisId":"A","location":"StatisticsUiHelper.OnStatisticsTabDrawItem","message":"draw","data":{"index":5,"bw":124,"bh":30,"tabW":1689,"selected":false},"timestamp":1780236847733}
{"sessionId":"0d0cc8","hypothesisId":"A","location":"StatisticsUiHelper.OnStatisticsTabDrawItem","message":"draw","data":{"index":0,"bw":132,"bh":36,"tabW":1689,"selected":true},"timestamp":1780236847734}
{"sessionId":"0d0cc8","hypothesisId":"A","location":"StatisticsUiHelper.OnStatisticsTabDrawItem","message":"draw","data":{"index":0,"bw":124,"bh":30,"tabW":1689,"selected":false},"timestamp":1780236849448}
{"sessionId":"0d0cc8","hypothesisId":"A","location":"StatisticsUiHelper.OnStatisticsTabDrawItem","message":"draw","data":{"index":1,"bw":124,"bh":30,"tabW":1689,"selected":false},"timestamp":1780236849450}
{"sessionId":"0d0cc8","hypothesisId":"A","location":"StatisticsUiHelper.OnStatisticsTabDrawItem","message":"draw","data":{"index":0,"bw":124,"bh":30,"tabW":1689,"selected":false},"timestamp":1780236849451}
{"sessionId":"0d0cc8","hypothesisId":"A","location":"StatisticsUiHelper.OnStatisticsTabDrawItem","message":"draw","data":{"index":1,"bw":124,"bh":30,"tabW":1689,"selected":false},"timestamp":1780236849452}
{"sessionId":"0d0cc8","hypothesisId":"A","location":"StatisticsUiHelper.OnStatisticsTabDrawItem","message":"draw","data":{"index":2,"bw":124,"bh":30,"tabW":1689,"selected":false},"timestamp":1780236849453}
{"sessionId":"0d0cc8","hypothesisId":"A","location":"StatisticsUiHelper.OnStatisticsTabDrawItem","message":"draw","data":{"index":3,"bw":124,"bh":30,"tabW":1689,"selected":false},"timestamp":1780236849454}
{"sessionId":"0d0cc8","hypothesisId":"A","location":"StatisticsUiHelper.OnStatisticsTabDrawItem","message":"draw","data":{"index":4,"bw":124,"bh":30,"tabW":1689,"selected":false},"timestamp":1780236849455}
{"sessionId":"0d0cc8","hypothesisId":"A","location":"StatisticsUiHelper.OnStatisticsTabDrawItem","message":"draw","data":{"index":5,"bw":132,"bh":36,"tabW":1689,"selected":true},"timestamp":1780236849456}
{"sessionId":"0d0cc8","hypothesisId":"A","location":"StatisticsUiHelper.OnStatisticsTabDrawItem","message":"draw","data":{"index":4,"bw":124,"bh":30,"tabW":1689,"selected":false},"timestamp":1780236851754}
{"sessionId":"0d0cc8","hypothesisId":"A","location":"StatisticsUiHelper.OnStatisticsTabDrawItem","message":"draw","data":{"index":5,"bw":132,"bh":36,"tabW":1689,"selected":true},"timestamp":1780236851756}
{"sessionId":"0d0cc8","hypothesisId":"A","location":"StatisticsUiHelper.OnStatisticsTabDrawItem","message":"draw","data":{"index":0,"bw":124,"bh":30,"tabW":1689,"selected":false},"timestamp":1780236856046}
{"sessionId":"0d0cc8","hypothesisId":"A","location":"StatisticsUiHelper.OnStatisticsTabDrawItem","message":"draw","data":{"index":1,"bw":124,"bh":30,"tabW":1689,"selected":false},"timestamp":1780236856049}
{"sessionId":"0d0cc8","hypothesisId":"A","location":"StatisticsUiHelper.OnStatisticsTabDrawItem","message":"draw","data":{"index":2,"bw":124,"bh":30,"tabW":1689,"selected":false},"timestamp":1780236856051}
{"sessionId":"0d0cc8","hypothesisId":"A","location":"StatisticsUiHelper.OnStatisticsTabDrawItem","message":"draw","data":{"index":3,"bw":124,"bh":30,"tabW":1689,"selected":false},"timestamp":1780236856054}
{"sessionId":"0d0cc8","hypothesisId":"A","location":"StatisticsUiHelper.OnStatisticsTabDrawItem","message":"draw","data":{"index":4,"bw":124,"bh":30,"tabW":1689,"selected":false},"timestamp":1780236856058}
{"sessionId":"0d0cc8","hypothesisId":"A","location":"StatisticsUiHelper.OnStatisticsTabDrawItem","message":"draw","data":{"index":5,"bw":132,"bh":36,"tabW":1689,"selected":true},"timestamp":1780236856060}
{"sessionId":"0d0cc8","hypothesisId":"B","location":"StatisticsUiHelper.ApplyPremiumGridStyle","message":"ok","data":{"grid":"dgvByClient","colCount":13},"timestamp":1780236856197}
{"sessionId":"0d0cc8","hypothesisId":"B","location":"StatisticsUiHelper.ApplyPremiumGridStyle","message":"ok","data":{"grid":"dgvByClient","colCount":13},"timestamp":1780236860393}
{"sessionId":"0d0cc8","hypothesisId":"A","location":"StatisticsUiHelper.OnStatisticsTabDrawItem","message":"draw","data":{"index":5,"bw":124,"bh":30,"tabW":1689,"selected":false},"timestamp":1780236863867}
{"sessionId":"0d0cc8","hypothesisId":"A","location":"StatisticsUiHelper.OnStatisticsTabDrawItem","message":"draw","data":{"index":4,"bw":132,"bh":36,"tabW":1689,"selected":true},"timestamp":1780236863869}
{"sessionId":"0d0cc8","hypothesisId":"A","location":"StatisticsUiHelper.OnStatisticsTabDrawItem","message":"draw","data":{"index":3,"bw":124,"bh":30,"tabW":1689,"selected":false},"timestamp":1780236863872}
{"sessionId":"0d0cc8","hypothesisId":"A","location":"StatisticsUiHelper.OnStatisticsTabDrawItem","message":"draw","data":{"index":5,"bw":124,"bh":30,"tabW":1689,"selected":false},"timestamp":1780236863874}
{"sessionId":"0d0cc8","hypothesisId":"A","location":"StatisticsUiHelper.OnStatisticsTabDrawItem","message":"draw","data":{"index":4,"bw":132,"bh":36,"tabW":1689,"selected":true},"timestamp":1780236863876}
{"sessionId":"0d0cc8","hypothesisId":"A","location":"StatisticsUiHelper.OnStatisticsTabDrawItem","message":"draw","data":{"index":3,"bw":124,"bh":30,"tabW":1689,"selected":false},"timestamp":1780236865687}
{"sessionId":"0d0cc8","hypothesisId":"A","location":"StatisticsUiHelper.OnStatisticsTabDrawItem","message":"draw","data":{"index":4,"bw":124,"bh":30,"tabW":1689,"selected":false},"timestamp":1780236865689}
{"sessionId":"0d0cc8","hypothesisId":"A","location":"StatisticsUiHelper.OnStatisticsTabDrawItem","message":"draw","data":{"index":5,"bw":132,"bh":36,"tabW":1689,"selected":true},"timestamp":1780236865691}
{"sessionId":"0d0cc8","hypothesisId":"A","location":"StatisticsUiHelper.OnStatisticsTabDrawItem","message":"draw","data":{"index":4,"bw":124,"bh":30,"tabW":1689,"selected":false},"timestamp":1780236870485}
{"sessionId":"0d0cc8","hypothesisId":"A","location":"StatisticsUiHelper.OnStatisticsTabDrawItem","message":"draw","data":{"index":5,"bw":132,"bh":36,"tabW":1689,"selected":true},"timestamp":1780236870487}
{"sessionId":"0d0cc8","hypothesisId":"C","location":"StatisticsForm.InitializeForm","message":"start","data":{},"timestamp":1780236887682}
{"sessionId":"0d0cc8","hypothesisId":"C","location":"StatisticsForm.InitializeForm","message":"afterPopulate","data":{"tabCount":6},"timestamp":1780236887697}
{"sessionId":"0d0cc8","hypothesisId":"C","location":"StatisticsForm.InitializeForm","message":"afterChrome","data":{},"timestamp":1780236887698}
{"sessionId":"0d0cc8","hypothesisId":"B","location":"StatisticsUiHelper.ApplyPremiumGridStyle","message":"ok","data":{"grid":"","colCount":3},"timestamp":1780236887700}
{"sessionId":"0d0cc8","hypothesisId":"B","location":"StatisticsUiHelper.ApplyPremiumGridStyle","message":"ok","data":{"grid":"","colCount":6},"timestamp":1780236887700}
{"sessionId":"0d0cc8","hypothesisId":"B","location":"StatisticsUiHelper.ApplyPremiumGridStyle","message":"ok","data":{"grid":"","colCount":6},"timestamp":1780236887702}
{"sessionId":"0d0cc8","hypothesisId":"B","location":"StatisticsUiHelper.ApplyPremiumGridStyle","message":"ok","data":{"grid":"","colCount":8},"timestamp":1780236887704}
{"sessionId":"0d0cc8","hypothesisId":"B","location":"StatisticsUiHelper.ApplyPremiumGridStyle","message":"ok","data":{"grid":"","colCount":7},"timestamp":1780236887705}
{"sessionId":"0d0cc8","hypothesisId":"B","location":"StatisticsUiHelper.ApplyPremiumGridStyle","message":"ok","data":{"grid":"dgvByClient","colCount":13},"timestamp":1780236887708}
{"sessionId":"0d0cc8","hypothesisId":"B","location":"StatisticsUiHelper.ApplyPremiumGridStyle","message":"ok","data":{"grid":"dgvByClient","colCount":13},"timestamp":1780236887708}
{"sessionId":"0d0cc8","hypothesisId":"C","location":"StatisticsForm.InitializeForm","message":"afterGridStyles","data":{"runId":"post-fix"},"timestamp":1780236887709}
{"sessionId":"0d0cc8","hypothesisId":"C","location":"StatisticsForm.InitializeForm","message":"complete","data":{},"timestamp":1780236887716}
{"sessionId":"0d0cc8","hypothesisId":"B","location":"StatisticsUiHelper.ApplyPremiumGridStyle","message":"ok","data":{"grid":"","colCount":3},"timestamp":1780236887997}
{"sessionId":"0d0cc8","hypothesisId":"B","location":"StatisticsUiHelper.ApplyPremiumGridStyle","message":"ok","data":{"grid":"","colCount":6},"timestamp":1780236888010}
{"sessionId":"0d0cc8","hypothesisId":"B","location":"StatisticsUiHelper.ApplyPremiumGridStyle","message":"ok","data":{"grid":"","colCount":6},"timestamp":1780236888014}
{"sessionId":"0d0cc8","hypothesisId":"B","location":"StatisticsUiHelper.ApplyPremiumGridStyle","message":"ok","data":{"grid":"","colCount":8},"timestamp":1780236888025}
{"sessionId":"0d0cc8","hypothesisId":"B","location":"StatisticsUiHelper.ApplyPremiumGridStyle","message":"ok","data":{"grid":"","colCount":7},"timestamp":1780236888031}
{"sessionId":"0d0cc8","hypothesisId":"B","location":"StatisticsUiHelper.ApplyPremiumGridStyle","message":"ok","data":{"grid":"dgvByClient","colCount":13},"timestamp":1780236888038}
{"sessionId":"0d0cc8","hypothesisId":"A","location":"StatisticsUiHelper.OnStatisticsTabDrawItem","message":"draw","data":{"index":1,"bw":124,"bh":30,"tabW":1689,"selected":false},"timestamp":1780236888046}
{"sessionId":"0d0cc8","hypothesisId":"A","location":"StatisticsUiHelper.OnStatisticsTabDrawItem","message":"draw","data":{"index":2,"bw":124,"bh":30,"tabW":1689,"selected":false},"timestamp":1780236888048}
{"sessionId":"0d0cc8","hypothesisId":"A","location":"StatisticsUiHelper.OnStatisticsTabDrawItem","message":"draw","data":{"index":3,"bw":124,"bh":30,"tabW":1689,"selected":false},"timestamp":1780236888050}
{"sessionId":"0d0cc8","hypothesisId":"A","location":"StatisticsUiHelper.OnStatisticsTabDrawItem","message":"draw","data":{"index":4,"bw":124,"bh":30,"tabW":1689,"selected":false},"timestamp":1780236888052}
{"sessionId":"0d0cc8","hypothesisId":"A","location":"StatisticsUiHelper.OnStatisticsTabDrawItem","message":"draw","data":{"index":5,"bw":124,"bh":30,"tabW":1689,"selected":false},"timestamp":1780236888053}
{"sessionId":"0d0cc8","hypothesisId":"A","location":"StatisticsUiHelper.OnStatisticsTabDrawItem","message":"draw","data":{"index":0,"bw":132,"bh":36,"tabW":1689,"selected":true},"timestamp":1780236888056}
{"sessionId":"0d0cc8","hypothesisId":"A","location":"StatisticsUiHelper.OnStatisticsTabDrawItem","message":"draw","data":{"index":1,"bw":124,"bh":30,"tabW":1689,"selected":false},"timestamp":1780236888068}
{"sessionId":"0d0cc8","hypothesisId":"A","location":"StatisticsUiHelper.OnStatisticsTabDrawItem","message":"draw","data":{"index":2,"bw":124,"bh":30,"tabW":1689,"selected":false},"timestamp":1780236888070}
{"sessionId":"0d0cc8","hypothesisId":"A","location":"StatisticsUiHelper.OnStatisticsTabDrawItem","message":"draw","data":{"index":3,"bw":124,"bh":30,"tabW":1689,"selected":false},"timestamp":1780236888073}
{"sessionId":"0d0cc8","hypothesisId":"A","location":"StatisticsUiHelper.OnStatisticsTabDrawItem","message":"draw","data":{"index":4,"bw":124,"bh":30,"tabW":1689,"selected":false},"timestamp":1780236888074}
{"sessionId":"0d0cc8","hypothesisId":"A","location":"StatisticsUiHelper.OnStatisticsTabDrawItem","message":"draw","data":{"index":5,"bw":124,"bh":30,"tabW":1689,"selected":false},"timestamp":1780236888076}
{"sessionId":"0d0cc8","hypothesisId":"A","location":"StatisticsUiHelper.OnStatisticsTabDrawItem","message":"draw","data":{"index":0,"bw":132,"bh":36,"tabW":1689,"selected":true},"timestamp":1780236888078}
{"sessionId":"0d0cc8","hypothesisId":"A","location":"StatisticsUiHelper.OnStatisticsTabDrawItem","message":"draw","data":{"index":0,"bw":124,"bh":30,"tabW":1689,"selected":false},"timestamp":1780236889687}
{"sessionId":"0d0cc8","hypothesisId":"A","location":"StatisticsUiHelper.OnStatisticsTabDrawItem","message":"draw","data":{"index":1,"bw":124,"bh":30,"tabW":1689,"selected":false},"timestamp":1780236889689}
{"sessionId":"0d0cc8","hypothesisId":"A","location":"StatisticsUiHelper.OnStatisticsTabDrawItem","message":"draw","data":{"index":0,"bw":124,"bh":30,"tabW":1689,"selected":false},"timestamp":1780236889691}
{"sessionId":"0d0cc8","hypothesisId":"A","location":"StatisticsUiHelper.OnStatisticsTabDrawItem","message":"draw","data":{"index":1,"bw":124,"bh":30,"tabW":1689,"selected":false},"timestamp":1780236889692}
{"sessionId":"0d0cc8","hypothesisId":"A","location":"StatisticsUiHelper.OnStatisticsTabDrawItem","message":"draw","data":{"index":2,"bw":124,"bh":30,"tabW":1689,"selected":false},"timestamp":1780236889694}
{"sessionId":"0d0cc8","hypothesisId":"A","location":"StatisticsUiHelper.OnStatisticsTabDrawItem","message":"draw","data":{"index":3,"bw":124,"bh":30,"tabW":1689,"selected":false},"timestamp":1780236889697}
{"sessionId":"0d0cc8","hypothesisId":"A","location":"StatisticsUiHelper.OnStatisticsTabDrawItem","message":"draw","data":{"index":5,"bw":124,"bh":30,"tabW":1689,"selected":false},"timestamp":1780236889698}
{"sessionId":"0d0cc8","hypothesisId":"A","location":"StatisticsUiHelper.OnStatisticsTabDrawItem","message":"draw","data":{"index":4,"bw":132,"bh":36,"tabW":1689,"selected":true},"timestamp":1780236889700}
{"sessionId":"0d0cc8","hypothesisId":"A","location":"StatisticsUiHelper.OnStatisticsTabDrawItem","message":"draw","data":{"index":1,"bw":124,"bh":30,"tabW":1689,"selected":false},"timestamp":1780236890888}
{"sessionId":"0d0cc8","hypothesisId":"A","location":"StatisticsUiHelper.OnStatisticsTabDrawItem","message":"draw","data":{"index":3,"bw":124,"bh":30,"tabW":1689,"selected":false},"timestamp":1780236890892}
{"sessionId":"0d0cc8","hypothesisId":"A","location":"StatisticsUiHelper.OnStatisticsTabDrawItem","message":"draw","data":{"index":4,"bw":124,"bh":30,"tabW":1689,"selected":false},"timestamp":1780236890894}
{"sessionId":"0d0cc8","hypothesisId":"A","location":"StatisticsUiHelper.OnStatisticsTabDrawItem","message":"draw","data":{"index":5,"bw":124,"bh":30,"tabW":1689,"selected":false},"timestamp":1780236890896}
{"sessionId":"0d0cc8","hypothesisId":"A","location":"StatisticsUiHelper.OnStatisticsTabDrawItem","message":"draw","data":{"index":2,"bw":132,"bh":36,"tabW":1689,"selected":true},"timestamp":1780236890897}
{"sessionId":"0d0cc8","hypothesisId":"A","location":"StatisticsUiHelper.OnStatisticsTabDrawItem","message":"draw","data":{"index":0,"bw":124,"bh":30,"tabW":1689,"selected":false},"timestamp":1780236891607}
{"sessionId":"0d0cc8","hypothesisId":"A","location":"StatisticsUiHelper.OnStatisticsTabDrawItem","message":"draw","data":{"index":2,"bw":124,"bh":30,"tabW":1689,"selected":false},"timestamp":1780236891615}
{"sessionId":"0d0cc8","hypothesisId":"A","location":"StatisticsUiHelper.OnStatisticsTabDrawItem","message":"draw","data":{"index":3,"bw":124,"bh":30,"tabW":1689,"selected":false},"timestamp":1780236891617}
{"sessionId":"0d0cc8","hypothesisId":"A","location":"StatisticsUiHelper.OnStatisticsTabDrawItem","message":"draw","data":{"index":1,"bw":132,"bh":36,"tabW":1689,"selected":true},"timestamp":1780236891618}
{"sessionId":"0d0cc8","hypothesisId":"A","location":"StatisticsUiHelper.OnStatisticsTabDrawItem","message":"draw","data":{"index":0,"bw":124,"bh":30,"tabW":1689,"selected":false},"timestamp":1780236892283}
{"sessionId":"0d0cc8","hypothesisId":"A","location":"StatisticsUiHelper.OnStatisticsTabDrawItem","message":"draw","data":{"index":1,"bw":124,"bh":30,"tabW":1689,"selected":false},"timestamp":1780236892286}
{"sessionId":"0d0cc8","hypothesisId":"A","location":"StatisticsUiHelper.OnStatisticsTabDrawItem","message":"draw","data":{"index":3,"bw":124,"bh":30,"tabW":1689,"selected":false},"timestamp":1780236892291}
{"sessionId":"0d0cc8","hypothesisId":"A","location":"StatisticsUiHelper.OnStatisticsTabDrawItem","message":"draw","data":{"index":2,"bw":132,"bh":36,"tabW":1689,"selected":true},"timestamp":1780236892295}
{"sessionId":"0d0cc8","hypothesisId":"A","location":"StatisticsUiHelper.OnStatisticsTabDrawItem","message":"draw","data":{"index":1,"bw":124,"bh":30,"tabW":1689,"selected":false},"timestamp":1780236893497}
{"sessionId":"0d0cc8","hypothesisId":"A","location":"StatisticsUiHelper.OnStatisticsTabDrawItem","message":"draw","data":{"index":2,"bw":124,"bh":30,"tabW":1689,"selected":false},"timestamp":1780236893500}
{"sessionId":"0d0cc8","hypothesisId":"A","location":"StatisticsUiHelper.OnStatisticsTabDrawItem","message":"draw","data":{"index":3,"bw":124,"bh":30,"tabW":1689,"selected":false},"timestamp":1780236893502}
{"sessionId":"0d0cc8","hypothesisId":"A","location":"StatisticsUiHelper.OnStatisticsTabDrawItem","message":"draw","data":{"index":4,"bw":124,"bh":30,"tabW":1689,"selected":false},"timestamp":1780236893505}
{"sessionId":"0d0cc8","hypothesisId":"A","location":"StatisticsUiHelper.OnStatisticsTabDrawItem","message":"draw","data":{"index":5,"bw":132,"bh":36,"tabW":1689,"selected":true},"timestamp":1780236893507}
{"sessionId":"0d0cc8","hypothesisId":"A","location":"StatisticsUiHelper.OnStatisticsTabDrawItem","message":"draw","data":{"index":1,"bw":124,"bh":30,"tabW":1689,"selected":false},"timestamp":1780236894465}
{"sessionId":"0d0cc8","hypothesisId":"A","location":"StatisticsUiHelper.OnStatisticsTabDrawItem","message":"draw","data":{"index":3,"bw":124,"bh":30,"tabW":1689,"selected":false},"timestamp":1780236894468}
{"sessionId":"0d0cc8","hypothesisId":"A","location":"StatisticsUiHelper.OnStatisticsTabDrawItem","message":"draw","data":{"index":4,"bw":124,"bh":30,"tabW":1689,"selected":false},"timestamp":1780236894473}
{"sessionId":"0d0cc8","hypothesisId":"A","location":"StatisticsUiHelper.OnStatisticsTabDrawItem","message":"draw","data":{"index":5,"bw":124,"bh":30,"tabW":1689,"selected":false},"timestamp":1780236894474}
{"sessionId":"0d0cc8","hypothesisId":"A","location":"StatisticsUiHelper.OnStatisticsTabDrawItem","message":"draw","data":{"index":2,"bw":132,"bh":36,"tabW":1689,"selected":true},"timestamp":1780236894476}
{"sessionId":"0d0cc8","hypothesisId":"A","location":"StatisticsUiHelper.OnStatisticsTabDrawItem","message":"draw","data":{"index":1,"bw":124,"bh":30,"tabW":1689,"selected":false},"timestamp":1780236896683}
{"sessionId":"0d0cc8","hypothesisId":"A","location":"StatisticsUiHelper.OnStatisticsTabDrawItem","message":"draw","data":{"index":3,"bw":124,"bh":30,"tabW":1689,"selected":false},"timestamp":1780236896688}
{"sessionId":"0d0cc8","hypothesisId":"A","location":"StatisticsUiHelper.OnStatisticsTabDrawItem","message":"draw","data":{"index":2,"bw":132,"bh":36,"tabW":1689,"selected":true},"timestamp":1780236896691}
{"sessionId":"0d0cc8","hypothesisId":"A","location":"StatisticsUiHelper.OnStatisticsTabDrawItem","message":"draw","data":{"index":1,"bw":124,"bh":30,"tabW":1689,"selected":false},"timestamp":1780236899560}
{"sessionId":"0d0cc8","hypothesisId":"A","location":"StatisticsUiHelper.OnStatisticsTabDrawItem","message":"draw","data":{"index":3,"bw":124,"bh":30,"tabW":1689,"selected":false},"timestamp":1780236899564}
{"sessionId":"0d0cc8","hypothesisId":"A","location":"StatisticsUiHelper.OnStatisticsTabDrawItem","message":"draw","data":{"index":2,"bw":132,"bh":36,"tabW":1689,"selected":true},"timestamp":1780236899567}
{"sessionId":"0d0cc8","hypothesisId":"A","location":"StatisticsUiHelper.OnStatisticsTabDrawItem","message":"draw","data":{"index":1,"bw":124,"bh":30,"tabW":1689,"selected":false},"timestamp":1780236900276}
{"sessionId":"0d0cc8","hypothesisId":"A","location":"StatisticsUiHelper.OnStatisticsTabDrawItem","message":"draw","data":{"index":3,"bw":124,"bh":30,"tabW":1689,"selected":false},"timestamp":1780236900279}
{"sessionId":"0d0cc8","hypothesisId":"A","location":"StatisticsUiHelper.OnStatisticsTabDrawItem","message":"draw","data":{"index":2,"bw":132,"bh":36,"tabW":1689,"selected":true},"timestamp":1780236900282}
{"sessionId":"0d0cc8","hypothesisId":"A","location":"StatisticsUiHelper.OnStatisticsTabDrawItem","message":"draw","data":{"index":1,"bw":124,"bh":30,"tabW":1689,"selected":false},"timestamp":1780236909901}
{"sessionId":"0d0cc8","hypothesisId":"A","location":"StatisticsUiHelper.OnStatisticsTabDrawItem","message":"draw","data":{"index":3,"bw":124,"bh":30,"tabW":1689,"selected":false},"timestamp":1780236909904}
{"sessionId":"0d0cc8","hypothesisId":"A","location":"StatisticsUiHelper.OnStatisticsTabDrawItem","message":"draw","data":{"index":2,"bw":132,"bh":36,"tabW":1689,"selected":true},"timestamp":1780236909908}
{"sessionId":"0d0cc8","hypothesisId":"A","location":"StatisticsUiHelper.OnStatisticsTabDrawItem","message":"draw","data":{"index":1,"bw":124,"bh":30,"tabW":1689,"selected":false},"timestamp":1780236910970}
{"sessionId":"0d0cc8","hypothesisId":"A","location":"StatisticsUiHelper.OnStatisticsTabDrawItem","message":"draw","data":{"index":2,"bw":124,"bh":30,"tabW":1689,"selected":false},"timestamp":1780236910974}
{"sessionId":"0d0cc8","hypothesisId":"A","location":"StatisticsUiHelper.OnStatisticsTabDrawItem","message":"draw","data":{"index":3,"bw":124,"bh":30,"tabW":1689,"selected":false},"timestamp":1780236910976}
{"sessionId":"0d0cc8","hypothesisId":"A","location":"StatisticsUiHelper.OnStatisticsTabDrawItem","message":"draw","data":{"index":1,"bw":124,"bh":30,"tabW":1689,"selected":false},"timestamp":1780236910981}
{"sessionId":"0d0cc8","hypothesisId":"A","location":"StatisticsUiHelper.OnStatisticsTabDrawItem","message":"draw","data":{"index":2,"bw":124,"bh":30,"tabW":1689,"selected":false},"timestamp":1780236910984}
{"sessionId":"0d0cc8","hypothesisId":"A","location":"StatisticsUiHelper.OnStatisticsTabDrawItem","message":"draw","data":{"index":3,"bw":124,"bh":30,"tabW":1689,"selected":false},"timestamp":1780236910986}
{"sessionId":"0d0cc8","hypothesisId":"A","location":"StatisticsUiHelper.OnStatisticsTabDrawItem","message":"draw","data":{"index":5,"bw":124,"bh":30,"tabW":1689,"selected":false},"timestamp":1780236910995}
{"sessionId":"0d0cc8","hypothesisId":"A","location":"StatisticsUiHelper.OnStatisticsTabDrawItem","message":"draw","data":{"index":4,"bw":132,"bh":36,"tabW":1689,"selected":true},"timestamp":1780236910997}
{"sessionId":"0d0cc8","hypothesisId":"A","location":"StatisticsUiHelper.OnStatisticsTabDrawItem","message":"draw","data":{"index":3,"bw":124,"bh":30,"tabW":1689,"selected":false},"timestamp":1780236911565}
{"sessionId":"0d0cc8","hypothesisId":"A","location":"StatisticsUiHelper.OnStatisticsTabDrawItem","message":"draw","data":{"index":4,"bw":124,"bh":30,"tabW":1689,"selected":false},"timestamp":1780236911568}
{"sessionId":"0d0cc8","hypothesisId":"A","location":"StatisticsUiHelper.OnStatisticsTabDrawItem","message":"draw","data":{"index":5,"bw":132,"bh":36,"tabW":1689,"selected":true},"timestamp":1780236911580}
{"sessionId":"0d0cc8","hypothesisId":"A","location":"StatisticsUiHelper.OnStatisticsTabDrawItem","message":"draw","data":{"index":4,"bw":124,"bh":30,"tabW":1689,"selected":false},"timestamp":1780236913410}
{"sessionId":"0d0cc8","hypothesisId":"A","location":"StatisticsUiHelper.OnStatisticsTabDrawItem","message":"draw","data":{"index":5,"bw":132,"bh":36,"tabW":1689,"selected":true},"timestamp":1780236913415}
{"sessionId":"0d0cc8","hypothesisId":"A","location":"StatisticsUiHelper.OnStatisticsTabDrawItem","message":"draw","data":{"index":4,"bw":124,"bh":30,"tabW":1689,"selected":false},"timestamp":1780236915999}
{"sessionId":"0d0cc8","hypothesisId":"A","location":"StatisticsUiHelper.OnStatisticsTabDrawItem","message":"draw","data":{"index":5,"bw":132,"bh":36,"tabW":1689,"selected":true},"timestamp":1780236916001}
{"sessionId":"0d0cc8","hypothesisId":"A","location":"StatisticsUiHelper.OnStatisticsTabDrawItem","message":"draw","data":{"index":4,"bw":124,"bh":30,"tabW":1689,"selected":false},"timestamp":1780236917003}
{"sessionId":"0d0cc8","hypothesisId":"A","location":"StatisticsUiHelper.OnStatisticsTabDrawItem","message":"draw","data":{"index":5,"bw":132,"bh":36,"tabW":1689,"selected":true},"timestamp":1780236917006}
{"sessionId":"0d0cc8","hypothesisId":"A","location":"StatisticsUiHelper.OnStatisticsTabDrawItem","message":"draw","data":{"index":4,"bw":124,"bh":30,"tabW":1689,"selected":false},"timestamp":1780236945450}
{"sessionId":"0d0cc8","hypothesisId":"A","location":"StatisticsUiHelper.OnStatisticsTabDrawItem","message":"draw","data":{"index":5,"bw":132,"bh":36,"tabW":1689,"selected":true},"timestamp":1780236945454}
{"sessionId":"0d0cc8","hypothesisId":"A","location":"StatisticsUiHelper.OnStatisticsTabDrawItem","message":"draw","data":{"index":3,"bw":124,"bh":30,"tabW":1689,"selected":false},"timestamp":1780236947070}
{"sessionId":"0d0cc8","hypothesisId":"A","location":"StatisticsUiHelper.OnStatisticsTabDrawItem","message":"draw","data":{"index":5,"bw":124,"bh":30,"tabW":1689,"selected":false},"timestamp":1780236947075}
{"sessionId":"0d0cc8","hypothesisId":"A","location":"StatisticsUiHelper.OnStatisticsTabDrawItem","message":"draw","data":{"index":4,"bw":132,"bh":36,"tabW":1689,"selected":true},"timestamp":1780236947077}
{"sessionId":"0d0cc8","hypothesisId":"A","location":"StatisticsUiHelper.OnStatisticsTabDrawItem","message":"draw","data":{"index":2,"bw":124,"bh":30,"tabW":1689,"selected":false},"timestamp":1780236949218}
{"sessionId":"0d0cc8","hypothesisId":"A","location":"StatisticsUiHelper.OnStatisticsTabDrawItem","message":"draw","data":{"index":4,"bw":124,"bh":30,"tabW":1689,"selected":false},"timestamp":1780236949221}
{"sessionId":"0d0cc8","hypothesisId":"A","location":"StatisticsUiHelper.OnStatisticsTabDrawItem","message":"draw","data":{"index":5,"bw":124,"bh":30,"tabW":1689,"selected":false},"timestamp":1780236949224}
{"sessionId":"0d0cc8","hypothesisId":"A","location":"StatisticsUiHelper.OnStatisticsTabDrawItem","message":"draw","data":{"index":3,"bw":132,"bh":36,"tabW":1689,"selected":true},"timestamp":1780236949226}
{"sessionId":"0d0cc8","hypothesisId":"A","location":"StatisticsUiHelper.OnStatisticsTabDrawItem","message":"draw","data":{"index":1,"bw":124,"bh":30,"tabW":1689,"selected":false},"timestamp":1780236950017}
{"sessionId":"0d0cc8","hypothesisId":"A","location":"StatisticsUiHelper.OnStatisticsTabDrawItem","message":"draw","data":{"index":3,"bw":124,"bh":30,"tabW":1689,"selected":false},"timestamp":1780236950020}
{"sessionId":"0d0cc8","hypothesisId":"A","location":"StatisticsUiHelper.OnStatisticsTabDrawItem","message":"draw","data":{"index":4,"bw":124,"bh":30,"tabW":1689,"selected":false},"timestamp":1780236950022}
{"sessionId":"0d0cc8","hypothesisId":"A","location":"StatisticsUiHelper.OnStatisticsTabDrawItem","message":"draw","data":{"index":2,"bw":132,"bh":36,"tabW":1689,"selected":true},"timestamp":1780236950024}
{"sessionId":"0d0cc8","hypothesisId":"A","location":"StatisticsUiHelper.OnStatisticsTabDrawItem","message":"draw","data":{"index":0,"bw":124,"bh":30,"tabW":1689,"selected":false},"timestamp":1780236950983}
{"sessionId":"0d0cc8","hypothesisId":"A","location":"StatisticsUiHelper.OnStatisticsTabDrawItem","message":"draw","data":{"index":2,"bw":124,"bh":30,"tabW":1689,"selected":false},"timestamp":1780236950986}
{"sessionId":"0d0cc8","hypothesisId":"A","location":"StatisticsUiHelper.OnStatisticsTabDrawItem","message":"draw","data":{"index":3,"bw":124,"bh":30,"tabW":1689,"selected":false},"timestamp":1780236950988}
{"sessionId":"0d0cc8","hypothesisId":"A","location":"StatisticsUiHelper.OnStatisticsTabDrawItem","message":"draw","data":{"index":1,"bw":132,"bh":36,"tabW":1689,"selected":true},"timestamp":1780236950990}
{"sessionId":"0d0cc8","hypothesisId":"A","location":"StatisticsUiHelper.OnStatisticsTabDrawItem","message":"draw","data":{"index":0,"bw":124,"bh":30,"tabW":1689,"selected":false},"timestamp":1780236951694}
{"sessionId":"0d0cc8","hypothesisId":"A","location":"StatisticsUiHelper.OnStatisticsTabDrawItem","message":"draw","data":{"index":1,"bw":124,"bh":30,"tabW":1689,"selected":false},"timestamp":1780236951697}
{"sessionId":"0d0cc8","hypothesisId":"A","location":"StatisticsUiHelper.OnStatisticsTabDrawItem","message":"draw","data":{"index":3,"bw":124,"bh":30,"tabW":1689,"selected":false},"timestamp":1780236951699}
{"sessionId":"0d0cc8","hypothesisId":"A","location":"StatisticsUiHelper.OnStatisticsTabDrawItem","message":"draw","data":{"index":2,"bw":132,"bh":36,"tabW":1689,"selected":true},"timestamp":1780236951700}
{"sessionId":"0d0cc8","hypothesisId":"A","location":"StatisticsUiHelper.OnStatisticsTabDrawItem","message":"draw","data":{"index":1,"bw":124,"bh":30,"tabW":1689,"selected":false},"timestamp":1780236952604}
{"sessionId":"0d0cc8","hypothesisId":"A","location":"StatisticsUiHelper.OnStatisticsTabDrawItem","message":"draw","data":{"index":2,"bw":124,"bh":30,"tabW":1689,"selected":false},"timestamp":1780236952606}
{"sessionId":"0d0cc8","hypothesisId":"A","location":"StatisticsUiHelper.OnStatisticsTabDrawItem","message":"draw","data":{"index":4,"bw":124,"bh":30,"tabW":1689,"selected":false},"timestamp":1780236952609}
{"sessionId":"0d0cc8","hypothesisId":"A","location":"StatisticsUiHelper.OnStatisticsTabDrawItem","message":"draw","data":{"index":3,"bw":132,"bh":36,"tabW":1689,"selected":true},"timestamp":1780236952611}
{"sessionId":"0d0cc8","hypothesisId":"A","location":"StatisticsUiHelper.OnStatisticsTabDrawItem","message":"draw","data":{"index":2,"bw":124,"bh":30,"tabW":1689,"selected":false},"timestamp":1780237010094}
{"sessionId":"0d0cc8","hypothesisId":"A","location":"StatisticsUiHelper.OnStatisticsTabDrawItem","message":"draw","data":{"index":4,"bw":124,"bh":30,"tabW":1689,"selected":false},"timestamp":1780237010097}
{"sessionId":"0d0cc8","hypothesisId":"A","location":"StatisticsUiHelper.OnStatisticsTabDrawItem","message":"draw","data":{"index":3,"bw":132,"bh":36,"tabW":1689,"selected":true},"timestamp":1780237010100}
{"sessionId":"0d0cc8","hypothesisId":"A","location":"StatisticsUiHelper.OnStatisticsTabDrawItem","message":"draw","data":{"index":2,"bw":124,"bh":30,"tabW":1689,"selected":false},"timestamp":1780237025261}
{"sessionId":"0d0cc8","hypothesisId":"A","location":"StatisticsUiHelper.OnStatisticsTabDrawItem","message":"draw","data":{"index":4,"bw":124,"bh":30,"tabW":1689,"selected":false},"timestamp":1780237025264}
{"sessionId":"0d0cc8","hypothesisId":"A","location":"StatisticsUiHelper.OnStatisticsTabDrawItem","message":"draw","data":{"index":3,"bw":132,"bh":36,"tabW":1689,"selected":true},"timestamp":1780237025272}
{"sessionId":"0d0cc8","hypothesisId":"A","location":"StatisticsUiHelper.OnStatisticsTabDrawItem","message":"draw","data":{"index":1,"bw":124,"bh":30,"tabW":1689,"selected":false},"timestamp":1780237026821}
{"sessionId":"0d0cc8","hypothesisId":"A","location":"StatisticsUiHelper.OnStatisticsTabDrawItem","message":"draw","data":{"index":3,"bw":124,"bh":30,"tabW":1689,"selected":false},"timestamp":1780237026824}
{"sessionId":"0d0cc8","hypothesisId":"A","location":"StatisticsUiHelper.OnStatisticsTabDrawItem","message":"draw","data":{"index":4,"bw":124,"bh":30,"tabW":1689,"selected":false},"timestamp":1780237026827}
{"sessionId":"0d0cc8","hypothesisId":"A","location":"StatisticsUiHelper.OnStatisticsTabDrawItem","message":"draw","data":{"index":2,"bw":132,"bh":36,"tabW":1689,"selected":true},"timestamp":1780237026829}
{"sessionId":"0d0cc8","hypothesisId":"A","location":"StatisticsUiHelper.OnStatisticsTabDrawItem","message":"draw","data":{"index":0,"bw":124,"bh":30,"tabW":1689,"selected":false},"timestamp":1780237028552}
{"sessionId":"0d0cc8","hypothesisId":"A","location":"StatisticsUiHelper.OnStatisticsTabDrawItem","message":"draw","data":{"index":2,"bw":124,"bh":30,"tabW":1689,"selected":false},"timestamp":1780237028554}
{"sessionId":"0d0cc8","hypothesisId":"A","location":"StatisticsUiHelper.OnStatisticsTabDrawItem","message":"draw","data":{"index":3,"bw":124,"bh":30,"tabW":1689,"selected":false},"timestamp":1780237028557}
{"sessionId":"0d0cc8","hypothesisId":"A","location":"StatisticsUiHelper.OnStatisticsTabDrawItem","message":"draw","data":{"index":1,"bw":132,"bh":36,"tabW":1689,"selected":true},"timestamp":1780237028558}
{"sessionId":"0d0cc8","hypothesisId":"A","location":"StatisticsUiHelper.OnStatisticsTabDrawItem","message":"draw","data":{"index":1,"bw":124,"bh":30,"tabW":1689,"selected":false},"timestamp":1780237030037}
{"sessionId":"0d0cc8","hypothesisId":"A","location":"StatisticsUiHelper.OnStatisticsTabDrawItem","message":"draw","data":{"index":2,"bw":124,"bh":30,"tabW":1689,"selected":false},"timestamp":1780237030041}
{"sessionId":"0d0cc8","hypothesisId":"A","location":"StatisticsUiHelper.OnStatisticsTabDrawItem","message":"draw","data":{"index":0,"bw":132,"bh":36,"tabW":1689,"selected":true},"timestamp":1780237030043}
{"sessionId":"0d0cc8","hypothesisId":"A","location":"StatisticsUiHelper.OnStatisticsTabDrawItem","message":"draw","data":{"index":0,"bw":124,"bh":30,"tabW":1689,"selected":false},"timestamp":1780237033896}
{"sessionId":"0d0cc8","hypothesisId":"A","location":"StatisticsUiHelper.OnStatisticsTabDrawItem","message":"draw","data":{"index":2,"bw":124,"bh":30,"tabW":1689,"selected":false},"timestamp":1780237033900}
{"sessionId":"0d0cc8","hypothesisId":"A","location":"StatisticsUiHelper.OnStatisticsTabDrawItem","message":"draw","data":{"index":1,"bw":132,"bh":36,"tabW":1689,"selected":true},"timestamp":1780237033901}
{"sessionId":"0d0cc8","hypothesisId":"A","location":"StatisticsUiHelper.OnStatisticsTabDrawItem","message":"draw","data":{"index":0,"bw":124,"bh":30,"tabW":1689,"selected":false},"timestamp":1780237035064}
{"sessionId":"0d0cc8","hypothesisId":"A","location":"StatisticsUiHelper.OnStatisticsTabDrawItem","message":"draw","data":{"index":1,"bw":124,"bh":30,"tabW":1689,"selected":false},"timestamp":1780237035067}
{"sessionId":"0d0cc8","hypothesisId":"A","location":"StatisticsUiHelper.OnStatisticsTabDrawItem","message":"draw","data":{"index":2,"bw":124,"bh":30,"tabW":1689,"selected":false},"timestamp":1780237035068}
{"sessionId":"0d0cc8","hypothesisId":"A","location":"StatisticsUiHelper.OnStatisticsTabDrawItem","message":"draw","data":{"index":3,"bw":124,"bh":30,"tabW":1689,"selected":false},"timestamp":1780237035070}
{"sessionId":"0d0cc8","hypothesisId":"A","location":"StatisticsUiHelper.OnStatisticsTabDrawItem","message":"draw","data":{"index":4,"bw":124,"bh":30,"tabW":1689,"selected":false},"timestamp":1780237035071}
{"sessionId":"0d0cc8","hypothesisId":"A","location":"StatisticsUiHelper.OnStatisticsTabDrawItem","message":"draw","data":{"index":5,"bw":132,"bh":36,"tabW":1689,"selected":true},"timestamp":1780237035075}
{"sessionId":"0d0cc8","hypothesisId":"A","location":"StatisticsUiHelper.OnStatisticsTabDrawItem","message":"draw","data":{"index":3,"bw":124,"bh":30,"tabW":1689,"selected":false},"timestamp":1780237040771}
{"sessionId":"0d0cc8","hypothesisId":"A","location":"StatisticsUiHelper.OnStatisticsTabDrawItem","message":"draw","data":{"index":5,"bw":124,"bh":30,"tabW":1689,"selected":false},"timestamp":1780237040774}
{"sessionId":"0d0cc8","hypothesisId":"A","location":"StatisticsUiHelper.OnStatisticsTabDrawItem","message":"draw","data":{"index":4,"bw":132,"bh":36,"tabW":1689,"selected":true},"timestamp":1780237040776}
{"sessionId":"0d0cc8","hypothesisId":"A","location":"StatisticsUiHelper.OnStatisticsTabDrawItem","message":"draw","data":{"index":3,"bw":124,"bh":30,"tabW":1689,"selected":false},"timestamp":1780237041763}
{"sessionId":"0d0cc8","hypothesisId":"A","location":"StatisticsUiHelper.OnStatisticsTabDrawItem","message":"draw","data":{"index":5,"bw":124,"bh":30,"tabW":1689,"selected":false},"timestamp":1780237041766}
{"sessionId":"0d0cc8","hypothesisId":"A","location":"StatisticsUiHelper.OnStatisticsTabDrawItem","message":"draw","data":{"index":4,"bw":132,"bh":36,"tabW":1689,"selected":true},"timestamp":1780237041768}
{"sessionId":"0d0cc8","hypothesisId":"A","location":"StatisticsUiHelper.OnStatisticsTabDrawItem","message":"draw","data":{"index":3,"bw":124,"bh":30,"tabW":1689,"selected":false},"timestamp":1780237045846}
{"sessionId":"0d0cc8","hypothesisId":"A","location":"StatisticsUiHelper.OnStatisticsTabDrawItem","message":"draw","data":{"index":5,"bw":124,"bh":30,"tabW":1689,"selected":false},"timestamp":1780237045849}
{"sessionId":"0d0cc8","hypothesisId":"A","location":"StatisticsUiHelper.OnStatisticsTabDrawItem","message":"draw","data":{"index":4,"bw":132,"bh":36,"tabW":1689,"selected":true},"timestamp":1780237045853}
{"sessionId":"0d0cc8","hypothesisId":"A","location":"StatisticsUiHelper.OnStatisticsTabDrawItem","message":"draw","data":{"index":2,"bw":124,"bh":30,"tabW":1689,"selected":false},"timestamp":1780237058948}
{"sessionId":"0d0cc8","hypothesisId":"A","location":"StatisticsUiHelper.OnStatisticsTabDrawItem","message":"draw","data":{"index":4,"bw":124,"bh":30,"tabW":1689,"selected":false},"timestamp":1780237058952}
{"sessionId":"0d0cc8","hypothesisId":"A","location":"StatisticsUiHelper.OnStatisticsTabDrawItem","message":"draw","data":{"index":5,"bw":124,"bh":30,"tabW":1689,"selected":false},"timestamp":1780237058954}
{"sessionId":"0d0cc8","hypothesisId":"A","location":"StatisticsUiHelper.OnStatisticsTabDrawItem","message":"draw","data":{"index":3,"bw":132,"bh":36,"tabW":1689,"selected":true},"timestamp":1780237058956}
{"sessionId":"0d0cc8","hypothesisId":"A","location":"StatisticsUiHelper.OnStatisticsTabDrawItem","message":"draw","data":{"index":2,"bw":124,"bh":30,"tabW":1689,"selected":false},"timestamp":1780237065220}
{"sessionId":"0d0cc8","hypothesisId":"A","location":"StatisticsUiHelper.OnStatisticsTabDrawItem","message":"draw","data":{"index":4,"bw":124,"bh":30,"tabW":1689,"selected":false},"timestamp":1780237065228}
{"sessionId":"0d0cc8","hypothesisId":"A","location":"StatisticsUiHelper.OnStatisticsTabDrawItem","message":"draw","data":{"index":3,"bw":132,"bh":36,"tabW":1689,"selected":true},"timestamp":1780237065234}
{"sessionId":"0d0cc8","hypothesisId":"A","location":"StatisticsUiHelper.OnStatisticsTabDrawItem","message":"draw","data":{"index":2,"bw":124,"bh":30,"tabW":1689,"selected":false},"timestamp":1780237072759}
{"sessionId":"0d0cc8","hypothesisId":"A","location":"StatisticsUiHelper.OnStatisticsTabDrawItem","message":"draw","data":{"index":4,"bw":124,"bh":30,"tabW":1689,"selected":false},"timestamp":1780237072763}
{"sessionId":"0d0cc8","hypothesisId":"A","location":"StatisticsUiHelper.OnStatisticsTabDrawItem","message":"draw","data":{"index":3,"bw":132,"bh":36,"tabW":1689,"selected":true},"timestamp":1780237072767}
{"sessionId":"0d0cc8","hypothesisId":"A","location":"StatisticsUiHelper.OnStatisticsTabDrawItem","message":"draw","data":{"index":1,"bw":124,"bh":30,"tabW":1689,"selected":false},"timestamp":1780237081234}
{"sessionId":"0d0cc8","hypothesisId":"A","location":"StatisticsUiHelper.OnStatisticsTabDrawItem","message":"draw","data":{"index":3,"bw":124,"bh":30,"tabW":1689,"selected":false},"timestamp":1780237081237}
{"sessionId":"0d0cc8","hypothesisId":"A","location":"StatisticsUiHelper.OnStatisticsTabDrawItem","message":"draw","data":{"index":4,"bw":124,"bh":30,"tabW":1689,"selected":false},"timestamp":1780237081240}
{"sessionId":"0d0cc8","hypothesisId":"A","location":"StatisticsUiHelper.OnStatisticsTabDrawItem","message":"draw","data":{"index":2,"bw":132,"bh":36,"tabW":1689,"selected":true},"timestamp":1780237081242}
{"sessionId":"0d0cc8","hypothesisId":"A","location":"StatisticsUiHelper.OnStatisticsTabDrawItem","message":"draw","data":{"index":1,"bw":124,"bh":30,"tabW":1689,"selected":false},"timestamp":1780237083446}
{"sessionId":"0d0cc8","hypothesisId":"A","location":"StatisticsUiHelper.OnStatisticsTabDrawItem","message":"draw","data":{"index":3,"bw":124,"bh":30,"tabW":1689,"selected":false},"timestamp":1780237083450}
{"sessionId":"0d0cc8","hypothesisId":"A","location":"StatisticsUiHelper.OnStatisticsTabDrawItem","message":"draw","data":{"index":2,"bw":132,"bh":36,"tabW":1689,"selected":true},"timestamp":1780237083454}
{"sessionId":"0d0cc8","hypothesisId":"A","location":"StatisticsUiHelper.OnStatisticsTabDrawItem","message":"draw","data":{"index":1,"bw":124,"bh":30,"tabW":1689,"selected":false},"timestamp":1780237117693}
{"sessionId":"0d0cc8","hypothesisId":"A","location":"StatisticsUiHelper.OnStatisticsTabDrawItem","message":"draw","data":{"index":3,"bw":124,"bh":30,"tabW":1689,"selected":false},"timestamp":1780237117697}
{"sessionId":"0d0cc8","hypothesisId":"A","location":"StatisticsUiHelper.OnStatisticsTabDrawItem","message":"draw","data":{"index":2,"bw":132,"bh":36,"tabW":1689,"selected":true},"timestamp":1780237117700}
{"sessionId":"0d0cc8","hypothesisId":"A","location":"StatisticsUiHelper.OnStatisticsTabDrawItem","message":"draw","data":{"index":1,"bw":124,"bh":30,"tabW":1689,"selected":false},"timestamp":1780237121667}
{"sessionId":"0d0cc8","hypothesisId":"A","location":"StatisticsUiHelper.OnStatisticsTabDrawItem","message":"draw","data":{"index":2,"bw":124,"bh":30,"tabW":1689,"selected":false},"timestamp":1780237121671}
{"sessionId":"0d0cc8","hypothesisId":"A","location":"StatisticsUiHelper.OnStatisticsTabDrawItem","message":"draw","data":{"index":3,"bw":124,"bh":30,"tabW":1689,"selected":false},"timestamp":1780237121674}
{"sessionId":"0d0cc8","hypothesisId":"A","location":"StatisticsUiHelper.OnStatisticsTabDrawItem","message":"draw","data":{"index":5,"bw":124,"bh":30,"tabW":1689,"selected":false},"timestamp":1780237121676}
{"sessionId":"0d0cc8","hypothesisId":"A","location":"StatisticsUiHelper.OnStatisticsTabDrawItem","message":"draw","data":{"index":4,"bw":132,"bh":36,"tabW":1689,"selected":true},"timestamp":1780237121678}
{"sessionId":"0d0cc8","hypothesisId":"A","location":"StatisticsUiHelper.OnStatisticsTabDrawItem","message":"draw","data":{"index":0,"bw":124,"bh":30,"tabW":1689,"selected":false},"timestamp":1780237126538}
{"sessionId":"0d0cc8","hypothesisId":"A","location":"StatisticsUiHelper.OnStatisticsTabDrawItem","message":"draw","data":{"index":2,"bw":124,"bh":30,"tabW":1689,"selected":false},"timestamp":1780237126541}
{"sessionId":"0d0cc8","hypothesisId":"A","location":"StatisticsUiHelper.OnStatisticsTabDrawItem","message":"draw","data":{"index":3,"bw":124,"bh":30,"tabW":1689,"selected":false},"timestamp":1780237126547}
{"sessionId":"0d0cc8","hypothesisId":"A","location":"StatisticsUiHelper.OnStatisticsTabDrawItem","message":"draw","data":{"index":4,"bw":124,"bh":30,"tabW":1689,"selected":false},"timestamp":1780237126549}
{"sessionId":"0d0cc8","hypothesisId":"A","location":"StatisticsUiHelper.OnStatisticsTabDrawItem","message":"draw","data":{"index":5,"bw":124,"bh":30,"tabW":1689,"selected":false},"timestamp":1780237126551}
{"sessionId":"0d0cc8","hypothesisId":"A","location":"StatisticsUiHelper.OnStatisticsTabDrawItem","message":"draw","data":{"index":1,"bw":132,"bh":36,"tabW":1689,"selected":true},"timestamp":1780237126553}
{"sessionId":"0d0cc8","hypothesisId":"A","location":"StatisticsUiHelper.OnStatisticsTabDrawItem","message":"draw","data":{"index":0,"bw":124,"bh":30,"tabW":1689,"selected":false},"timestamp":1780237129183}
{"sessionId":"0d0cc8","hypothesisId":"A","location":"StatisticsUiHelper.OnStatisticsTabDrawItem","message":"draw","data":{"index":1,"bw":124,"bh":30,"tabW":1689,"selected":false},"timestamp":1780237129189}
{"sessionId":"0d0cc8","hypothesisId":"A","location":"StatisticsUiHelper.OnStatisticsTabDrawItem","message":"draw","data":{"index":2,"bw":124,"bh":30,"tabW":1689,"selected":false},"timestamp":1780237129191}
{"sessionId":"0d0cc8","hypothesisId":"A","location":"StatisticsUiHelper.OnStatisticsTabDrawItem","message":"draw","data":{"index":3,"bw":124,"bh":30,"tabW":1689,"selected":false},"timestamp":1780237129193}
{"sessionId":"0d0cc8","hypothesisId":"A","location":"StatisticsUiHelper.OnStatisticsTabDrawItem","message":"draw","data":{"index":4,"bw":124,"bh":30,"tabW":1689,"selected":false},"timestamp":1780237129194}
{"sessionId":"0d0cc8","hypothesisId":"A","location":"StatisticsUiHelper.OnStatisticsTabDrawItem","message":"draw","data":{"index":5,"bw":132,"bh":36,"tabW":1689,"selected":true},"timestamp":1780237129196}
{"sessionId":"0d0cc8","hypothesisId":"C","location":"StatisticsForm.InitializeForm","message":"start","data":{},"timestamp":1780237223884}
{"sessionId":"0d0cc8","hypothesisId":"C","location":"StatisticsForm.InitializeForm","message":"afterPopulate","data":{"tabCount":6},"timestamp":1780237223904}
{"sessionId":"0d0cc8","hypothesisId":"C","location":"StatisticsForm.InitializeForm","message":"afterChrome","data":{},"timestamp":1780237223906}
{"sessionId":"0d0cc8","hypothesisId":"B","location":"StatisticsUiHelper.ApplyPremiumGridStyle","message":"ok","data":{"grid":"","colCount":3},"timestamp":1780237223908}
{"sessionId":"0d0cc8","hypothesisId":"B","location":"StatisticsUiHelper.ApplyPremiumGridStyle","message":"ok","data":{"grid":"","colCount":6},"timestamp":1780237223909}
{"sessionId":"0d0cc8","hypothesisId":"B","location":"StatisticsUiHelper.ApplyPremiumGridStyle","message":"ok","data":{"grid":"","colCount":6},"timestamp":1780237223910}
{"sessionId":"0d0cc8","hypothesisId":"B","location":"StatisticsUiHelper.ApplyPremiumGridStyle","message":"ok","data":{"grid":"","colCount":8},"timestamp":1780237223910}
{"sessionId":"0d0cc8","hypothesisId":"B","location":"StatisticsUiHelper.ApplyPremiumGridStyle","message":"ok","data":{"grid":"","colCount":7},"timestamp":1780237223911}
{"sessionId":"0d0cc8","hypothesisId":"B","location":"StatisticsUiHelper.ApplyPremiumGridStyle","message":"ok","data":{"grid":"dgvByClient","colCount":13},"timestamp":1780237223914}
{"sessionId":"0d0cc8","hypothesisId":"B","location":"StatisticsUiHelper.ApplyPremiumGridStyle","message":"ok","data":{"grid":"dgvByClient","colCount":13},"timestamp":1780237223915}
{"sessionId":"0d0cc8","hypothesisId":"C","location":"StatisticsForm.InitializeForm","message":"afterGridStyles","data":{"runId":"post-fix"},"timestamp":1780237223916}
{"sessionId":"0d0cc8","hypothesisId":"C","location":"StatisticsForm.InitializeForm","message":"complete","data":{},"timestamp":1780237223920}
{"sessionId":"0d0cc8","hypothesisId":"B","location":"StatisticsUiHelper.ApplyPremiumGridStyle","message":"ok","data":{"grid":"","colCount":3},"timestamp":1780237224208}
{"sessionId":"0d0cc8","hypothesisId":"B","location":"StatisticsUiHelper.ApplyPremiumGridStyle","message":"ok","data":{"grid":"","colCount":6},"timestamp":1780237224222}
{"sessionId":"0d0cc8","hypothesisId":"B","location":"StatisticsUiHelper.ApplyPremiumGridStyle","message":"ok","data":{"grid":"","colCount":6},"timestamp":1780237224224}
{"sessionId":"0d0cc8","hypothesisId":"B","location":"StatisticsUiHelper.ApplyPremiumGridStyle","message":"ok","data":{"grid":"","colCount":8},"timestamp":1780237224232}
{"sessionId":"0d0cc8","hypothesisId":"B","location":"StatisticsUiHelper.ApplyPremiumGridStyle","message":"ok","data":{"grid":"","colCount":7},"timestamp":1780237224238}
{"sessionId":"0d0cc8","hypothesisId":"B","location":"StatisticsUiHelper.ApplyPremiumGridStyle","message":"ok","data":{"grid":"dgvByClient","colCount":13},"timestamp":1780237224246}
{"sessionId":"0d0cc8","hypothesisId":"A","location":"StatisticsUiHelper.OnStatisticsTabDrawItem","message":"draw","data":{"index":1,"bw":124,"bh":30,"tabW":1689,"selected":false},"timestamp":1780237224255}
{"sessionId":"0d0cc8","hypothesisId":"A","location":"StatisticsUiHelper.OnStatisticsTabDrawItem","message":"draw","data":{"index":2,"bw":124,"bh":30,"tabW":1689,"selected":false},"timestamp":1780237224256}
{"sessionId":"0d0cc8","hypothesisId":"A","location":"StatisticsUiHelper.OnStatisticsTabDrawItem","message":"draw","data":{"index":3,"bw":124,"bh":30,"tabW":1689,"selected":false},"timestamp":1780237224260}
{"sessionId":"0d0cc8","hypothesisId":"A","location":"StatisticsUiHelper.OnStatisticsTabDrawItem","message":"draw","data":{"index":4,"bw":124,"bh":30,"tabW":1689,"selected":false},"timestamp":1780237224265}
{"sessionId":"0d0cc8","hypothesisId":"A","location":"StatisticsUiHelper.OnStatisticsTabDrawItem","message":"draw","data":{"index":5,"bw":124,"bh":30,"tabW":1689,"selected":false},"timestamp":1780237224266}
{"sessionId":"0d0cc8","hypothesisId":"A","location":"StatisticsUiHelper.OnStatisticsTabDrawItem","message":"draw","data":{"index":0,"bw":132,"bh":36,"tabW":1689,"selected":true},"timestamp":1780237224268}
{"sessionId":"0d0cc8","hypothesisId":"A","location":"StatisticsUiHelper.OnStatisticsTabDrawItem","message":"draw","data":{"index":1,"bw":124,"bh":30,"tabW":1689,"selected":false},"timestamp":1780237224282}
{"sessionId":"0d0cc8","hypothesisId":"A","location":"StatisticsUiHelper.OnStatisticsTabDrawItem","message":"draw","data":{"index":2,"bw":124,"bh":30,"tabW":1689,"selected":false},"timestamp":1780237224285}
{"sessionId":"0d0cc8","hypothesisId":"A","location":"StatisticsUiHelper.OnStatisticsTabDrawItem","message":"draw","data":{"index":3,"bw":124,"bh":30,"tabW":1689,"selected":false},"timestamp":1780237224286}
{"sessionId":"0d0cc8","hypothesisId":"A","location":"StatisticsUiHelper.OnStatisticsTabDrawItem","message":"draw","data":{"index":4,"bw":124,"bh":30,"tabW":1689,"selected":false},"timestamp":1780237224287}
{"sessionId":"0d0cc8","hypothesisId":"A","location":"StatisticsUiHelper.OnStatisticsTabDrawItem","message":"draw","data":{"index":5,"bw":124,"bh":30,"tabW":1689,"selected":false},"timestamp":1780237224290}
{"sessionId":"0d0cc8","hypothesisId":"A","location":"StatisticsUiHelper.OnStatisticsTabDrawItem","message":"draw","data":{"index":0,"bw":132,"bh":36,"tabW":1689,"selected":true},"timestamp":1780237224291}
{"sessionId":"0d0cc8","hypothesisId":"A","location":"StatisticsUiHelper.OnStatisticsTabDrawItem","message":"draw","data":{"index":0,"bw":124,"bh":30,"tabW":1689,"selected":false},"timestamp":1780237225618}
{"sessionId":"0d0cc8","hypothesisId":"A","location":"StatisticsUiHelper.OnStatisticsTabDrawItem","message":"draw","data":{"index":1,"bw":124,"bh":30,"tabW":1689,"selected":false},"timestamp":1780237225623}
{"sessionId":"0d0cc8","hypothesisId":"A","location":"StatisticsUiHelper.OnStatisticsTabDrawItem","message":"draw","data":{"index":0,"bw":124,"bh":30,"tabW":1689,"selected":false},"timestamp":1780237225625}
{"sessionId":"0d0cc8","hypothesisId":"A","location":"StatisticsUiHelper.OnStatisticsTabDrawItem","message":"draw","data":{"index":1,"bw":124,"bh":30,"tabW":1689,"selected":false},"timestamp":1780237225626}
{"sessionId":"0d0cc8","hypothesisId":"A","location":"StatisticsUiHelper.OnStatisticsTabDrawItem","message":"draw","data":{"index":2,"bw":124,"bh":30,"tabW":1689,"selected":false},"timestamp":1780237225627}
{"sessionId":"0d0cc8","hypothesisId":"A","location":"StatisticsUiHelper.OnStatisticsTabDrawItem","message":"draw","data":{"index":3,"bw":124,"bh":30,"tabW":1689,"selected":false},"timestamp":1780237225634}
{"sessionId":"0d0cc8","hypothesisId":"A","location":"StatisticsUiHelper.OnStatisticsTabDrawItem","message":"draw","data":{"index":4,"bw":124,"bh":30,"tabW":1689,"selected":false},"timestamp":1780237225636}
{"sessionId":"0d0cc8","hypothesisId":"A","location":"StatisticsUiHelper.OnStatisticsTabDrawItem","message":"draw","data":{"index":5,"bw":132,"bh":36,"tabW":1689,"selected":true},"timestamp":1780237225637}
{"sessionId":"0d0cc8","hypothesisId":"A","location":"StatisticsUiHelper.OnStatisticsTabDrawItem","message":"draw","data":{"index":4,"bw":124,"bh":30,"tabW":1689,"selected":false},"timestamp":1780237235247}
{"sessionId":"0d0cc8","hypothesisId":"A","location":"StatisticsUiHelper.OnStatisticsTabDrawItem","message":"draw","data":{"index":5,"bw":132,"bh":36,"tabW":1689,"selected":true},"timestamp":1780237235251}
{"sessionId":"0d0cc8","hypothesisId":"C","location":"StatisticsForm.InitializeForm","message":"start","data":{},"timestamp":1780237290450}
{"sessionId":"0d0cc8","hypothesisId":"C","location":"StatisticsForm.InitializeForm","message":"afterPopulate","data":{"tabCount":6},"timestamp":1780237290463}
{"sessionId":"0d0cc8","hypothesisId":"C","location":"StatisticsForm.InitializeForm","message":"afterChrome","data":{},"timestamp":1780237290464}
{"sessionId":"0d0cc8","hypothesisId":"B","location":"StatisticsUiHelper.ApplyPremiumGridStyle","message":"ok","data":{"grid":"","colCount":3},"timestamp":1780237290465}
{"sessionId":"0d0cc8","hypothesisId":"B","location":"StatisticsUiHelper.ApplyPremiumGridStyle","message":"ok","data":{"grid":"","colCount":6},"timestamp":1780237290466}
{"sessionId":"0d0cc8","hypothesisId":"B","location":"StatisticsUiHelper.ApplyPremiumGridStyle","message":"ok","data":{"grid":"","colCount":6},"timestamp":1780237290467}
{"sessionId":"0d0cc8","hypothesisId":"B","location":"StatisticsUiHelper.ApplyPremiumGridStyle","message":"ok","data":{"grid":"","colCount":8},"timestamp":1780237290467}
{"sessionId":"0d0cc8","hypothesisId":"B","location":"StatisticsUiHelper.ApplyPremiumGridStyle","message":"ok","data":{"grid":"","colCount":7},"timestamp":1780237290470}
{"sessionId":"0d0cc8","hypothesisId":"B","location":"StatisticsUiHelper.ApplyPremiumGridStyle","message":"ok","data":{"grid":"dgvByClient","colCount":13},"timestamp":1780237290471}
{"sessionId":"0d0cc8","hypothesisId":"B","location":"StatisticsUiHelper.ApplyPremiumGridStyle","message":"ok","data":{"grid":"dgvByClient","colCount":13},"timestamp":1780237290473}
{"sessionId":"0d0cc8","hypothesisId":"C","location":"StatisticsForm.InitializeForm","message":"afterGridStyles","data":{"runId":"post-fix"},"timestamp":1780237290474}
{"sessionId":"0d0cc8","hypothesisId":"C","location":"StatisticsForm.InitializeForm","message":"complete","data":{},"timestamp":1780237290477}
{"sessionId":"0d0cc8","hypothesisId":"B","location":"StatisticsUiHelper.ApplyPremiumGridStyle","message":"ok","data":{"grid":"","colCount":3},"timestamp":1780237290786}
{"sessionId":"0d0cc8","hypothesisId":"B","location":"StatisticsUiHelper.ApplyPremiumGridStyle","message":"ok","data":{"grid":"","colCount":6},"timestamp":1780237290799}
{"sessionId":"0d0cc8","hypothesisId":"B","location":"StatisticsUiHelper.ApplyPremiumGridStyle","message":"ok","data":{"grid":"","colCount":6},"timestamp":1780237290801}
{"sessionId":"0d0cc8","hypothesisId":"B","location":"StatisticsUiHelper.ApplyPremiumGridStyle","message":"ok","data":{"grid":"","colCount":8},"timestamp":1780237290806}
{"sessionId":"0d0cc8","hypothesisId":"B","location":"StatisticsUiHelper.ApplyPremiumGridStyle","message":"ok","data":{"grid":"","colCount":7},"timestamp":1780237290817}
{"sessionId":"0d0cc8","hypothesisId":"B","location":"StatisticsUiHelper.ApplyPremiumGridStyle","message":"ok","data":{"grid":"dgvByClient","colCount":13},"timestamp":1780237290826}
{"sessionId":"0d0cc8","hypothesisId":"A","location":"StatisticsUiHelper.OnStatisticsTabDrawItem","message":"draw","data":{"index":1,"bw":124,"bh":30,"tabW":1689,"selected":false},"timestamp":1780237290837}
{"sessionId":"0d0cc8","hypothesisId":"A","location":"StatisticsUiHelper.OnStatisticsTabDrawItem","message":"draw","data":{"index":2,"bw":124,"bh":30,"tabW":1689,"selected":false},"timestamp":1780237290839}
{"sessionId":"0d0cc8","hypothesisId":"A","location":"StatisticsUiHelper.OnStatisticsTabDrawItem","message":"draw","data":{"index":3,"bw":124,"bh":30,"tabW":1689,"selected":false},"timestamp":1780237290840}
{"sessionId":"0d0cc8","hypothesisId":"A","location":"StatisticsUiHelper.OnStatisticsTabDrawItem","message":"draw","data":{"index":4,"bw":124,"bh":30,"tabW":1689,"selected":false},"timestamp":1780237290842}
{"sessionId":"0d0cc8","hypothesisId":"A","location":"StatisticsUiHelper.OnStatisticsTabDrawItem","message":"draw","data":{"index":5,"bw":124,"bh":30,"tabW":1689,"selected":false},"timestamp":1780237290843}
{"sessionId":"0d0cc8","hypothesisId":"A","location":"StatisticsUiHelper.OnStatisticsTabDrawItem","message":"draw","data":{"index":0,"bw":132,"bh":36,"tabW":1689,"selected":true},"timestamp":1780237290844}
{"sessionId":"0d0cc8","hypothesisId":"A","location":"StatisticsUiHelper.OnStatisticsTabDrawItem","message":"draw","data":{"index":0,"bw":124,"bh":30,"tabW":1689,"selected":false},"timestamp":1780237292341}
{"sessionId":"0d0cc8","hypothesisId":"A","location":"StatisticsUiHelper.OnStatisticsTabDrawItem","message":"draw","data":{"index":1,"bw":124,"bh":30,"tabW":1689,"selected":false},"timestamp":1780237292345}
{"sessionId":"0d0cc8","hypothesisId":"A","location":"StatisticsUiHelper.OnStatisticsTabDrawItem","message":"draw","data":{"index":0,"bw":124,"bh":30,"tabW":1689,"selected":false},"timestamp":1780237292347}
{"sessionId":"0d0cc8","hypothesisId":"A","location":"StatisticsUiHelper.OnStatisticsTabDrawItem","message":"draw","data":{"index":1,"bw":124,"bh":30,"tabW":1689,"selected":false},"timestamp":1780237292349}
{"sessionId":"0d0cc8","hypothesisId":"A","location":"StatisticsUiHelper.OnStatisticsTabDrawItem","message":"draw","data":{"index":2,"bw":124,"bh":30,"tabW":1689,"selected":false},"timestamp":1780237292350}
{"sessionId":"0d0cc8","hypothesisId":"A","location":"StatisticsUiHelper.OnStatisticsTabDrawItem","message":"draw","data":{"index":3,"bw":124,"bh":30,"tabW":1689,"selected":false},"timestamp":1780237292352}
{"sessionId":"0d0cc8","hypothesisId":"A","location":"StatisticsUiHelper.OnStatisticsTabDrawItem","message":"draw","data":{"index":4,"bw":124,"bh":30,"tabW":1689,"selected":false},"timestamp":1780237292354}
{"sessionId":"0d0cc8","hypothesisId":"A","location":"StatisticsUiHelper.OnStatisticsTabDrawItem","message":"draw","data":{"index":5,"bw":132,"bh":36,"tabW":1689,"selected":true},"timestamp":1780237292356}
{"sessionId":"0d0cc8","hypothesisId":"A","location":"StatisticsUiHelper.OnStatisticsTabDrawItem","message":"draw","data":{"index":4,"bw":124,"bh":30,"tabW":1689,"selected":false},"timestamp":1780237294749}
{"sessionId":"0d0cc8","hypothesisId":"A","location":"StatisticsUiHelper.OnStatisticsTabDrawItem","message":"draw","data":{"index":5,"bw":132,"bh":36,"tabW":1689,"selected":true},"timestamp":1780237294752}
{"sessionId":"0d0cc8","hypothesisId":"C","location":"StatisticsForm.InitializeForm","message":"start","data":{},"timestamp":1780237486435}
{"sessionId":"0d0cc8","hypothesisId":"C","location":"StatisticsForm.InitializeForm","message":"afterPopulate","data":{"tabCount":6},"timestamp":1780237486450}
{"sessionId":"0d0cc8","hypothesisId":"C","location":"StatisticsForm.InitializeForm","message":"afterChrome","data":{},"timestamp":1780237486451}
{"sessionId":"0d0cc8","hypothesisId":"B","location":"StatisticsUiHelper.ApplyPremiumGridStyle","message":"ok","data":{"grid":"","colCount":3},"timestamp":1780237486452}
{"sessionId":"0d0cc8","hypothesisId":"B","location":"StatisticsUiHelper.ApplyPremiumGridStyle","message":"ok","data":{"grid":"","colCount":6},"timestamp":1780237486452}
{"sessionId":"0d0cc8","hypothesisId":"B","location":"StatisticsUiHelper.ApplyPremiumGridStyle","message":"ok","data":{"grid":"","colCount":6},"timestamp":1780237486454}
{"sessionId":"0d0cc8","hypothesisId":"B","location":"StatisticsUiHelper.ApplyPremiumGridStyle","message":"ok","data":{"grid":"","colCount":8},"timestamp":1780237486455}
{"sessionId":"0d0cc8","hypothesisId":"B","location":"StatisticsUiHelper.ApplyPremiumGridStyle","message":"ok","data":{"grid":"","colCount":7},"timestamp":1780237486456}
{"sessionId":"0d0cc8","hypothesisId":"B","location":"StatisticsUiHelper.ApplyPremiumGridStyle","message":"ok","data":{"grid":"dgvByClient","colCount":13},"timestamp":1780237486458}
{"sessionId":"0d0cc8","hypothesisId":"B","location":"StatisticsUiHelper.ApplyPremiumGridStyle","message":"ok","data":{"grid":"dgvByClient","colCount":13},"timestamp":1780237486459}
{"sessionId":"0d0cc8","hypothesisId":"C","location":"StatisticsForm.InitializeForm","message":"afterGridStyles","data":{"runId":"post-fix"},"timestamp":1780237486459}
{"sessionId":"0d0cc8","hypothesisId":"C","location":"StatisticsForm.InitializeForm","message":"complete","data":{},"timestamp":1780237486469}
{"sessionId":"0d0cc8","hypothesisId":"B","location":"StatisticsUiHelper.ApplyPremiumGridStyle","message":"ok","data":{"grid":"","colCount":3},"timestamp":1780237486782}
{"sessionId":"0d0cc8","hypothesisId":"B","location":"StatisticsUiHelper.ApplyPremiumGridStyle","message":"ok","data":{"grid":"","colCount":6},"timestamp":1780237486793}
{"sessionId":"0d0cc8","hypothesisId":"B","location":"StatisticsUiHelper.ApplyPremiumGridStyle","message":"ok","data":{"grid":"","colCount":6},"timestamp":1780237486796}
{"sessionId":"0d0cc8","hypothesisId":"B","location":"StatisticsUiHelper.ApplyPremiumGridStyle","message":"ok","data":{"grid":"","colCount":8},"timestamp":1780237486802}
{"sessionId":"0d0cc8","hypothesisId":"B","location":"StatisticsUiHelper.ApplyPremiumGridStyle","message":"ok","data":{"grid":"","colCount":7},"timestamp":1780237486808}
{"sessionId":"0d0cc8","hypothesisId":"B","location":"StatisticsUiHelper.ApplyPremiumGridStyle","message":"ok","data":{"grid":"dgvByClient","colCount":13},"timestamp":1780237486815}
{"sessionId":"0d0cc8","hypothesisId":"A","location":"StatisticsUiHelper.OnStatisticsTabDrawItem","message":"draw","data":{"index":1,"bw":124,"bh":30,"tabW":1689,"selected":false},"timestamp":1780237486821}
{"sessionId":"0d0cc8","hypothesisId":"A","location":"StatisticsUiHelper.OnStatisticsTabDrawItem","message":"draw","data":{"index":2,"bw":124,"bh":30,"tabW":1689,"selected":false},"timestamp":1780237486823}
{"sessionId":"0d0cc8","hypothesisId":"A","location":"StatisticsUiHelper.OnStatisticsTabDrawItem","message":"draw","data":{"index":3,"bw":124,"bh":30,"tabW":1689,"selected":false},"timestamp":1780237486825}
{"sessionId":"0d0cc8","hypothesisId":"A","location":"StatisticsUiHelper.OnStatisticsTabDrawItem","message":"draw","data":{"index":4,"bw":124,"bh":30,"tabW":1689,"selected":false},"timestamp":1780237486826}
{"sessionId":"0d0cc8","hypothesisId":"A","location":"StatisticsUiHelper.OnStatisticsTabDrawItem","message":"draw","data":{"index":5,"bw":124,"bh":30,"tabW":1689,"selected":false},"timestamp":1780237486827}
{"sessionId":"0d0cc8","hypothesisId":"A","location":"StatisticsUiHelper.OnStatisticsTabDrawItem","message":"draw","data":{"index":0,"bw":132,"bh":36,"tabW":1689,"selected":true},"timestamp":1780237486828}
{"sessionId":"0d0cc8","hypothesisId":"A","location":"StatisticsUiHelper.OnStatisticsTabDrawItem","message":"draw","data":{"index":1,"bw":124,"bh":30,"tabW":1689,"selected":false},"timestamp":1780237486837}
{"sessionId":"0d0cc8","hypothesisId":"A","location":"StatisticsUiHelper.OnStatisticsTabDrawItem","message":"draw","data":{"index":2,"bw":124,"bh":30,"tabW":1689,"selected":false},"timestamp":1780237486838}
{"sessionId":"0d0cc8","hypothesisId":"A","location":"StatisticsUiHelper.OnStatisticsTabDrawItem","message":"draw","data":{"index":3,"bw":124,"bh":30,"tabW":1689,"selected":false},"timestamp":1780237486840}
{"sessionId":"0d0cc8","hypothesisId":"A","location":"StatisticsUiHelper.OnStatisticsTabDrawItem","message":"draw","data":{"index":4,"bw":124,"bh":30,"tabW":1689,"selected":false},"timestamp":1780237486841}
{"sessionId":"0d0cc8","hypothesisId":"A","location":"StatisticsUiHelper.OnStatisticsTabDrawItem","message":"draw","data":{"index":5,"bw":124,"bh":30,"tabW":1689,"selected":false},"timestamp":1780237486843}
{"sessionId":"0d0cc8","hypothesisId":"A","location":"StatisticsUiHelper.OnStatisticsTabDrawItem","message":"draw","data":{"index":0,"bw":132,"bh":36,"tabW":1689,"selected":true},"timestamp":1780237486844}
{"sessionId":"0d0cc8","hypothesisId":"A","location":"StatisticsUiHelper.OnStatisticsTabDrawItem","message":"draw","data":{"index":0,"bw":124,"bh":30,"tabW":1689,"selected":false},"timestamp":1780237488933}
{"sessionId":"0d0cc8","hypothesisId":"A","location":"StatisticsUiHelper.OnStatisticsTabDrawItem","message":"draw","data":{"index":1,"bw":124,"bh":30,"tabW":1689,"selected":false},"timestamp":1780237488935}
{"sessionId":"0d0cc8","hypothesisId":"A","location":"StatisticsUiHelper.OnStatisticsTabDrawItem","message":"draw","data":{"index":0,"bw":124,"bh":30,"tabW":1689,"selected":false},"timestamp":1780237488937}
{"sessionId":"0d0cc8","hypothesisId":"A","location":"StatisticsUiHelper.OnStatisticsTabDrawItem","message":"draw","data":{"index":1,"bw":124,"bh":30,"tabW":1689,"selected":false},"timestamp":1780237488938}
{"sessionId":"0d0cc8","hypothesisId":"A","location":"StatisticsUiHelper.OnStatisticsTabDrawItem","message":"draw","data":{"index":2,"bw":124,"bh":30,"tabW":1689,"selected":false},"timestamp":1780237488939}
{"sessionId":"0d0cc8","hypothesisId":"A","location":"StatisticsUiHelper.OnStatisticsTabDrawItem","message":"draw","data":{"index":4,"bw":124,"bh":30,"tabW":1689,"selected":false},"timestamp":1780237488940}
{"sessionId":"0d0cc8","hypothesisId":"A","location":"StatisticsUiHelper.OnStatisticsTabDrawItem","message":"draw","data":{"index":3,"bw":132,"bh":36,"tabW":1689,"selected":true},"timestamp":1780237488941}
{"sessionId":"0d0cc8","hypothesisId":"A","location":"StatisticsUiHelper.OnStatisticsTabDrawItem","message":"draw","data":{"index":2,"bw":124,"bh":30,"tabW":1689,"selected":false},"timestamp":1780237490473}
{"sessionId":"0d0cc8","hypothesisId":"A","location":"StatisticsUiHelper.OnStatisticsTabDrawItem","message":"draw","data":{"index":3,"bw":124,"bh":30,"tabW":1689,"selected":false},"timestamp":1780237490476}
{"sessionId":"0d0cc8","hypothesisId":"A","location":"StatisticsUiHelper.OnStatisticsTabDrawItem","message":"draw","data":{"index":5,"bw":124,"bh":30,"tabW":1689,"selected":false},"timestamp":1780237490478}
{"sessionId":"0d0cc8","hypothesisId":"A","location":"StatisticsUiHelper.OnStatisticsTabDrawItem","message":"draw","data":{"index":4,"bw":132,"bh":36,"tabW":1689,"selected":true},"timestamp":1780237490480}
{"sessionId":"0d0cc8","hypothesisId":"A","location":"StatisticsUiHelper.OnStatisticsTabDrawItem","message":"draw","data":{"index":2,"bw":124,"bh":30,"tabW":1689,"selected":false},"timestamp":1780237491800}
{"sessionId":"0d0cc8","hypothesisId":"A","location":"StatisticsUiHelper.OnStatisticsTabDrawItem","message":"draw","data":{"index":4,"bw":124,"bh":30,"tabW":1689,"selected":false},"timestamp":1780237491804}
{"sessionId":"0d0cc8","hypothesisId":"A","location":"StatisticsUiHelper.OnStatisticsTabDrawItem","message":"draw","data":{"index":5,"bw":124,"bh":30,"tabW":1689,"selected":false},"timestamp":1780237491806}
{"sessionId":"0d0cc8","hypothesisId":"A","location":"StatisticsUiHelper.OnStatisticsTabDrawItem","message":"draw","data":{"index":3,"bw":132,"bh":36,"tabW":1689,"selected":true},"timestamp":1780237491808}
{"sessionId":"0d0cc8","hypothesisId":"A","location":"StatisticsUiHelper.OnStatisticsTabDrawItem","message":"draw","data":{"index":2,"bw":124,"bh":30,"tabW":1689,"selected":false},"timestamp":1780237496440}
{"sessionId":"0d0cc8","hypothesisId":"A","location":"StatisticsUiHelper.OnStatisticsTabDrawItem","message":"draw","data":{"index":4,"bw":124,"bh":30,"tabW":1689,"selected":false},"timestamp":1780237496443}
{"sessionId":"0d0cc8","hypothesisId":"A","location":"StatisticsUiHelper.OnStatisticsTabDrawItem","message":"draw","data":{"index":3,"bw":132,"bh":36,"tabW":1689,"selected":true},"timestamp":1780237496445}
{"sessionId":"0d0cc8","hypothesisId":"A","location":"StatisticsUiHelper.OnStatisticsTabDrawItem","message":"draw","data":{"index":2,"bw":124,"bh":30,"tabW":1689,"selected":false},"timestamp":1780237503068}
{"sessionId":"0d0cc8","hypothesisId":"A","location":"StatisticsUiHelper.OnStatisticsTabDrawItem","message":"draw","data":{"index":4,"bw":124,"bh":30,"tabW":1689,"selected":false},"timestamp":1780237503071}
{"sessionId":"0d0cc8","hypothesisId":"A","location":"StatisticsUiHelper.OnStatisticsTabDrawItem","message":"draw","data":{"index":3,"bw":132,"bh":36,"tabW":1689,"selected":true},"timestamp":1780237503073}
{"sessionId":"0d0cc8","hypothesisId":"A","location":"StatisticsUiHelper.OnStatisticsTabDrawItem","message":"draw","data":{"index":0,"bw":124,"bh":30,"tabW":1689,"selected":false},"timestamp":1780237504379}
{"sessionId":"0d0cc8","hypothesisId":"A","location":"StatisticsUiHelper.OnStatisticsTabDrawItem","message":"draw","data":{"index":1,"bw":124,"bh":30,"tabW":1689,"selected":false},"timestamp":1780237504385}
{"sessionId":"0d0cc8","hypothesisId":"A","location":"StatisticsUiHelper.OnStatisticsTabDrawItem","message":"draw","data":{"index":2,"bw":124,"bh":30,"tabW":1689,"selected":false},"timestamp":1780237504388}
{"sessionId":"0d0cc8","hypothesisId":"A","location":"StatisticsUiHelper.OnStatisticsTabDrawItem","message":"draw","data":{"index":4,"bw":124,"bh":30,"tabW":1689,"selected":false},"timestamp":1780237504390}
{"sessionId":"0d0cc8","hypothesisId":"A","location":"StatisticsUiHelper.OnStatisticsTabDrawItem","message":"draw","data":{"index":5,"bw":124,"bh":30,"tabW":1689,"selected":false},"timestamp":1780237504393}
{"sessionId":"0d0cc8","hypothesisId":"A","location":"StatisticsUiHelper.OnStatisticsTabDrawItem","message":"draw","data":{"index":3,"bw":132,"bh":36,"tabW":1689,"selected":true},"timestamp":1780237504401}
{"sessionId":"0d0cc8","hypothesisId":"A","location":"StatisticsUiHelper.OnStatisticsTabDrawItem","message":"draw","data":{"index":0,"bw":124,"bh":30,"tabW":1689,"selected":false},"timestamp":1780237504441}
{"sessionId":"0d0cc8","hypothesisId":"A","location":"StatisticsUiHelper.OnStatisticsTabDrawItem","message":"draw","data":{"index":1,"bw":124,"bh":30,"tabW":1689,"selected":false},"timestamp":1780237504443}
{"sessionId":"0d0cc8","hypothesisId":"A","location":"StatisticsUiHelper.OnStatisticsTabDrawItem","message":"draw","data":{"index":2,"bw":124,"bh":30,"tabW":1689,"selected":false},"timestamp":1780237504445}
{"sessionId":"0d0cc8","hypothesisId":"A","location":"StatisticsUiHelper.OnStatisticsTabDrawItem","message":"draw","data":{"index":4,"bw":124,"bh":30,"tabW":1689,"selected":false},"timestamp":1780237504446}
{"sessionId":"0d0cc8","hypothesisId":"A","location":"StatisticsUiHelper.OnStatisticsTabDrawItem","message":"draw","data":{"index":5,"bw":124,"bh":30,"tabW":1689,"selected":false},"timestamp":1780237504448}
{"sessionId":"0d0cc8","hypothesisId":"A","location":"StatisticsUiHelper.OnStatisticsTabDrawItem","message":"draw","data":{"index":3,"bw":132,"bh":36,"tabW":1689,"selected":true},"timestamp":1780237504451}
{"sessionId":"0d0cc8","hypothesisId":"A","location":"StatisticsUiHelper.OnStatisticsTabDrawItem","message":"draw","data":{"index":0,"bw":124,"bh":30,"tabW":1689,"selected":false},"timestamp":1780237504497}
{"sessionId":"0d0cc8","hypothesisId":"A","location":"StatisticsUiHelper.OnStatisticsTabDrawItem","message":"draw","data":{"index":1,"bw":124,"bh":30,"tabW":1689,"selected":false},"timestamp":1780237504499}
{"sessionId":"0d0cc8","hypothesisId":"A","location":"StatisticsUiHelper.OnStatisticsTabDrawItem","message":"draw","data":{"index":2,"bw":124,"bh":30,"tabW":1689,"selected":false},"timestamp":1780237504501}
{"sessionId":"0d0cc8","hypothesisId":"A","location":"StatisticsUiHelper.OnStatisticsTabDrawItem","message":"draw","data":{"index":4,"bw":124,"bh":30,"tabW":1689,"selected":false},"timestamp":1780237504507}
{"sessionId":"0d0cc8","hypothesisId":"A","location":"StatisticsUiHelper.OnStatisticsTabDrawItem","message":"draw","data":{"index":5,"bw":124,"bh":30,"tabW":1689,"selected":false},"timestamp":1780237504508}
{"sessionId":"0d0cc8","hypothesisId":"A","location":"StatisticsUiHelper.OnStatisticsTabDrawItem","message":"draw","data":{"index":3,"bw":132,"bh":36,"tabW":1689,"selected":true},"timestamp":1780237504509}
{"sessionId":"0d0cc8","hypothesisId":"A","location":"StatisticsUiHelper.OnStatisticsTabDrawItem","message":"draw","data":{"index":0,"bw":124,"bh":30,"tabW":1689,"selected":false},"timestamp":1780237504547}
{"sessionId":"0d0cc8","hypothesisId":"A","location":"StatisticsUiHelper.OnStatisticsTabDrawItem","message":"draw","data":{"index":1,"bw":124,"bh":30,"tabW":1689,"selected":false},"timestamp":1780237504553}
{"sessionId":"0d0cc8","hypothesisId":"A","location":"StatisticsUiHelper.OnStatisticsTabDrawItem","message":"draw","data":{"index":2,"bw":124,"bh":30,"tabW":1689,"selected":false},"timestamp":1780237504554}
{"sessionId":"0d0cc8","hypothesisId":"A","location":"StatisticsUiHelper.OnStatisticsTabDrawItem","message":"draw","data":{"index":4,"bw":124,"bh":30,"tabW":1689,"selected":false},"timestamp":1780237504556}
{"sessionId":"0d0cc8","hypothesisId":"A","location":"StatisticsUiHelper.OnStatisticsTabDrawItem","message":"draw","data":{"index":5,"bw":124,"bh":30,"tabW":1689,"selected":false},"timestamp":1780237504558}
{"sessionId":"0d0cc8","hypothesisId":"A","location":"StatisticsUiHelper.OnStatisticsTabDrawItem","message":"draw","data":{"index":3,"bw":132,"bh":36,"tabW":1689,"selected":true},"timestamp":1780237504559}
{"sessionId":"0d0cc8","hypothesisId":"A","location":"StatisticsUiHelper.OnStatisticsTabDrawItem","message":"draw","data":{"index":0,"bw":124,"bh":30,"tabW":1689,"selected":false},"timestamp":1780237504567}
{"sessionId":"0d0cc8","hypothesisId":"A","location":"StatisticsUiHelper.OnStatisticsTabDrawItem","message":"draw","data":{"index":1,"bw":124,"bh":30,"tabW":1689,"selected":false},"timestamp":1780237504570}
{"sessionId":"0d0cc8","hypothesisId":"A","location":"StatisticsUiHelper.OnStatisticsTabDrawItem","message":"draw","data":{"index":2,"bw":124,"bh":30,"tabW":1689,"selected":false},"timestamp":1780237504571}
{"sessionId":"0d0cc8","hypothesisId":"A","location":"StatisticsUiHelper.OnStatisticsTabDrawItem","message":"draw","data":{"index":4,"bw":124,"bh":30,"tabW":1689,"selected":false},"timestamp":1780237504572}
{"sessionId":"0d0cc8","hypothesisId":"A","location":"StatisticsUiHelper.OnStatisticsTabDrawItem","message":"draw","data":{"index":5,"bw":124,"bh":30,"tabW":1689,"selected":false},"timestamp":1780237504573}
{"sessionId":"0d0cc8","hypothesisId":"A","location":"StatisticsUiHelper.OnStatisticsTabDrawItem","message":"draw","data":{"index":3,"bw":132,"bh":36,"tabW":1689,"selected":true},"timestamp":1780237504574}
{"sessionId":"0d0cc8","hypothesisId":"A","location":"StatisticsUiHelper.OnStatisticsTabDrawItem","message":"draw","data":{"index":0,"bw":124,"bh":30,"tabW":1689,"selected":false},"timestamp":1780237504582}
{"sessionId":"0d0cc8","hypothesisId":"A","location":"StatisticsUiHelper.OnStatisticsTabDrawItem","message":"draw","data":{"index":1,"bw":124,"bh":30,"tabW":1689,"selected":false},"timestamp":1780237504584}
{"sessionId":"0d0cc8","hypothesisId":"A","location":"StatisticsUiHelper.OnStatisticsTabDrawItem","message":"draw","data":{"index":2,"bw":124,"bh":30,"tabW":1689,"selected":false},"timestamp":1780237504585}
{"sessionId":"0d0cc8","hypothesisId":"A","location":"StatisticsUiHelper.OnStatisticsTabDrawItem","message":"draw","data":{"index":4,"bw":124,"bh":30,"tabW":1689,"selected":false},"timestamp":1780237504587}
{"sessionId":"0d0cc8","hypothesisId":"A","location":"StatisticsUiHelper.OnStatisticsTabDrawItem","message":"draw","data":{"index":5,"bw":124,"bh":30,"tabW":1689,"selected":false},"timestamp":1780237504588}
{"sessionId":"0d0cc8","hypothesisId":"A","location":"StatisticsUiHelper.OnStatisticsTabDrawItem","message":"draw","data":{"index":3,"bw":132,"bh":36,"tabW":1689,"selected":true},"timestamp":1780237504589}
{"sessionId":"0d0cc8","hypothesisId":"A","location":"StatisticsUiHelper.OnStatisticsTabDrawItem","message":"draw","data":{"index":2,"bw":124,"bh":30,"tabW":1689,"selected":false},"timestamp":1780237512739}
{"sessionId":"0d0cc8","hypothesisId":"A","location":"StatisticsUiHelper.OnStatisticsTabDrawItem","message":"draw","data":{"index":4,"bw":124,"bh":30,"tabW":1689,"selected":false},"timestamp":1780237512742}
{"sessionId":"0d0cc8","hypothesisId":"A","location":"StatisticsUiHelper.OnStatisticsTabDrawItem","message":"draw","data":{"index":3,"bw":132,"bh":36,"tabW":1689,"selected":true},"timestamp":1780237512746}
{"sessionId":"0d0cc8","hypothesisId":"A","location":"StatisticsUiHelper.OnStatisticsTabDrawItem","message":"draw","data":{"index":2,"bw":124,"bh":30,"tabW":1689,"selected":false},"timestamp":1780237517062}
{"sessionId":"0d0cc8","hypothesisId":"A","location":"StatisticsUiHelper.OnStatisticsTabDrawItem","message":"draw","data":{"index":4,"bw":124,"bh":30,"tabW":1689,"selected":false},"timestamp":1780237517064}
{"sessionId":"0d0cc8","hypothesisId":"A","location":"StatisticsUiHelper.OnStatisticsTabDrawItem","message":"draw","data":{"index":3,"bw":132,"bh":36,"tabW":1689,"selected":true},"timestamp":1780237517069}
{"sessionId":"0d0cc8","hypothesisId":"A","location":"StatisticsUiHelper.OnStatisticsTabDrawItem","message":"draw","data":{"index":2,"bw":124,"bh":30,"tabW":1689,"selected":false},"timestamp":1780237518675}
{"sessionId":"0d0cc8","hypothesisId":"A","location":"StatisticsUiHelper.OnStatisticsTabDrawItem","message":"draw","data":{"index":3,"bw":124,"bh":30,"tabW":1689,"selected":false},"timestamp":1780237518682}
{"sessionId":"0d0cc8","hypothesisId":"A","location":"StatisticsUiHelper.OnStatisticsTabDrawItem","message":"draw","data":{"index":4,"bw":124,"bh":30,"tabW":1689,"selected":false},"timestamp":1780237518683}
{"sessionId":"0d0cc8","hypothesisId":"A","location":"StatisticsUiHelper.OnStatisticsTabDrawItem","message":"draw","data":{"index":5,"bw":132,"bh":36,"tabW":1689,"selected":true},"timestamp":1780237518685}
{"sessionId":"0d0cc8","hypothesisId":"C","location":"StatisticsForm.InitializeForm","message":"start","data":{},"timestamp":1780237562551}
{"sessionId":"0d0cc8","hypothesisId":"C","location":"StatisticsForm.InitializeForm","message":"afterPopulate","data":{"tabCount":6},"timestamp":1780237562565}
{"sessionId":"0d0cc8","hypothesisId":"C","location":"StatisticsForm.InitializeForm","message":"afterChrome","data":{},"timestamp":1780237562565}
{"sessionId":"0d0cc8","hypothesisId":"B","location":"StatisticsUiHelper.ApplyPremiumGridStyle","message":"ok","data":{"grid":"","colCount":3},"timestamp":1780237562566}
{"sessionId":"0d0cc8","hypothesisId":"B","location":"StatisticsUiHelper.ApplyPremiumGridStyle","message":"ok","data":{"grid":"","colCount":6},"timestamp":1780237562567}
{"sessionId":"0d0cc8","hypothesisId":"B","location":"StatisticsUiHelper.ApplyPremiumGridStyle","message":"ok","data":{"grid":"","colCount":6},"timestamp":1780237562568}
{"sessionId":"0d0cc8","hypothesisId":"B","location":"StatisticsUiHelper.ApplyPremiumGridStyle","message":"ok","data":{"grid":"","colCount":8},"timestamp":1780237562569}
{"sessionId":"0d0cc8","hypothesisId":"B","location":"StatisticsUiHelper.ApplyPremiumGridStyle","message":"ok","data":{"grid":"","colCount":7},"timestamp":1780237562570}
{"sessionId":"0d0cc8","hypothesisId":"B","location":"StatisticsUiHelper.ApplyPremiumGridStyle","message":"ok","data":{"grid":"dgvByClient","colCount":13},"timestamp":1780237562575}
{"sessionId":"0d0cc8","hypothesisId":"B","location":"StatisticsUiHelper.ApplyPremiumGridStyle","message":"ok","data":{"grid":"dgvByClient","colCount":13},"timestamp":1780237562576}
{"sessionId":"0d0cc8","hypothesisId":"C","location":"StatisticsForm.InitializeForm","message":"afterGridStyles","data":{"runId":"post-fix"},"timestamp":1780237562578}
{"sessionId":"0d0cc8","hypothesisId":"C","location":"StatisticsForm.InitializeForm","message":"complete","data":{},"timestamp":1780237562581}
{"sessionId":"0d0cc8","hypothesisId":"B","location":"StatisticsUiHelper.ApplyPremiumGridStyle","message":"ok","data":{"grid":"","colCount":3},"timestamp":1780237562877}
{"sessionId":"0d0cc8","hypothesisId":"B","location":"StatisticsUiHelper.ApplyPremiumGridStyle","message":"ok","data":{"grid":"","colCount":6},"timestamp":1780237562890}
{"sessionId":"0d0cc8","hypothesisId":"B","location":"StatisticsUiHelper.ApplyPremiumGridStyle","message":"ok","data":{"grid":"","colCount":6},"timestamp":1780237562892}
{"sessionId":"0d0cc8","hypothesisId":"B","location":"StatisticsUiHelper.ApplyPremiumGridStyle","message":"ok","data":{"grid":"","colCount":8},"timestamp":1780237562896}
{"sessionId":"0d0cc8","hypothesisId":"B","location":"StatisticsUiHelper.ApplyPremiumGridStyle","message":"ok","data":{"grid":"","colCount":7},"timestamp":1780237562903}
{"sessionId":"0d0cc8","hypothesisId":"B","location":"StatisticsUiHelper.ApplyPremiumGridStyle","message":"ok","data":{"grid":"dgvByClient","colCount":13},"timestamp":1780237562909}
{"sessionId":"0d0cc8","hypothesisId":"A","location":"StatisticsUiHelper.OnStatisticsTabDrawItem","message":"draw","data":{"index":1,"bw":124,"bh":30,"tabW":1689,"selected":false},"timestamp":1780237562919}
{"sessionId":"0d0cc8","hypothesisId":"A","location":"StatisticsUiHelper.OnStatisticsTabDrawItem","message":"draw","data":{"index":2,"bw":124,"bh":30,"tabW":1689,"selected":false},"timestamp":1780237562922}
{"sessionId":"0d0cc8","hypothesisId":"A","location":"StatisticsUiHelper.OnStatisticsTabDrawItem","message":"draw","data":{"index":3,"bw":124,"bh":30,"tabW":1689,"selected":false},"timestamp":1780237562924}
{"sessionId":"0d0cc8","hypothesisId":"A","location":"StatisticsUiHelper.OnStatisticsTabDrawItem","message":"draw","data":{"index":4,"bw":124,"bh":30,"tabW":1689,"selected":false},"timestamp":1780237562927}
{"sessionId":"0d0cc8","hypothesisId":"A","location":"StatisticsUiHelper.OnStatisticsTabDrawItem","message":"draw","data":{"index":5,"bw":124,"bh":30,"tabW":1689,"selected":false},"timestamp":1780237562928}
{"sessionId":"0d0cc8","hypothesisId":"A","location":"StatisticsUiHelper.OnStatisticsTabDrawItem","message":"draw","data":{"index":0,"bw":132,"bh":36,"tabW":1689,"selected":true},"timestamp":1780237562930}
{"sessionId":"0d0cc8","hypothesisId":"A","location":"StatisticsUiHelper.OnStatisticsTabDrawItem","message":"draw","data":{"index":1,"bw":124,"bh":30,"tabW":1689,"selected":false},"timestamp":1780237562944}
{"sessionId":"0d0cc8","hypothesisId":"A","location":"StatisticsUiHelper.OnStatisticsTabDrawItem","message":"draw","data":{"index":2,"bw":124,"bh":30,"tabW":1689,"selected":false},"timestamp":1780237562946}
{"sessionId":"0d0cc8","hypothesisId":"A","location":"StatisticsUiHelper.OnStatisticsTabDrawItem","message":"draw","data":{"index":3,"bw":124,"bh":30,"tabW":1689,"selected":false},"timestamp":1780237562948}
{"sessionId":"0d0cc8","hypothesisId":"A","location":"StatisticsUiHelper.OnStatisticsTabDrawItem","message":"draw","data":{"index":4,"bw":124,"bh":30,"tabW":1689,"selected":false},"timestamp":1780237562949}
{"sessionId":"0d0cc8","hypothesisId":"A","location":"StatisticsUiHelper.OnStatisticsTabDrawItem","message":"draw","data":{"index":5,"bw":124,"bh":30,"tabW":1689,"selected":false},"timestamp":1780237562951}
{"sessionId":"0d0cc8","hypothesisId":"A","location":"StatisticsUiHelper.OnStatisticsTabDrawItem","message":"draw","data":{"index":0,"bw":132,"bh":36,"tabW":1689,"selected":true},"timestamp":1780237562952}
{"sessionId":"0d0cc8","hypothesisId":"A","location":"StatisticsUiHelper.OnStatisticsTabDrawItem","message":"draw","data":{"index":0,"bw":124,"bh":30,"tabW":1689,"selected":false},"timestamp":1780237565219}
{"sessionId":"0d0cc8","hypothesisId":"A","location":"StatisticsUiHelper.OnStatisticsTabDrawItem","message":"draw","data":{"index":1,"bw":124,"bh":30,"tabW":1689,"selected":false},"timestamp":1780237565223}
{"sessionId":"0d0cc8","hypothesisId":"A","location":"StatisticsUiHelper.OnStatisticsTabDrawItem","message":"draw","data":{"index":0,"bw":124,"bh":30,"tabW":1689,"selected":false},"timestamp":1780237565225}
{"sessionId":"0d0cc8","hypothesisId":"A","location":"StatisticsUiHelper.OnStatisticsTabDrawItem","message":"draw","data":{"index":1,"bw":124,"bh":30,"tabW":1689,"selected":false},"timestamp":1780237565227}
{"sessionId":"0d0cc8","hypothesisId":"A","location":"StatisticsUiHelper.OnStatisticsTabDrawItem","message":"draw","data":{"index":2,"bw":124,"bh":30,"tabW":1689,"selected":false},"timestamp":1780237565229}
{"sessionId":"0d0cc8","hypothesisId":"A","location":"StatisticsUiHelper.OnStatisticsTabDrawItem","message":"draw","data":{"index":3,"bw":124,"bh":30,"tabW":1689,"selected":false},"timestamp":1780237565231}
{"sessionId":"0d0cc8","hypothesisId":"A","location":"StatisticsUiHelper.OnStatisticsTabDrawItem","message":"draw","data":{"index":4,"bw":124,"bh":30,"tabW":1689,"selected":false},"timestamp":1780237565238}
{"sessionId":"0d0cc8","hypothesisId":"A","location":"StatisticsUiHelper.OnStatisticsTabDrawItem","message":"draw","data":{"index":5,"bw":132,"bh":36,"tabW":1689,"selected":true},"timestamp":1780237565240}
{"sessionId":"0d0cc8","hypothesisId":"A","location":"StatisticsUiHelper.OnStatisticsTabDrawItem","message":"draw","data":{"index":4,"bw":124,"bh":30,"tabW":1689,"selected":false},"timestamp":1780237567053}
{"sessionId":"0d0cc8","hypothesisId":"A","location":"StatisticsUiHelper.OnStatisticsTabDrawItem","message":"draw","data":{"index":5,"bw":132,"bh":36,"tabW":1689,"selected":true},"timestamp":1780237567061}
{"sessionId":"0d0cc8","hypothesisId":"A","location":"StatisticsUiHelper.OnStatisticsTabDrawItem","message":"draw","data":{"index":4,"bw":124,"bh":30,"tabW":1689,"selected":false},"timestamp":1780237568428}
{"sessionId":"0d0cc8","hypothesisId":"A","location":"StatisticsUiHelper.OnStatisticsTabDrawItem","message":"draw","data":{"index":5,"bw":132,"bh":36,"tabW":1689,"selected":true},"timestamp":1780237568431}
{"sessionId":"0d0cc8","hypothesisId":"A","location":"StatisticsUiHelper.OnStatisticsTabDrawItem","message":"draw","data":{"index":0,"bw":124,"bh":30,"tabW":1689,"selected":false},"timestamp":1780237572678}
{"sessionId":"0d0cc8","hypothesisId":"A","location":"StatisticsUiHelper.OnStatisticsTabDrawItem","message":"draw","data":{"index":1,"bw":124,"bh":30,"tabW":1689,"selected":false},"timestamp":1780237572680}
{"sessionId":"0d0cc8","hypothesisId":"A","location":"StatisticsUiHelper.OnStatisticsTabDrawItem","message":"draw","data":{"index":2,"bw":124,"bh":30,"tabW":1689,"selected":false},"timestamp":1780237572683}
{"sessionId":"0d0cc8","hypothesisId":"A","location":"StatisticsUiHelper.OnStatisticsTabDrawItem","message":"draw","data":{"index":3,"bw":124,"bh":30,"tabW":1689,"selected":false},"timestamp":1780237572685}
{"sessionId":"0d0cc8","hypothesisId":"A","location":"StatisticsUiHelper.OnStatisticsTabDrawItem","message":"draw","data":{"index":4,"bw":124,"bh":30,"tabW":1689,"selected":false},"timestamp":1780237572687}
{"sessionId":"0d0cc8","hypothesisId":"A","location":"StatisticsUiHelper.OnStatisticsTabDrawItem","message":"draw","data":{"index":5,"bw":132,"bh":36,"tabW":1689,"selected":true},"timestamp":1780237572688}
{"sessionId":"0d0cc8","hypothesisId":"A","location":"StatisticsUiHelper.OnStatisticsTabDrawItem","message":"draw","data":{"index":0,"bw":124,"bh":30,"tabW":1689,"selected":false},"timestamp":1780237572753}
{"sessionId":"0d0cc8","hypothesisId":"A","location":"StatisticsUiHelper.OnStatisticsTabDrawItem","message":"draw","data":{"index":1,"bw":124,"bh":30,"tabW":1689,"selected":false},"timestamp":1780237572755}
{"sessionId":"0d0cc8","hypothesisId":"A","location":"StatisticsUiHelper.OnStatisticsTabDrawItem","message":"draw","data":{"index":2,"bw":124,"bh":30,"tabW":1689,"selected":false},"timestamp":1780237572757}
{"sessionId":"0d0cc8","hypothesisId":"A","location":"StatisticsUiHelper.OnStatisticsTabDrawItem","message":"draw","data":{"index":3,"bw":124,"bh":30,"tabW":1689,"selected":false},"timestamp":1780237572758}
{"sessionId":"0d0cc8","hypothesisId":"A","location":"StatisticsUiHelper.OnStatisticsTabDrawItem","message":"draw","data":{"index":4,"bw":124,"bh":30,"tabW":1689,"selected":false},"timestamp":1780237572759}
{"sessionId":"0d0cc8","hypothesisId":"A","location":"StatisticsUiHelper.OnStatisticsTabDrawItem","message":"draw","data":{"index":5,"bw":132,"bh":36,"tabW":1689,"selected":true},"timestamp":1780237572760}
{"sessionId":"0d0cc8","hypothesisId":"A","location":"StatisticsUiHelper.OnStatisticsTabDrawItem","message":"draw","data":{"index":0,"bw":124,"bh":30,"tabW":1689,"selected":false},"timestamp":1780237572817}
{"sessionId":"0d0cc8","hypothesisId":"A","location":"StatisticsUiHelper.OnStatisticsTabDrawItem","message":"draw","data":{"index":1,"bw":124,"bh":30,"tabW":1689,"selected":false},"timestamp":1780237572820}
{"sessionId":"0d0cc8","hypothesisId":"A","location":"StatisticsUiHelper.OnStatisticsTabDrawItem","message":"draw","data":{"index":2,"bw":124,"bh":30,"tabW":1689,"selected":false},"timestamp":1780237572821}
{"sessionId":"0d0cc8","hypothesisId":"A","location":"StatisticsUiHelper.OnStatisticsTabDrawItem","message":"draw","data":{"index":3,"bw":124,"bh":30,"tabW":1689,"selected":false},"timestamp":1780237572822}
{"sessionId":"0d0cc8","hypothesisId":"A","location":"StatisticsUiHelper.OnStatisticsTabDrawItem","message":"draw","data":{"index":4,"bw":124,"bh":30,"tabW":1689,"selected":false},"timestamp":1780237572823}
{"sessionId":"0d0cc8","hypothesisId":"A","location":"StatisticsUiHelper.OnStatisticsTabDrawItem","message":"draw","data":{"index":5,"bw":132,"bh":36,"tabW":1689,"selected":true},"timestamp":1780237572824}
{"sessionId":"0d0cc8","hypothesisId":"A","location":"StatisticsUiHelper.OnStatisticsTabDrawItem","message":"draw","data":{"index":0,"bw":124,"bh":30,"tabW":1689,"selected":false},"timestamp":1780237574595}
{"sessionId":"0d0cc8","hypothesisId":"A","location":"StatisticsUiHelper.OnStatisticsTabDrawItem","message":"draw","data":{"index":1,"bw":124,"bh":30,"tabW":1689,"selected":false},"timestamp":1780237574598}
{"sessionId":"0d0cc8","hypothesisId":"A","location":"StatisticsUiHelper.OnStatisticsTabDrawItem","message":"draw","data":{"index":2,"bw":124,"bh":30,"tabW":1689,"selected":false},"timestamp":1780237574599}
{"sessionId":"0d0cc8","hypothesisId":"A","location":"StatisticsUiHelper.OnStatisticsTabDrawItem","message":"draw","data":{"index":3,"bw":124,"bh":30,"tabW":1689,"selected":false},"timestamp":1780237574600}
{"sessionId":"0d0cc8","hypothesisId":"A","location":"StatisticsUiHelper.OnStatisticsTabDrawItem","message":"draw","data":{"index":4,"bw":124,"bh":30,"tabW":1689,"selected":false},"timestamp":1780237574601}
{"sessionId":"0d0cc8","hypothesisId":"A","location":"StatisticsUiHelper.OnStatisticsTabDrawItem","message":"draw","data":{"index":5,"bw":132,"bh":36,"tabW":1689,"selected":true},"timestamp":1780237574602}
{"sessionId":"0d0cc8","hypothesisId":"A","location":"StatisticsUiHelper.OnStatisticsTabDrawItem","message":"draw","data":{"index":0,"bw":124,"bh":30,"tabW":1689,"selected":false},"timestamp":1780237574676}
{"sessionId":"0d0cc8","hypothesisId":"A","location":"StatisticsUiHelper.OnStatisticsTabDrawItem","message":"draw","data":{"index":1,"bw":124,"bh":30,"tabW":1689,"selected":false},"timestamp":1780237574679}
{"sessionId":"0d0cc8","hypothesisId":"A","location":"StatisticsUiHelper.OnStatisticsTabDrawItem","message":"draw","data":{"index":2,"bw":124,"bh":30,"tabW":1689,"selected":false},"timestamp":1780237574680}
{"sessionId":"0d0cc8","hypothesisId":"A","location":"StatisticsUiHelper.OnStatisticsTabDrawItem","message":"draw","data":{"index":3,"bw":124,"bh":30,"tabW":1689,"selected":false},"timestamp":1780237574682}
{"sessionId":"0d0cc8","hypothesisId":"A","location":"StatisticsUiHelper.OnStatisticsTabDrawItem","message":"draw","data":{"index":4,"bw":124,"bh":30,"tabW":1689,"selected":false},"timestamp":1780237574683}
{"sessionId":"0d0cc8","hypothesisId":"A","location":"StatisticsUiHelper.OnStatisticsTabDrawItem","message":"draw","data":{"index":5,"bw":132,"bh":36,"tabW":1689,"selected":true},"timestamp":1780237574684}
{"sessionId":"0d0cc8","hypothesisId":"A","location":"StatisticsUiHelper.OnStatisticsTabDrawItem","message":"draw","data":{"index":0,"bw":124,"bh":30,"tabW":1689,"selected":false},"timestamp":1780237574762}
{"sessionId":"0d0cc8","hypothesisId":"A","location":"StatisticsUiHelper.OnStatisticsTabDrawItem","message":"draw","data":{"index":1,"bw":124,"bh":30,"tabW":1689,"selected":false},"timestamp":1780237574764}
{"sessionId":"0d0cc8","hypothesisId":"A","location":"StatisticsUiHelper.OnStatisticsTabDrawItem","message":"draw","data":{"index":2,"bw":124,"bh":30,"tabW":1689,"selected":false},"timestamp":1780237574766}
{"sessionId":"0d0cc8","hypothesisId":"A","location":"StatisticsUiHelper.OnStatisticsTabDrawItem","message":"draw","data":{"index":3,"bw":124,"bh":30,"tabW":1689,"selected":false},"timestamp":1780237574767}
{"sessionId":"0d0cc8","hypothesisId":"A","location":"StatisticsUiHelper.OnStatisticsTabDrawItem","message":"draw","data":{"index":4,"bw":124,"bh":30,"tabW":1689,"selected":false},"timestamp":1780237574768}
{"sessionId":"0d0cc8","hypothesisId":"A","location":"StatisticsUiHelper.OnStatisticsTabDrawItem","message":"draw","data":{"index":5,"bw":132,"bh":36,"tabW":1689,"selected":true},"timestamp":1780237574769}
{"sessionId":"0d0cc8","hypothesisId":"A","location":"StatisticsUiHelper.OnStatisticsTabDrawItem","message":"draw","data":{"index":0,"bw":124,"bh":30,"tabW":1689,"selected":false},"timestamp":1780237574833}
{"sessionId":"0d0cc8","hypothesisId":"A","location":"StatisticsUiHelper.OnStatisticsTabDrawItem","message":"draw","data":{"index":1,"bw":124,"bh":30,"tabW":1689,"selected":false},"timestamp":1780237574836}
{"sessionId":"0d0cc8","hypothesisId":"A","location":"StatisticsUiHelper.OnStatisticsTabDrawItem","message":"draw","data":{"index":2,"bw":124,"bh":30,"tabW":1689,"selected":false},"timestamp":1780237574837}
{"sessionId":"0d0cc8","hypothesisId":"A","location":"StatisticsUiHelper.OnStatisticsTabDrawItem","message":"draw","data":{"index":3,"bw":124,"bh":30,"tabW":1689,"selected":false},"timestamp":1780237574839}
{"sessionId":"0d0cc8","hypothesisId":"A","location":"StatisticsUiHelper.OnStatisticsTabDrawItem","message":"draw","data":{"index":4,"bw":124,"bh":30,"tabW":1689,"selected":false},"timestamp":1780237574839}
{"sessionId":"0d0cc8","hypothesisId":"A","location":"StatisticsUiHelper.OnStatisticsTabDrawItem","message":"draw","data":{"index":5,"bw":132,"bh":36,"tabW":1689,"selected":true},"timestamp":1780237574841}
{"sessionId":"0d0cc8","hypothesisId":"A","location":"StatisticsUiHelper.OnStatisticsTabDrawItem","message":"draw","data":{"index":0,"bw":124,"bh":30,"tabW":1689,"selected":false},"timestamp":1780237574896}
{"sessionId":"0d0cc8","hypothesisId":"A","location":"StatisticsUiHelper.OnStatisticsTabDrawItem","message":"draw","data":{"index":1,"bw":124,"bh":30,"tabW":1689,"selected":false},"timestamp":1780237574898}
{"sessionId":"0d0cc8","hypothesisId":"A","location":"StatisticsUiHelper.OnStatisticsTabDrawItem","message":"draw","data":{"index":2,"bw":124,"bh":30,"tabW":1689,"selected":false},"timestamp":1780237574899}
{"sessionId":"0d0cc8","hypothesisId":"A","location":"StatisticsUiHelper.OnStatisticsTabDrawItem","message":"draw","data":{"index":3,"bw":124,"bh":30,"tabW":1689,"selected":false},"timestamp":1780237574902}
{"sessionId":"0d0cc8","hypothesisId":"A","location":"StatisticsUiHelper.OnStatisticsTabDrawItem","message":"draw","data":{"index":4,"bw":124,"bh":30,"tabW":1689,"selected":false},"timestamp":1780237574904}
{"sessionId":"0d0cc8","hypothesisId":"A","location":"StatisticsUiHelper.OnStatisticsTabDrawItem","message":"draw","data":{"index":5,"bw":132,"bh":36,"tabW":1689,"selected":true},"timestamp":1780237574905}
{"sessionId":"0d0cc8","hypothesisId":"A","location":"StatisticsUiHelper.OnStatisticsTabDrawItem","message":"draw","data":{"index":0,"bw":124,"bh":30,"tabW":1689,"selected":false},"timestamp":1780237574952}
{"sessionId":"0d0cc8","hypothesisId":"A","location":"StatisticsUiHelper.OnStatisticsTabDrawItem","message":"draw","data":{"index":1,"bw":124,"bh":30,"tabW":1689,"selected":false},"timestamp":1780237574954}
{"sessionId":"0d0cc8","hypothesisId":"A","location":"StatisticsUiHelper.OnStatisticsTabDrawItem","message":"draw","data":{"index":2,"bw":124,"bh":30,"tabW":1689,"selected":false},"timestamp":1780237574955}
{"sessionId":"0d0cc8","hypothesisId":"A","location":"StatisticsUiHelper.OnStatisticsTabDrawItem","message":"draw","data":{"index":3,"bw":124,"bh":30,"tabW":1689,"selected":false},"timestamp":1780237574957}
{"sessionId":"0d0cc8","hypothesisId":"A","location":"StatisticsUiHelper.OnStatisticsTabDrawItem","message":"draw","data":{"index":4,"bw":124,"bh":30,"tabW":1689,"selected":false},"timestamp":1780237574958}
{"sessionId":"0d0cc8","hypothesisId":"A","location":"StatisticsUiHelper.OnStatisticsTabDrawItem","message":"draw","data":{"index":5,"bw":132,"bh":36,"tabW":1689,"selected":true},"timestamp":1780237574959}
{"sessionId":"0d0cc8","hypothesisId":"A","location":"StatisticsUiHelper.OnStatisticsTabDrawItem","message":"draw","data":{"index":0,"bw":124,"bh":30,"tabW":1689,"selected":false},"timestamp":1780237575021}
{"sessionId":"0d0cc8","hypothesisId":"A","location":"StatisticsUiHelper.OnStatisticsTabDrawItem","message":"draw","data":{"index":1,"bw":124,"bh":30,"tabW":1689,"selected":false},"timestamp":1780237575023}
{"sessionId":"0d0cc8","hypothesisId":"A","location":"StatisticsUiHelper.OnStatisticsTabDrawItem","message":"draw","data":{"index":2,"bw":124,"bh":30,"tabW":1689,"selected":false},"timestamp":1780237575024}
{"sessionId":"0d0cc8","hypothesisId":"A","location":"StatisticsUiHelper.OnStatisticsTabDrawItem","message":"draw","data":{"index":3,"bw":124,"bh":30,"tabW":1689,"selected":false},"timestamp":1780237575026}
{"sessionId":"0d0cc8","hypothesisId":"A","location":"StatisticsUiHelper.OnStatisticsTabDrawItem","message":"draw","data":{"index":4,"bw":124,"bh":30,"tabW":1689,"selected":false},"timestamp":1780237575028}
{"sessionId":"0d0cc8","hypothesisId":"A","location":"StatisticsUiHelper.OnStatisticsTabDrawItem","message":"draw","data":{"index":5,"bw":132,"bh":36,"tabW":1689,"selected":true},"timestamp":1780237575029}
{"sessionId":"0d0cc8","hypothesisId":"A","location":"StatisticsUiHelper.OnStatisticsTabDrawItem","message":"draw","data":{"index":0,"bw":124,"bh":30,"tabW":1689,"selected":false},"timestamp":1780237575090}
{"sessionId":"0d0cc8","hypothesisId":"A","location":"StatisticsUiHelper.OnStatisticsTabDrawItem","message":"draw","data":{"index":1,"bw":124,"bh":30,"tabW":1689,"selected":false},"timestamp":1780237575091}
{"sessionId":"0d0cc8","hypothesisId":"A","location":"StatisticsUiHelper.OnStatisticsTabDrawItem","message":"draw","data":{"index":2,"bw":124,"bh":30,"tabW":1689,"selected":false},"timestamp":1780237575093}
{"sessionId":"0d0cc8","hypothesisId":"A","location":"StatisticsUiHelper.OnStatisticsTabDrawItem","message":"draw","data":{"index":3,"bw":124,"bh":30,"tabW":1689,"selected":false},"timestamp":1780237575095}
{"sessionId":"0d0cc8","hypothesisId":"A","location":"StatisticsUiHelper.OnStatisticsTabDrawItem","message":"draw","data":{"index":4,"bw":124,"bh":30,"tabW":1689,"selected":false},"timestamp":1780237575097}
{"sessionId":"0d0cc8","hypothesisId":"A","location":"StatisticsUiHelper.OnStatisticsTabDrawItem","message":"draw","data":{"index":5,"bw":132,"bh":36,"tabW":1689,"selected":true},"timestamp":1780237575099}
{"sessionId":"0d0cc8","hypothesisId":"A","location":"StatisticsUiHelper.OnStatisticsTabDrawItem","message":"draw","data":{"index":0,"bw":124,"bh":30,"tabW":1689,"selected":false},"timestamp":1780237575155}
{"sessionId":"0d0cc8","hypothesisId":"A","location":"StatisticsUiHelper.OnStatisticsTabDrawItem","message":"draw","data":{"index":1,"bw":124,"bh":30,"tabW":1689,"selected":false},"timestamp":1780237575156}
{"sessionId":"0d0cc8","hypothesisId":"A","location":"StatisticsUiHelper.OnStatisticsTabDrawItem","message":"draw","data":{"index":2,"bw":124,"bh":30,"tabW":1689,"selected":false},"timestamp":1780237575158}
{"sessionId":"0d0cc8","hypothesisId":"A","location":"StatisticsUiHelper.OnStatisticsTabDrawItem","message":"draw","data":{"index":3,"bw":124,"bh":30,"tabW":1689,"selected":false},"timestamp":1780237575159}
{"sessionId":"0d0cc8","hypothesisId":"A","location":"StatisticsUiHelper.OnStatisticsTabDrawItem","message":"draw","data":{"index":4,"bw":124,"bh":30,"tabW":1689,"selected":false},"timestamp":1780237575159}
{"sessionId":"0d0cc8","hypothesisId":"A","location":"StatisticsUiHelper.OnStatisticsTabDrawItem","message":"draw","data":{"index":5,"bw":132,"bh":36,"tabW":1689,"selected":true},"timestamp":1780237575162}
{"sessionId":"0d0cc8","hypothesisId":"A","location":"StatisticsUiHelper.OnStatisticsTabDrawItem","message":"draw","data":{"index":0,"bw":124,"bh":30,"tabW":1689,"selected":false},"timestamp":1780237575336}
{"sessionId":"0d0cc8","hypothesisId":"A","location":"StatisticsUiHelper.OnStatisticsTabDrawItem","message":"draw","data":{"index":1,"bw":124,"bh":30,"tabW":1689,"selected":false},"timestamp":1780237575337}
{"sessionId":"0d0cc8","hypothesisId":"A","location":"StatisticsUiHelper.OnStatisticsTabDrawItem","message":"draw","data":{"index":2,"bw":124,"bh":30,"tabW":1689,"selected":false},"timestamp":1780237575339}
{"sessionId":"0d0cc8","hypothesisId":"A","location":"StatisticsUiHelper.OnStatisticsTabDrawItem","message":"draw","data":{"index":3,"bw":124,"bh":30,"tabW":1689,"selected":false},"timestamp":1780237575340}
{"sessionId":"0d0cc8","hypothesisId":"A","location":"StatisticsUiHelper.OnStatisticsTabDrawItem","message":"draw","data":{"index":4,"bw":124,"bh":30,"tabW":1689,"selected":false},"timestamp":1780237575341}
{"sessionId":"0d0cc8","hypothesisId":"A","location":"StatisticsUiHelper.OnStatisticsTabDrawItem","message":"draw","data":{"index":5,"bw":132,"bh":36,"tabW":1689,"selected":true},"timestamp":1780237575342}
{"sessionId":"0d0cc8","hypothesisId":"A","location":"StatisticsUiHelper.OnStatisticsTabDrawItem","message":"draw","data":{"index":0,"bw":124,"bh":30,"tabW":1689,"selected":false},"timestamp":1780237575842}
{"sessionId":"0d0cc8","hypothesisId":"A","location":"StatisticsUiHelper.OnStatisticsTabDrawItem","message":"draw","data":{"index":0,"bw":124,"bh":30,"tabW":1689,"selected":false},"timestamp":1780237575888}
{"sessionId":"0d0cc8","hypothesisId":"A","location":"StatisticsUiHelper.OnStatisticsTabDrawItem","message":"draw","data":{"index":0,"bw":124,"bh":30,"tabW":1689,"selected":false},"timestamp":1780237575919}
{"sessionId":"0d0cc8","hypothesisId":"A","location":"StatisticsUiHelper.OnStatisticsTabDrawItem","message":"draw","data":{"index":0,"bw":124,"bh":30,"tabW":1689,"selected":false},"timestamp":1780237575940}
{"sessionId":"0d0cc8","hypothesisId":"A","location":"StatisticsUiHelper.OnStatisticsTabDrawItem","message":"draw","data":{"index":0,"bw":124,"bh":30,"tabW":1689,"selected":false},"timestamp":1780237575965}
{"sessionId":"0d0cc8","hypothesisId":"A","location":"StatisticsUiHelper.OnStatisticsTabDrawItem","message":"draw","data":{"index":0,"bw":124,"bh":30,"tabW":1689,"selected":false},"timestamp":1780237575984}
{"sessionId":"0d0cc8","hypothesisId":"A","location":"StatisticsUiHelper.OnStatisticsTabDrawItem","message":"draw","data":{"index":0,"bw":124,"bh":30,"tabW":1689,"selected":false},"timestamp":1780237575997}
{"sessionId":"0d0cc8","hypothesisId":"A","location":"StatisticsUiHelper.OnStatisticsTabDrawItem","message":"draw","data":{"index":0,"bw":124,"bh":30,"tabW":1689,"selected":false},"timestamp":1780237576011}
{"sessionId":"0d0cc8","hypothesisId":"A","location":"StatisticsUiHelper.OnStatisticsTabDrawItem","message":"draw","data":{"index":0,"bw":124,"bh":30,"tabW":1689,"selected":false},"timestamp":1780237576036}
{"sessionId":"0d0cc8","hypothesisId":"A","location":"StatisticsUiHelper.OnStatisticsTabDrawItem","message":"draw","data":{"index":0,"bw":124,"bh":30,"tabW":1689,"selected":false},"timestamp":1780237576042}
{"sessionId":"0d0cc8","hypothesisId":"A","location":"StatisticsUiHelper.OnStatisticsTabDrawItem","message":"draw","data":{"index":0,"bw":124,"bh":30,"tabW":1689,"selected":false},"timestamp":1780237576051}
{"sessionId":"0d0cc8","hypothesisId":"A","location":"StatisticsUiHelper.OnStatisticsTabDrawItem","message":"draw","data":{"index":0,"bw":124,"bh":30,"tabW":1689,"selected":false},"timestamp":1780237576073}
{"sessionId":"0d0cc8","hypothesisId":"A","location":"StatisticsUiHelper.OnStatisticsTabDrawItem","message":"draw","data":{"index":0,"bw":124,"bh":30,"tabW":1689,"selected":false},"timestamp":1780237576084}
{"sessionId":"0d0cc8","hypothesisId":"A","location":"StatisticsUiHelper.OnStatisticsTabDrawItem","message":"draw","data":{"index":0,"bw":124,"bh":30,"tabW":1689,"selected":false},"timestamp":1780237576106}
{"sessionId":"0d0cc8","hypothesisId":"A","location":"StatisticsUiHelper.OnStatisticsTabDrawItem","message":"draw","data":{"index":0,"bw":124,"bh":30,"tabW":1689,"selected":false},"timestamp":1780237576129}
{"sessionId":"0d0cc8","hypothesisId":"A","location":"StatisticsUiHelper.OnStatisticsTabDrawItem","message":"draw","data":{"index":0,"bw":124,"bh":30,"tabW":1689,"selected":false},"timestamp":1780237576140}
{"sessionId":"0d0cc8","hypothesisId":"A","location":"StatisticsUiHelper.OnStatisticsTabDrawItem","message":"draw","data":{"index":0,"bw":124,"bh":30,"tabW":1689,"selected":false},"timestamp":1780237576151}
{"sessionId":"0d0cc8","hypothesisId":"A","location":"StatisticsUiHelper.OnStatisticsTabDrawItem","message":"draw","data":{"index":4,"bw":124,"bh":30,"tabW":1689,"selected":false},"timestamp":1780237580881}
{"sessionId":"0d0cc8","hypothesisId":"A","location":"StatisticsUiHelper.OnStatisticsTabDrawItem","message":"draw","data":{"index":5,"bw":132,"bh":36,"tabW":1689,"selected":true},"timestamp":1780237580885}
{"sessionId":"0d0cc8","hypothesisId":"A","location":"StatisticsUiHelper.OnStatisticsTabDrawItem","message":"draw","data":{"index":4,"bw":124,"bh":30,"tabW":1689,"selected":false},"timestamp":1780237660629}
{"sessionId":"0d0cc8","hypothesisId":"A","location":"StatisticsUiHelper.OnStatisticsTabDrawItem","message":"draw","data":{"index":5,"bw":132,"bh":36,"tabW":1689,"selected":true},"timestamp":1780237660636}
{"sessionId":"0d0cc8","hypothesisId":"A","location":"StatisticsUiHelper.OnStatisticsTabDrawItem","message":"draw","data":{"index":0,"bw":124,"bh":30,"tabW":1689,"selected":false},"timestamp":1780237667550}
{"sessionId":"0d0cc8","hypothesisId":"A","location":"StatisticsUiHelper.OnStatisticsTabDrawItem","message":"draw","data":{"index":1,"bw":124,"bh":30,"tabW":1689,"selected":false},"timestamp":1780237667553}
{"sessionId":"0d0cc8","hypothesisId":"A","location":"StatisticsUiHelper.OnStatisticsTabDrawItem","message":"draw","data":{"index":2,"bw":124,"bh":30,"tabW":1689,"selected":false},"timestamp":1780237667558}
{"sessionId":"0d0cc8","hypothesisId":"A","location":"StatisticsUiHelper.OnStatisticsTabDrawItem","message":"draw","data":{"index":3,"bw":124,"bh":30,"tabW":1689,"selected":false},"timestamp":1780237667559}
{"sessionId":"0d0cc8","hypothesisId":"A","location":"StatisticsUiHelper.OnStatisticsTabDrawItem","message":"draw","data":{"index":4,"bw":124,"bh":30,"tabW":1689,"selected":false},"timestamp":1780237667561}
{"sessionId":"0d0cc8","hypothesisId":"A","location":"StatisticsUiHelper.OnStatisticsTabDrawItem","message":"draw","data":{"index":5,"bw":132,"bh":36,"tabW":1689,"selected":true},"timestamp":1780237667563}
{"sessionId":"0d0cc8","hypothesisId":"B","location":"StatisticsUiHelper.ApplyPremiumGridStyle","message":"ok","data":{"grid":"dgvByClient","colCount":13},"timestamp":1780237667661}
{"sessionId":"0d0cc8","hypothesisId":"C","location":"StatisticsForm.InitializeForm","message":"start","data":{},"timestamp":1780238969243}
{"sessionId":"0d0cc8","hypothesisId":"C","location":"StatisticsForm.InitializeForm","message":"afterPopulate","data":{"tabCount":6},"timestamp":1780238969295}
{"sessionId":"0d0cc8","hypothesisId":"C","location":"StatisticsForm.InitializeForm","message":"afterChrome","data":{},"timestamp":1780238969308}
{"sessionId":"0d0cc8","hypothesisId":"B","location":"StatisticsUiHelper.ApplyPremiumGridStyle","message":"ok","data":{"grid":"","colCount":3},"timestamp":1780238969319}
{"sessionId":"0d0cc8","hypothesisId":"B","location":"StatisticsUiHelper.ApplyPremiumGridStyle","message":"ok","data":{"grid":"","colCount":6},"timestamp":1780238969323}
{"sessionId":"0d0cc8","hypothesisId":"B","location":"StatisticsUiHelper.ApplyPremiumGridStyle","message":"ok","data":{"grid":"","colCount":6},"timestamp":1780238969325}
{"sessionId":"0d0cc8","hypothesisId":"B","location":"StatisticsUiHelper.ApplyPremiumGridStyle","message":"ok","data":{"grid":"","colCount":8},"timestamp":1780238969328}
{"sessionId":"0d0cc8","hypothesisId":"B","location":"StatisticsUiHelper.ApplyPremiumGridStyle","message":"ok","data":{"grid":"","colCount":7},"timestamp":1780238969330}
{"sessionId":"0d0cc8","hypothesisId":"B","location":"StatisticsUiHelper.ApplyPremiumGridStyle","message":"ok","data":{"grid":"dgvByClient","colCount":13},"timestamp":1780238969338}
{"sessionId":"0d0cc8","hypothesisId":"B","location":"StatisticsUiHelper.ApplyPremiumGridStyle","message":"ok","data":{"grid":"dgvByClient","colCount":13},"timestamp":1780238969340}
{"sessionId":"0d0cc8","hypothesisId":"C","location":"StatisticsForm.InitializeForm","message":"afterGridStyles","data":{"runId":"post-fix"},"timestamp":1780238969342}
{"sessionId":"0d0cc8","hypothesisId":"C","location":"StatisticsForm.InitializeForm","message":"complete","data":{},"timestamp":1780238969361}
{"sessionId":"0d0cc8","hypothesisId":"B","location":"StatisticsUiHelper.ApplyPremiumGridStyle","message":"ok","data":{"grid":"","colCount":3},"timestamp":1780238969827}
{"sessionId":"0d0cc8","hypothesisId":"B","location":"StatisticsUiHelper.ApplyPremiumGridStyle","message":"ok","data":{"grid":"","colCount":6},"timestamp":1780238969874}
{"sessionId":"0d0cc8","hypothesisId":"B","location":"StatisticsUiHelper.ApplyPremiumGridStyle","message":"ok","data":{"grid":"","colCount":6},"timestamp":1780238969890}
{"sessionId":"0d0cc8","hypothesisId":"B","location":"StatisticsUiHelper.ApplyPremiumGridStyle","message":"ok","data":{"grid":"","colCount":8},"timestamp":1780238969902}
{"sessionId":"0d0cc8","hypothesisId":"B","location":"StatisticsUiHelper.ApplyPremiumGridStyle","message":"ok","data":{"grid":"","colCount":7},"timestamp":1780238969916}
{"sessionId":"0d0cc8","hypothesisId":"B","location":"StatisticsUiHelper.ApplyPremiumGridStyle","message":"ok","data":{"grid":"dgvByClient","colCount":13},"timestamp":1780238969929}
{"sessionId":"0d0cc8","hypothesisId":"A","location":"StatisticsUiHelper.OnStatisticsTabDrawItem","message":"draw","data":{"index":1,"bw":124,"bh":30,"tabW":1689,"selected":false},"timestamp":1780238969961}
{"sessionId":"0d0cc8","hypothesisId":"A","location":"StatisticsUiHelper.OnStatisticsTabDrawItem","message":"draw","data":{"index":2,"bw":124,"bh":30,"tabW":1689,"selected":false},"timestamp":1780238969970}
{"sessionId":"0d0cc8","hypothesisId":"A","location":"StatisticsUiHelper.OnStatisticsTabDrawItem","message":"draw","data":{"index":3,"bw":124,"bh":30,"tabW":1689,"selected":false},"timestamp":1780238969973}
{"sessionId":"0d0cc8","hypothesisId":"A","location":"StatisticsUiHelper.OnStatisticsTabDrawItem","message":"draw","data":{"index":4,"bw":124,"bh":30,"tabW":1689,"selected":false},"timestamp":1780238969977}
{"sessionId":"0d0cc8","hypothesisId":"A","location":"StatisticsUiHelper.OnStatisticsTabDrawItem","message":"draw","data":{"index":5,"bw":124,"bh":30,"tabW":1689,"selected":false},"timestamp":1780238969981}
{"sessionId":"0d0cc8","hypothesisId":"A","location":"StatisticsUiHelper.OnStatisticsTabDrawItem","message":"draw","data":{"index":0,"bw":132,"bh":36,"tabW":1689,"selected":true},"timestamp":1780238969985}
{"sessionId":"0d0cc8","hypothesisId":"A","location":"StatisticsUiHelper.OnStatisticsTabDrawItem","message":"draw","data":{"index":1,"bw":124,"bh":30,"tabW":1689,"selected":false},"timestamp":1780238970021}
{"sessionId":"0d0cc8","hypothesisId":"A","location":"StatisticsUiHelper.OnStatisticsTabDrawItem","message":"draw","data":{"index":2,"bw":124,"bh":30,"tabW":1689,"selected":false},"timestamp":1780238970025}
{"sessionId":"0d0cc8","hypothesisId":"A","location":"StatisticsUiHelper.OnStatisticsTabDrawItem","message":"draw","data":{"index":3,"bw":124,"bh":30,"tabW":1689,"selected":false},"timestamp":1780238970029}
{"sessionId":"0d0cc8","hypothesisId":"A","location":"StatisticsUiHelper.OnStatisticsTabDrawItem","message":"draw","data":{"index":4,"bw":124,"bh":30,"tabW":1689,"selected":false},"timestamp":1780238970033}
{"sessionId":"0d0cc8","hypothesisId":"A","location":"StatisticsUiHelper.OnStatisticsTabDrawItem","message":"draw","data":{"index":5,"bw":124,"bh":30,"tabW":1689,"selected":false},"timestamp":1780238970037}
{"sessionId":"0d0cc8","hypothesisId":"A","location":"StatisticsUiHelper.OnStatisticsTabDrawItem","message":"draw","data":{"index":0,"bw":132,"bh":36,"tabW":1689,"selected":true},"timestamp":1780238970040}
{"sessionId":"0d0cc8","hypothesisId":"A","location":"StatisticsUiHelper.OnStatisticsTabDrawItem","message":"draw","data":{"index":0,"bw":124,"bh":30,"tabW":1689,"selected":false},"timestamp":1780238971033}
{"sessionId":"0d0cc8","hypothesisId":"A","location":"StatisticsUiHelper.OnStatisticsTabDrawItem","message":"draw","data":{"index":1,"bw":124,"bh":30,"tabW":1689,"selected":false},"timestamp":1780238971038}
{"sessionId":"0d0cc8","hypothesisId":"A","location":"StatisticsUiHelper.OnStatisticsTabDrawItem","message":"draw","data":{"index":0,"bw":124,"bh":30,"tabW":1689,"selected":false},"timestamp":1780238971047}
{"sessionId":"0d0cc8","hypothesisId":"A","location":"StatisticsUiHelper.OnStatisticsTabDrawItem","message":"draw","data":{"index":1,"bw":124,"bh":30,"tabW":1689,"selected":false},"timestamp":1780238971050}
{"sessionId":"0d0cc8","hypothesisId":"A","location":"StatisticsUiHelper.OnStatisticsTabDrawItem","message":"draw","data":{"index":2,"bw":124,"bh":30,"tabW":1689,"selected":false},"timestamp":1780238971053}
{"sessionId":"0d0cc8","hypothesisId":"A","location":"StatisticsUiHelper.OnStatisticsTabDrawItem","message":"draw","data":{"index":3,"bw":124,"bh":30,"tabW":1689,"selected":false},"timestamp":1780238971057}
{"sessionId":"0d0cc8","hypothesisId":"A","location":"StatisticsUiHelper.OnStatisticsTabDrawItem","message":"draw","data":{"index":4,"bw":124,"bh":30,"tabW":1689,"selected":false},"timestamp":1780238971063}
{"sessionId":"0d0cc8","hypothesisId":"A","location":"StatisticsUiHelper.OnStatisticsTabDrawItem","message":"draw","data":{"index":5,"bw":132,"bh":36,"tabW":1689,"selected":true},"timestamp":1780238971066}
{"sessionId":"0d0cc8","hypothesisId":"C","location":"StatisticsForm.InitializeForm","message":"start","data":{},"timestamp":1780239037854}
{"sessionId":"0d0cc8","hypothesisId":"C","location":"StatisticsForm.InitializeForm","message":"afterPopulate","data":{"tabCount":6},"timestamp":1780239037891}
{"sessionId":"0d0cc8","hypothesisId":"C","location":"StatisticsForm.InitializeForm","message":"afterChrome","data":{},"timestamp":1780239037892}
{"sessionId":"0d0cc8","hypothesisId":"B","location":"StatisticsUiHelper.ApplyPremiumGridStyle","message":"ok","data":{"grid":"","colCount":3},"timestamp":1780239037895}
{"sessionId":"0d0cc8","hypothesisId":"B","location":"StatisticsUiHelper.ApplyPremiumGridStyle","message":"ok","data":{"grid":"","colCount":6},"timestamp":1780239037897}
{"sessionId":"0d0cc8","hypothesisId":"B","location":"StatisticsUiHelper.ApplyPremiumGridStyle","message":"ok","data":{"grid":"","colCount":6},"timestamp":1780239037900}
{"sessionId":"0d0cc8","hypothesisId":"B","location":"StatisticsUiHelper.ApplyPremiumGridStyle","message":"ok","data":{"grid":"","colCount":8},"timestamp":1780239037902}
{"sessionId":"0d0cc8","hypothesisId":"B","location":"StatisticsUiHelper.ApplyPremiumGridStyle","message":"ok","data":{"grid":"","colCount":7},"timestamp":1780239037905}
{"sessionId":"0d0cc8","hypothesisId":"B","location":"StatisticsUiHelper.ApplyPremiumGridStyle","message":"ok","data":{"grid":"dgvByClient","colCount":13},"timestamp":1780239037915}
{"sessionId":"0d0cc8","hypothesisId":"B","location":"StatisticsUiHelper.ApplyPremiumGridStyle","message":"ok","data":{"grid":"dgvByClient","colCount":13},"timestamp":1780239037918}
{"sessionId":"0d0cc8","hypothesisId":"C","location":"StatisticsForm.InitializeForm","message":"afterGridStyles","data":{"runId":"post-fix"},"timestamp":1780239037919}
{"sessionId":"0d0cc8","hypothesisId":"C","location":"StatisticsForm.InitializeForm","message":"complete","data":{},"timestamp":1780239037925}
{"sessionId":"0d0cc8","hypothesisId":"B","location":"StatisticsUiHelper.ApplyPremiumGridStyle","message":"ok","data":{"grid":"","colCount":3},"timestamp":1780239038332}
{"sessionId":"0d0cc8","hypothesisId":"B","location":"StatisticsUiHelper.ApplyPremiumGridStyle","message":"ok","data":{"grid":"","colCount":6},"timestamp":1780239038357}
{"sessionId":"0d0cc8","hypothesisId":"B","location":"StatisticsUiHelper.ApplyPremiumGridStyle","message":"ok","data":{"grid":"","colCount":6},"timestamp":1780239038361}
{"sessionId":"0d0cc8","hypothesisId":"B","location":"StatisticsUiHelper.ApplyPremiumGridStyle","message":"ok","data":{"grid":"","colCount":8},"timestamp":1780239038369}
{"sessionId":"0d0cc8","hypothesisId":"B","location":"StatisticsUiHelper.ApplyPremiumGridStyle","message":"ok","data":{"grid":"","colCount":7},"timestamp":1780239038379}
{"sessionId":"0d0cc8","hypothesisId":"B","location":"StatisticsUiHelper.ApplyPremiumGridStyle","message":"ok","data":{"grid":"dgvByClient","colCount":13},"timestamp":1780239038393}
{"sessionId":"0d0cc8","hypothesisId":"A","location":"StatisticsUiHelper.OnStatisticsTabDrawItem","message":"draw","data":{"index":1,"bw":124,"bh":30,"tabW":1689,"selected":false},"timestamp":1780239038406}
{"sessionId":"0d0cc8","hypothesisId":"A","location":"StatisticsUiHelper.OnStatisticsTabDrawItem","message":"draw","data":{"index":2,"bw":124,"bh":30,"tabW":1689,"selected":false},"timestamp":1780239038410}
{"sessionId":"0d0cc8","hypothesisId":"A","location":"StatisticsUiHelper.OnStatisticsTabDrawItem","message":"draw","data":{"index":3,"bw":124,"bh":30,"tabW":1689,"selected":false},"timestamp":1780239038413}
{"sessionId":"0d0cc8","hypothesisId":"A","location":"StatisticsUiHelper.OnStatisticsTabDrawItem","message":"draw","data":{"index":4,"bw":124,"bh":30,"tabW":1689,"selected":false},"timestamp":1780239038419}
{"sessionId":"0d0cc8","hypothesisId":"A","location":"StatisticsUiHelper.OnStatisticsTabDrawItem","message":"draw","data":{"index":5,"bw":124,"bh":30,"tabW":1689,"selected":false},"timestamp":1780239038422}
{"sessionId":"0d0cc8","hypothesisId":"A","location":"StatisticsUiHelper.OnStatisticsTabDrawItem","message":"draw","data":{"index":0,"bw":132,"bh":36,"tabW":1689,"selected":true},"timestamp":1780239038426}
{"sessionId":"0d0cc8","hypothesisId":"A","location":"StatisticsUiHelper.OnStatisticsTabDrawItem","message":"draw","data":{"index":1,"bw":124,"bh":30,"tabW":1689,"selected":false},"timestamp":1780239038453}
{"sessionId":"0d0cc8","hypothesisId":"A","location":"StatisticsUiHelper.OnStatisticsTabDrawItem","message":"draw","data":{"index":2,"bw":124,"bh":30,"tabW":1689,"selected":false},"timestamp":1780239038458}
{"sessionId":"0d0cc8","hypothesisId":"A","location":"StatisticsUiHelper.OnStatisticsTabDrawItem","message":"draw","data":{"index":3,"bw":124,"bh":30,"tabW":1689,"selected":false},"timestamp":1780239038461}
{"sessionId":"0d0cc8","hypothesisId":"A","location":"StatisticsUiHelper.OnStatisticsTabDrawItem","message":"draw","data":{"index":4,"bw":124,"bh":30,"tabW":1689,"selected":false},"timestamp":1780239038463}
{"sessionId":"0d0cc8","hypothesisId":"A","location":"StatisticsUiHelper.OnStatisticsTabDrawItem","message":"draw","data":{"index":5,"bw":124,"bh":30,"tabW":1689,"selected":false},"timestamp":1780239038466}
{"sessionId":"0d0cc8","hypothesisId":"A","location":"StatisticsUiHelper.OnStatisticsTabDrawItem","message":"draw","data":{"index":0,"bw":132,"bh":36,"tabW":1689,"selected":true},"timestamp":1780239038468}
{"sessionId":"0d0cc8","hypothesisId":"A","location":"StatisticsUiHelper.OnStatisticsTabDrawItem","message":"draw","data":{"index":0,"bw":124,"bh":30,"tabW":1689,"selected":false},"timestamp":1780239039531}
{"sessionId":"0d0cc8","hypothesisId":"A","location":"StatisticsUiHelper.OnStatisticsTabDrawItem","message":"draw","data":{"index":1,"bw":124,"bh":30,"tabW":1689,"selected":false},"timestamp":1780239039536}
{"sessionId":"0d0cc8","hypothesisId":"A","location":"StatisticsUiHelper.OnStatisticsTabDrawItem","message":"draw","data":{"index":0,"bw":124,"bh":30,"tabW":1689,"selected":false},"timestamp":1780239039540}
{"sessionId":"0d0cc8","hypothesisId":"A","location":"StatisticsUiHelper.OnStatisticsTabDrawItem","message":"draw","data":{"index":1,"bw":124,"bh":30,"tabW":1689,"selected":false},"timestamp":1780239039544}
{"sessionId":"0d0cc8","hypothesisId":"A","location":"StatisticsUiHelper.OnStatisticsTabDrawItem","message":"draw","data":{"index":2,"bw":124,"bh":30,"tabW":1689,"selected":false},"timestamp":1780239039548}
{"sessionId":"0d0cc8","hypothesisId":"A","location":"StatisticsUiHelper.OnStatisticsTabDrawItem","message":"draw","data":{"index":3,"bw":124,"bh":30,"tabW":1689,"selected":false},"timestamp":1780239039552}
{"sessionId":"0d0cc8","hypothesisId":"A","location":"StatisticsUiHelper.OnStatisticsTabDrawItem","message":"draw","data":{"index":4,"bw":124,"bh":30,"tabW":1689,"selected":false},"timestamp":1780239039556}
{"sessionId":"0d0cc8","hypothesisId":"A","location":"StatisticsUiHelper.OnStatisticsTabDrawItem","message":"draw","data":{"index":5,"bw":132,"bh":36,"tabW":1689,"selected":true},"timestamp":1780239039559}
{"sessionId":"0d0cc8","hypothesisId":"C","location":"StatisticsForm.InitializeForm","message":"start","data":{},"timestamp":1780239212452}
{"sessionId":"0d0cc8","hypothesisId":"C","location":"StatisticsForm.InitializeForm","message":"afterPopulate","data":{"tabCount":6},"timestamp":1780239212491}
{"sessionId":"0d0cc8","hypothesisId":"C","location":"StatisticsForm.InitializeForm","message":"afterChrome","data":{},"timestamp":1780239212493}
{"sessionId":"0d0cc8","hypothesisId":"B","location":"StatisticsUiHelper.ApplyPremiumGridStyle","message":"ok","data":{"grid":"","colCount":3},"timestamp":1780239212494}
{"sessionId":"0d0cc8","hypothesisId":"B","location":"StatisticsUiHelper.ApplyPremiumGridStyle","message":"ok","data":{"grid":"","colCount":6},"timestamp":1780239212497}
{"sessionId":"0d0cc8","hypothesisId":"B","location":"StatisticsUiHelper.ApplyPremiumGridStyle","message":"ok","data":{"grid":"","colCount":6},"timestamp":1780239212499}
{"sessionId":"0d0cc8","hypothesisId":"B","location":"StatisticsUiHelper.ApplyPremiumGridStyle","message":"ok","data":{"grid":"","colCount":8},"timestamp":1780239212501}
{"sessionId":"0d0cc8","hypothesisId":"B","location":"StatisticsUiHelper.ApplyPremiumGridStyle","message":"ok","data":{"grid":"","colCount":7},"timestamp":1780239212507}
{"sessionId":"0d0cc8","hypothesisId":"B","location":"StatisticsUiHelper.ApplyPremiumGridStyle","message":"ok","data":{"grid":"dgvByClient","colCount":13},"timestamp":1780239212513}
{"sessionId":"0d0cc8","hypothesisId":"B","location":"StatisticsUiHelper.ApplyPremiumGridStyle","message":"ok","data":{"grid":"dgvByClient","colCount":13},"timestamp":1780239212514}
{"sessionId":"0d0cc8","hypothesisId":"C","location":"StatisticsForm.InitializeForm","message":"afterGridStyles","data":{"runId":"post-fix"},"timestamp":1780239212517}
{"sessionId":"0d0cc8","hypothesisId":"C","location":"StatisticsForm.InitializeForm","message":"complete","data":{},"timestamp":1780239212529}
{"sessionId":"0d0cc8","hypothesisId":"B","location":"StatisticsUiHelper.ApplyPremiumGridStyle","message":"ok","data":{"grid":"","colCount":3},"timestamp":1780239212943}
{"sessionId":"0d0cc8","hypothesisId":"B","location":"StatisticsUiHelper.ApplyPremiumGridStyle","message":"ok","data":{"grid":"","colCount":6},"timestamp":1780239212967}
{"sessionId":"0d0cc8","hypothesisId":"B","location":"StatisticsUiHelper.ApplyPremiumGridStyle","message":"ok","data":{"grid":"","colCount":6},"timestamp":1780239212978}
{"sessionId":"0d0cc8","hypothesisId":"B","location":"StatisticsUiHelper.ApplyPremiumGridStyle","message":"ok","data":{"grid":"","colCount":8},"timestamp":1780239212983}
{"sessionId":"0d0cc8","hypothesisId":"B","location":"StatisticsUiHelper.ApplyPremiumGridStyle","message":"ok","data":{"grid":"","colCount":7},"timestamp":1780239212994}
{"sessionId":"0d0cc8","hypothesisId":"B","location":"StatisticsUiHelper.ApplyPremiumGridStyle","message":"ok","data":{"grid":"dgvByClient","colCount":13},"timestamp":1780239213006}
{"sessionId":"0d0cc8","hypothesisId":"A","location":"StatisticsUiHelper.OnStatisticsTabDrawItem","message":"draw","data":{"index":1,"bw":124,"bh":30,"tabW":1689,"selected":false},"timestamp":1780239213023}
{"sessionId":"0d0cc8","hypothesisId":"A","location":"StatisticsUiHelper.OnStatisticsTabDrawItem","message":"draw","data":{"index":2,"bw":124,"bh":30,"tabW":1689,"selected":false},"timestamp":1780239213026}
{"sessionId":"0d0cc8","hypothesisId":"A","location":"StatisticsUiHelper.OnStatisticsTabDrawItem","message":"draw","data":{"index":3,"bw":124,"bh":30,"tabW":1689,"selected":false},"timestamp":1780239213029}
{"sessionId":"0d0cc8","hypothesisId":"A","location":"StatisticsUiHelper.OnStatisticsTabDrawItem","message":"draw","data":{"index":4,"bw":124,"bh":30,"tabW":1689,"selected":false},"timestamp":1780239213031}
{"sessionId":"0d0cc8","hypothesisId":"A","location":"StatisticsUiHelper.OnStatisticsTabDrawItem","message":"draw","data":{"index":5,"bw":124,"bh":30,"tabW":1689,"selected":false},"timestamp":1780239213034}
{"sessionId":"0d0cc8","hypothesisId":"A","location":"StatisticsUiHelper.OnStatisticsTabDrawItem","message":"draw","data":{"index":0,"bw":132,"bh":36,"tabW":1689,"selected":true},"timestamp":1780239213041}
{"sessionId":"0d0cc8","hypothesisId":"A","location":"StatisticsUiHelper.OnStatisticsTabDrawItem","message":"draw","data":{"index":1,"bw":124,"bh":30,"tabW":1689,"selected":false},"timestamp":1780239213065}
{"sessionId":"0d0cc8","hypothesisId":"A","location":"StatisticsUiHelper.OnStatisticsTabDrawItem","message":"draw","data":{"index":2,"bw":124,"bh":30,"tabW":1689,"selected":false},"timestamp":1780239213069}
{"sessionId":"0d0cc8","hypothesisId":"A","location":"StatisticsUiHelper.OnStatisticsTabDrawItem","message":"draw","data":{"index":3,"bw":124,"bh":30,"tabW":1689,"selected":false},"timestamp":1780239213072}
{"sessionId":"0d0cc8","hypothesisId":"A","location":"StatisticsUiHelper.OnStatisticsTabDrawItem","message":"draw","data":{"index":4,"bw":124,"bh":30,"tabW":1689,"selected":false},"timestamp":1780239213075}
{"sessionId":"0d0cc8","hypothesisId":"A","location":"StatisticsUiHelper.OnStatisticsTabDrawItem","message":"draw","data":{"index":5,"bw":124,"bh":30,"tabW":1689,"selected":false},"timestamp":1780239213077}
{"sessionId":"0d0cc8","hypothesisId":"A","location":"StatisticsUiHelper.OnStatisticsTabDrawItem","message":"draw","data":{"index":0,"bw":132,"bh":36,"tabW":1689,"selected":true},"timestamp":1780239213081}
{"sessionId":"0d0cc8","hypothesisId":"A","location":"StatisticsUiHelper.OnStatisticsTabDrawItem","message":"draw","data":{"index":0,"bw":124,"bh":30,"tabW":1689,"selected":false},"timestamp":1780239214243}
{"sessionId":"0d0cc8","hypothesisId":"A","location":"StatisticsUiHelper.OnStatisticsTabDrawItem","message":"draw","data":{"index":1,"bw":124,"bh":30,"tabW":1689,"selected":false},"timestamp":1780239214248}
{"sessionId":"0d0cc8","hypothesisId":"A","location":"StatisticsUiHelper.OnStatisticsTabDrawItem","message":"draw","data":{"index":0,"bw":124,"bh":30,"tabW":1689,"selected":false},"timestamp":1780239214252}
{"sessionId":"0d0cc8","hypothesisId":"A","location":"StatisticsUiHelper.OnStatisticsTabDrawItem","message":"draw","data":{"index":1,"bw":124,"bh":30,"tabW":1689,"selected":false},"timestamp":1780239214255}
{"sessionId":"0d0cc8","hypothesisId":"A","location":"StatisticsUiHelper.OnStatisticsTabDrawItem","message":"draw","data":{"index":2,"bw":124,"bh":30,"tabW":1689,"selected":false},"timestamp":1780239214260}
{"sessionId":"0d0cc8","hypothesisId":"A","location":"StatisticsUiHelper.OnStatisticsTabDrawItem","message":"draw","data":{"index":3,"bw":124,"bh":30,"tabW":1689,"selected":false},"timestamp":1780239214263}
{"sessionId":"0d0cc8","hypothesisId":"A","location":"StatisticsUiHelper.OnStatisticsTabDrawItem","message":"draw","data":{"index":4,"bw":124,"bh":30,"tabW":1689,"selected":false},"timestamp":1780239214266}
{"sessionId":"0d0cc8","hypothesisId":"A","location":"StatisticsUiHelper.OnStatisticsTabDrawItem","message":"draw","data":{"index":5,"bw":132,"bh":36,"tabW":1689,"selected":true},"timestamp":1780239214271}
{"sessionId":"0d0cc8","hypothesisId":"C","location":"StatisticsForm.InitializeForm","message":"start","data":{},"timestamp":1780239888217}
{"sessionId":"0d0cc8","hypothesisId":"C","location":"StatisticsForm.InitializeForm","message":"afterPopulate","data":{"tabCount":6},"timestamp":1780239888301}
{"sessionId":"0d0cc8","hypothesisId":"C","location":"StatisticsForm.InitializeForm","message":"afterChrome","data":{},"timestamp":1780239888305}
{"sessionId":"0d0cc8","hypothesisId":"B","location":"StatisticsUiHelper.ApplyPremiumGridStyle","message":"ok","data":{"grid":"","colCount":3},"timestamp":1780239888326}
{"sessionId":"0d0cc8","hypothesisId":"B","location":"StatisticsUiHelper.ApplyPremiumGridStyle","message":"ok","data":{"grid":"","colCount":6},"timestamp":1780239888330}
{"sessionId":"0d0cc8","hypothesisId":"B","location":"StatisticsUiHelper.ApplyPremiumGridStyle","message":"ok","data":{"grid":"","colCount":6},"timestamp":1780239888333}
{"sessionId":"0d0cc8","hypothesisId":"B","location":"StatisticsUiHelper.ApplyPremiumGridStyle","message":"ok","data":{"grid":"","colCount":8},"timestamp":1780239888335}
{"sessionId":"0d0cc8","hypothesisId":"B","location":"StatisticsUiHelper.ApplyPremiumGridStyle","message":"ok","data":{"grid":"","colCount":7},"timestamp":1780239888339}
{"sessionId":"0d0cc8","hypothesisId":"B","location":"StatisticsUiHelper.ApplyPremiumGridStyle","message":"ok","data":{"grid":"dgvByClient","colCount":13},"timestamp":1780239888347}
{"sessionId":"0d0cc8","hypothesisId":"B","location":"StatisticsUiHelper.ApplyPremiumGridStyle","message":"ok","data":{"grid":"dgvByClient","colCount":13},"timestamp":1780239888349}
{"sessionId":"0d0cc8","hypothesisId":"C","location":"StatisticsForm.InitializeForm","message":"afterGridStyles","data":{"runId":"post-fix"},"timestamp":1780239888350}
{"sessionId":"0d0cc8","hypothesisId":"C","location":"StatisticsForm.InitializeForm","message":"complete","data":{},"timestamp":1780239888364}
{"sessionId":"0d0cc8","hypothesisId":"B","location":"StatisticsUiHelper.ApplyPremiumGridStyle","message":"ok","data":{"grid":"","colCount":3},"timestamp":1780239888861}
{"sessionId":"0d0cc8","hypothesisId":"B","location":"StatisticsUiHelper.ApplyPremiumGridStyle","message":"ok","data":{"grid":"","colCount":6},"timestamp":1780239888901}
{"sessionId":"0d0cc8","hypothesisId":"B","location":"StatisticsUiHelper.ApplyPremiumGridStyle","message":"ok","data":{"grid":"","colCount":6},"timestamp":1780239888913}
{"sessionId":"0d0cc8","hypothesisId":"B","location":"StatisticsUiHelper.ApplyPremiumGridStyle","message":"ok","data":{"grid":"","colCount":8},"timestamp":1780239888923}
{"sessionId":"0d0cc8","hypothesisId":"B","location":"StatisticsUiHelper.ApplyPremiumGridStyle","message":"ok","data":{"grid":"","colCount":7},"timestamp":1780239888943}
{"sessionId":"0d0cc8","hypothesisId":"B","location":"StatisticsUiHelper.ApplyPremiumGridStyle","message":"ok","data":{"grid":"dgvByClient","colCount":13},"timestamp":1780239888951}
{"sessionId":"0d0cc8","hypothesisId":"A","location":"StatisticsUiHelper.OnStatisticsTabDrawItem","message":"draw","data":{"index":1,"bw":124,"bh":30,"tabW":1689,"selected":false},"timestamp":1780239888983}
{"sessionId":"0d0cc8","hypothesisId":"A","location":"StatisticsUiHelper.OnStatisticsTabDrawItem","message":"draw","data":{"index":2,"bw":124,"bh":30,"tabW":1689,"selected":false},"timestamp":1780239888990}
{"sessionId":"0d0cc8","hypothesisId":"A","location":"StatisticsUiHelper.OnStatisticsTabDrawItem","message":"draw","data":{"index":3,"bw":124,"bh":30,"tabW":1689,"selected":false},"timestamp":1780239888994}
{"sessionId":"0d0cc8","hypothesisId":"A","location":"StatisticsUiHelper.OnStatisticsTabDrawItem","message":"draw","data":{"index":4,"bw":124,"bh":30,"tabW":1689,"selected":false},"timestamp":1780239888997}
{"sessionId":"0d0cc8","hypothesisId":"A","location":"StatisticsUiHelper.OnStatisticsTabDrawItem","message":"draw","data":{"index":5,"bw":124,"bh":30,"tabW":1689,"selected":false},"timestamp":1780239889001}
{"sessionId":"0d0cc8","hypothesisId":"A","location":"StatisticsUiHelper.OnStatisticsTabDrawItem","message":"draw","data":{"index":0,"bw":132,"bh":36,"tabW":1689,"selected":true},"timestamp":1780239889005}
{"sessionId":"0d0cc8","hypothesisId":"A","location":"StatisticsUiHelper.OnStatisticsTabDrawItem","message":"draw","data":{"index":1,"bw":124,"bh":30,"tabW":1689,"selected":false},"timestamp":1780239889045}
{"sessionId":"0d0cc8","hypothesisId":"A","location":"StatisticsUiHelper.OnStatisticsTabDrawItem","message":"draw","data":{"index":2,"bw":124,"bh":30,"tabW":1689,"selected":false},"timestamp":1780239889050}
{"sessionId":"0d0cc8","hypothesisId":"A","location":"StatisticsUiHelper.OnStatisticsTabDrawItem","message":"draw","data":{"index":3,"bw":124,"bh":30,"tabW":1689,"selected":false},"timestamp":1780239889054}
{"sessionId":"0d0cc8","hypothesisId":"A","location":"StatisticsUiHelper.OnStatisticsTabDrawItem","message":"draw","data":{"index":4,"bw":124,"bh":30,"tabW":1689,"selected":false},"timestamp":1780239889056}
{"sessionId":"0d0cc8","hypothesisId":"A","location":"StatisticsUiHelper.OnStatisticsTabDrawItem","message":"draw","data":{"index":5,"bw":124,"bh":30,"tabW":1689,"selected":false},"timestamp":1780239889059}
{"sessionId":"0d0cc8","hypothesisId":"A","location":"StatisticsUiHelper.OnStatisticsTabDrawItem","message":"draw","data":{"index":0,"bw":132,"bh":36,"tabW":1689,"selected":true},"timestamp":1780239889061}
{"sessionId":"0d0cc8","hypothesisId":"A","location":"StatisticsUiHelper.OnStatisticsTabDrawItem","message":"draw","data":{"index":0,"bw":124,"bh":30,"tabW":1689,"selected":false},"timestamp":1780239890265}
{"sessionId":"0d0cc8","hypothesisId":"A","location":"StatisticsUiHelper.OnStatisticsTabDrawItem","message":"draw","data":{"index":1,"bw":124,"bh":30,"tabW":1689,"selected":false},"timestamp":1780239890274}
{"sessionId":"0d0cc8","hypothesisId":"A","location":"StatisticsUiHelper.OnStatisticsTabDrawItem","message":"draw","data":{"index":0,"bw":124,"bh":30,"tabW":1689,"selected":false},"timestamp":1780239890278}
{"sessionId":"0d0cc8","hypothesisId":"A","location":"StatisticsUiHelper.OnStatisticsTabDrawItem","message":"draw","data":{"index":1,"bw":124,"bh":30,"tabW":1689,"selected":false},"timestamp":1780239890282}
{"sessionId":"0d0cc8","hypothesisId":"A","location":"StatisticsUiHelper.OnStatisticsTabDrawItem","message":"draw","data":{"index":2,"bw":124,"bh":30,"tabW":1689,"selected":false},"timestamp":1780239890285}
{"sessionId":"0d0cc8","hypothesisId":"A","location":"StatisticsUiHelper.OnStatisticsTabDrawItem","message":"draw","data":{"index":3,"bw":124,"bh":30,"tabW":1689,"selected":false},"timestamp":1780239890291}
{"sessionId":"0d0cc8","hypothesisId":"A","location":"StatisticsUiHelper.OnStatisticsTabDrawItem","message":"draw","data":{"index":4,"bw":124,"bh":30,"tabW":1689,"selected":false},"timestamp":1780239890294}
{"sessionId":"0d0cc8","hypothesisId":"A","location":"StatisticsUiHelper.OnStatisticsTabDrawItem","message":"draw","data":{"index":5,"bw":132,"bh":36,"tabW":1689,"selected":true},"timestamp":1780239890298}
{"sessionId":"0d0cc8","hypothesisId":"A","location":"StatisticsUiHelper.OnStatisticsTabDrawItem","message":"draw","data":{"index":4,"bw":124,"bh":30,"tabW":1689,"selected":false},"timestamp":1780239892503}
{"sessionId":"0d0cc8","hypothesisId":"A","location":"StatisticsUiHelper.OnStatisticsTabDrawItem","message":"draw","data":{"index":5,"bw":132,"bh":36,"tabW":1689,"selected":true},"timestamp":1780239892512}
{"sessionId":"0d0cc8","hypothesisId":"A","location":"StatisticsUiHelper.OnStatisticsTabDrawItem","message":"draw","data":{"index":0,"bw":124,"bh":30,"tabW":1689,"selected":false},"timestamp":1780239892523}
{"sessionId":"0d0cc8","hypothesisId":"A","location":"StatisticsUiHelper.OnStatisticsTabDrawItem","message":"draw","data":{"index":1,"bw":124,"bh":30,"tabW":1689,"selected":false},"timestamp":1780239892528}
{"sessionId":"0d0cc8","hypothesisId":"A","location":"StatisticsUiHelper.OnStatisticsTabDrawItem","message":"draw","data":{"index":2,"bw":124,"bh":30,"tabW":1689,"selected":false},"timestamp":1780239892531}
{"sessionId":"0d0cc8","hypothesisId":"A","location":"StatisticsUiHelper.OnStatisticsTabDrawItem","message":"draw","data":{"index":3,"bw":124,"bh":30,"tabW":1689,"selected":false},"timestamp":1780239892536}
{"sessionId":"0d0cc8","hypothesisId":"A","location":"StatisticsUiHelper.OnStatisticsTabDrawItem","message":"draw","data":{"index":4,"bw":124,"bh":30,"tabW":1689,"selected":false},"timestamp":1780239892539}
{"sessionId":"0d0cc8","hypothesisId":"A","location":"StatisticsUiHelper.OnStatisticsTabDrawItem","message":"draw","data":{"index":5,"bw":132,"bh":36,"tabW":1689,"selected":true},"timestamp":1780239892542}
{"sessionId":"0d0cc8","hypothesisId":"B","location":"StatisticsUiHelper.ApplyPremiumGridStyle","message":"ok","data":{"grid":"dgvByClient","colCount":13},"timestamp":1780239892706}
{"sessionId":"0d0cc8","hypothesisId":"C","location":"StatisticsForm.InitializeForm","message":"start","data":{},"timestamp":1780239956379}
{"sessionId":"0d0cc8","hypothesisId":"C","location":"StatisticsForm.InitializeForm","message":"afterPopulate","data":{"tabCount":6},"timestamp":1780239956410}
{"sessionId":"0d0cc8","hypothesisId":"C","location":"StatisticsForm.InitializeForm","message":"afterChrome","data":{},"timestamp":1780239956412}
{"sessionId":"0d0cc8","hypothesisId":"B","location":"StatisticsUiHelper.ApplyPremiumGridStyle","message":"ok","data":{"grid":"","colCount":3},"timestamp":1780239956413}
{"sessionId":"0d0cc8","hypothesisId":"B","location":"StatisticsUiHelper.ApplyPremiumGridStyle","message":"ok","data":{"grid":"","colCount":6},"timestamp":1780239956416}
{"sessionId":"0d0cc8","hypothesisId":"B","location":"StatisticsUiHelper.ApplyPremiumGridStyle","message":"ok","data":{"grid":"","colCount":6},"timestamp":1780239956418}
{"sessionId":"0d0cc8","hypothesisId":"B","location":"StatisticsUiHelper.ApplyPremiumGridStyle","message":"ok","data":{"grid":"","colCount":8},"timestamp":1780239956419}
{"sessionId":"0d0cc8","hypothesisId":"B","location":"StatisticsUiHelper.ApplyPremiumGridStyle","message":"ok","data":{"grid":"","colCount":7},"timestamp":1780239956421}
{"sessionId":"0d0cc8","hypothesisId":"B","location":"StatisticsUiHelper.ApplyPremiumGridStyle","message":"ok","data":{"grid":"dgvByClient","colCount":13},"timestamp":1780239956425}
{"sessionId":"0d0cc8","hypothesisId":"B","location":"StatisticsUiHelper.ApplyPremiumGridStyle","message":"ok","data":{"grid":"dgvByClient","colCount":13},"timestamp":1780239956426}
{"sessionId":"0d0cc8","hypothesisId":"C","location":"StatisticsForm.InitializeForm","message":"afterGridStyles","data":{"runId":"post-fix"},"timestamp":1780239956427}
{"sessionId":"0d0cc8","hypothesisId":"C","location":"StatisticsForm.InitializeForm","message":"complete","data":{},"timestamp":1780239956436}
{"sessionId":"0d0cc8","hypothesisId":"B","location":"StatisticsUiHelper.ApplyPremiumGridStyle","message":"ok","data":{"grid":"","colCount":3},"timestamp":1780239956822}
{"sessionId":"0d0cc8","hypothesisId":"B","location":"StatisticsUiHelper.ApplyPremiumGridStyle","message":"ok","data":{"grid":"","colCount":6},"timestamp":1780239956850}
{"sessionId":"0d0cc8","hypothesisId":"B","location":"StatisticsUiHelper.ApplyPremiumGridStyle","message":"ok","data":{"grid":"","colCount":6},"timestamp":1780239956859}
{"sessionId":"0d0cc8","hypothesisId":"B","location":"StatisticsUiHelper.ApplyPremiumGridStyle","message":"ok","data":{"grid":"","colCount":8},"timestamp":1780239956868}
{"sessionId":"0d0cc8","hypothesisId":"B","location":"StatisticsUiHelper.ApplyPremiumGridStyle","message":"ok","data":{"grid":"","colCount":7},"timestamp":1780239956877}
{"sessionId":"0d0cc8","hypothesisId":"B","location":"StatisticsUiHelper.ApplyPremiumGridStyle","message":"ok","data":{"grid":"dgvByClient","colCount":13},"timestamp":1780239956885}
{"sessionId":"0d0cc8","hypothesisId":"A","location":"StatisticsUiHelper.OnStatisticsTabDrawItem","message":"draw","data":{"index":1,"bw":124,"bh":30,"tabW":1689,"selected":false},"timestamp":1780239956903}
{"sessionId":"0d0cc8","hypothesisId":"A","location":"StatisticsUiHelper.OnStatisticsTabDrawItem","message":"draw","data":{"index":2,"bw":124,"bh":30,"tabW":1689,"selected":false},"timestamp":1780239956910}
{"sessionId":"0d0cc8","hypothesisId":"A","location":"StatisticsUiHelper.OnStatisticsTabDrawItem","message":"draw","data":{"index":3,"bw":124,"bh":30,"tabW":1689,"selected":false},"timestamp":1780239956913}
{"sessionId":"0d0cc8","hypothesisId":"A","location":"StatisticsUiHelper.OnStatisticsTabDrawItem","message":"draw","data":{"index":4,"bw":124,"bh":30,"tabW":1689,"selected":false},"timestamp":1780239956916}
{"sessionId":"0d0cc8","hypothesisId":"A","location":"StatisticsUiHelper.OnStatisticsTabDrawItem","message":"draw","data":{"index":5,"bw":124,"bh":30,"tabW":1689,"selected":false},"timestamp":1780239956919}
{"sessionId":"0d0cc8","hypothesisId":"A","location":"StatisticsUiHelper.OnStatisticsTabDrawItem","message":"draw","data":{"index":0,"bw":132,"bh":36,"tabW":1689,"selected":true},"timestamp":1780239956923}
{"sessionId":"0d0cc8","hypothesisId":"A","location":"StatisticsUiHelper.OnStatisticsTabDrawItem","message":"draw","data":{"index":1,"bw":124,"bh":30,"tabW":1689,"selected":false},"timestamp":1780239956956}
{"sessionId":"0d0cc8","hypothesisId":"A","location":"StatisticsUiHelper.OnStatisticsTabDrawItem","message":"draw","data":{"index":2,"bw":124,"bh":30,"tabW":1689,"selected":false},"timestamp":1780239956960}
{"sessionId":"0d0cc8","hypothesisId":"A","location":"StatisticsUiHelper.OnStatisticsTabDrawItem","message":"draw","data":{"index":3,"bw":124,"bh":30,"tabW":1689,"selected":false},"timestamp":1780239956962}
{"sessionId":"0d0cc8","hypothesisId":"A","location":"StatisticsUiHelper.OnStatisticsTabDrawItem","message":"draw","data":{"index":4,"bw":124,"bh":30,"tabW":1689,"selected":false},"timestamp":1780239956966}
{"sessionId":"0d0cc8","hypothesisId":"A","location":"StatisticsUiHelper.OnStatisticsTabDrawItem","message":"draw","data":{"index":5,"bw":124,"bh":30,"tabW":1689,"selected":false},"timestamp":1780239956970}
{"sessionId":"0d0cc8","hypothesisId":"A","location":"StatisticsUiHelper.OnStatisticsTabDrawItem","message":"draw","data":{"index":0,"bw":132,"bh":36,"tabW":1689,"selected":true},"timestamp":1780239956973}
{"sessionId":"0d0cc8","hypothesisId":"A","location":"StatisticsUiHelper.OnStatisticsTabDrawItem","message":"draw","data":{"index":0,"bw":124,"bh":30,"tabW":1689,"selected":false},"timestamp":1780239958416}
{"sessionId":"0d0cc8","hypothesisId":"A","location":"StatisticsUiHelper.OnStatisticsTabDrawItem","message":"draw","data":{"index":1,"bw":124,"bh":30,"tabW":1689,"selected":false},"timestamp":1780239958421}
{"sessionId":"0d0cc8","hypothesisId":"A","location":"StatisticsUiHelper.OnStatisticsTabDrawItem","message":"draw","data":{"index":0,"bw":124,"bh":30,"tabW":1689,"selected":false},"timestamp":1780239958424}
{"sessionId":"0d0cc8","hypothesisId":"A","location":"StatisticsUiHelper.OnStatisticsTabDrawItem","message":"draw","data":{"index":1,"bw":124,"bh":30,"tabW":1689,"selected":false},"timestamp":1780239958430}
{"sessionId":"0d0cc8","hypothesisId":"A","location":"StatisticsUiHelper.OnStatisticsTabDrawItem","message":"draw","data":{"index":2,"bw":124,"bh":30,"tabW":1689,"selected":false},"timestamp":1780239958433}
{"sessionId":"0d0cc8","hypothesisId":"A","location":"StatisticsUiHelper.OnStatisticsTabDrawItem","message":"draw","data":{"index":3,"bw":124,"bh":30,"tabW":1689,"selected":false},"timestamp":1780239958436}
{"sessionId":"0d0cc8","hypothesisId":"A","location":"StatisticsUiHelper.OnStatisticsTabDrawItem","message":"draw","data":{"index":4,"bw":124,"bh":30,"tabW":1689,"selected":false},"timestamp":1780239958440}
{"sessionId":"0d0cc8","hypothesisId":"A","location":"StatisticsUiHelper.OnStatisticsTabDrawItem","message":"draw","data":{"index":5,"bw":132,"bh":36,"tabW":1689,"selected":true},"timestamp":1780239958445}
{"sessionId":"0d0cc8","hypothesisId":"A","location":"StatisticsUiHelper.OnStatisticsTabDrawItem","message":"draw","data":{"index":4,"bw":124,"bh":30,"tabW":1689,"selected":false},"timestamp":1780239977869}
{"sessionId":"0d0cc8","hypothesisId":"A","location":"StatisticsUiHelper.OnStatisticsTabDrawItem","message":"draw","data":{"index":5,"bw":132,"bh":36,"tabW":1689,"selected":true},"timestamp":1780239977875}
{"sessionId":"0d0cc8","hypothesisId":"A","location":"StatisticsUiHelper.OnStatisticsTabDrawItem","message":"draw","data":{"index":0,"bw":124,"bh":30,"tabW":1689,"selected":false},"timestamp":1780239977889}
{"sessionId":"0d0cc8","hypothesisId":"A","location":"StatisticsUiHelper.OnStatisticsTabDrawItem","message":"draw","data":{"index":1,"bw":124,"bh":30,"tabW":1689,"selected":false},"timestamp":1780239977894}
{"sessionId":"0d0cc8","hypothesisId":"A","location":"StatisticsUiHelper.OnStatisticsTabDrawItem","message":"draw","data":{"index":2,"bw":124,"bh":30,"tabW":1689,"selected":false},"timestamp":1780239977899}
{"sessionId":"0d0cc8","hypothesisId":"A","location":"StatisticsUiHelper.OnStatisticsTabDrawItem","message":"draw","data":{"index":3,"bw":124,"bh":30,"tabW":1689,"selected":false},"timestamp":1780239977903}
{"sessionId":"0d0cc8","hypothesisId":"A","location":"StatisticsUiHelper.OnStatisticsTabDrawItem","message":"draw","data":{"index":4,"bw":124,"bh":30,"tabW":1689,"selected":false},"timestamp":1780239977906}
{"sessionId":"0d0cc8","hypothesisId":"A","location":"StatisticsUiHelper.OnStatisticsTabDrawItem","message":"draw","data":{"index":5,"bw":132,"bh":36,"tabW":1689,"selected":true},"timestamp":1780239977914}
{"sessionId":"0d0cc8","hypothesisId":"B","location":"StatisticsUiHelper.ApplyPremiumGridStyle","message":"ok","data":{"grid":"dgvByClient","colCount":13},"timestamp":1780239978191}
{"sessionId":"0d0cc8","hypothesisId":"C","location":"StatisticsForm.InitializeForm","message":"start","data":{},"timestamp":1780240019898}
{"sessionId":"0d0cc8","hypothesisId":"C","location":"StatisticsForm.InitializeForm","message":"afterPopulate","data":{"tabCount":6},"timestamp":1780240019935}
{"sessionId":"0d0cc8","hypothesisId":"C","location":"StatisticsForm.InitializeForm","message":"afterChrome","data":{},"timestamp":1780240019937}
{"sessionId":"0d0cc8","hypothesisId":"B","location":"StatisticsUiHelper.ApplyPremiumGridStyle","message":"ok","data":{"grid":"","colCount":3},"timestamp":1780240019938}
{"sessionId":"0d0cc8","hypothesisId":"B","location":"StatisticsUiHelper.ApplyPremiumGridStyle","message":"ok","data":{"grid":"","colCount":6},"timestamp":1780240019944}
{"sessionId":"0d0cc8","hypothesisId":"B","location":"StatisticsUiHelper.ApplyPremiumGridStyle","message":"ok","data":{"grid":"","colCount":6},"timestamp":1780240019947}
{"sessionId":"0d0cc8","hypothesisId":"B","location":"StatisticsUiHelper.ApplyPremiumGridStyle","message":"ok","data":{"grid":"","colCount":8},"timestamp":1780240019948}
{"sessionId":"0d0cc8","hypothesisId":"B","location":"StatisticsUiHelper.ApplyPremiumGridStyle","message":"ok","data":{"grid":"","colCount":7},"timestamp":1780240019951}
{"sessionId":"0d0cc8","hypothesisId":"B","location":"StatisticsUiHelper.ApplyPremiumGridStyle","message":"ok","data":{"grid":"dgvByClient","colCount":13},"timestamp":1780240019954}
{"sessionId":"0d0cc8","hypothesisId":"B","location":"StatisticsUiHelper.ApplyPremiumGridStyle","message":"ok","data":{"grid":"dgvByClient","colCount":13},"timestamp":1780240019956}
{"sessionId":"0d0cc8","hypothesisId":"C","location":"StatisticsForm.InitializeForm","message":"afterGridStyles","data":{"runId":"post-fix"},"timestamp":1780240019957}
{"sessionId":"0d0cc8","hypothesisId":"C","location":"StatisticsForm.InitializeForm","message":"complete","data":{},"timestamp":1780240019962}
{"sessionId":"0d0cc8","hypothesisId":"B","location":"StatisticsUiHelper.ApplyPremiumGridStyle","message":"ok","data":{"grid":"","colCount":3},"timestamp":1780240020343}
{"sessionId":"0d0cc8","hypothesisId":"B","location":"StatisticsUiHelper.ApplyPremiumGridStyle","message":"ok","data":{"grid":"","colCount":6},"timestamp":1780240020364}
{"sessionId":"0d0cc8","hypothesisId":"B","location":"StatisticsUiHelper.ApplyPremiumGridStyle","message":"ok","data":{"grid":"","colCount":6},"timestamp":1780240020371}
{"sessionId":"0d0cc8","hypothesisId":"B","location":"StatisticsUiHelper.ApplyPremiumGridStyle","message":"ok","data":{"grid":"","colCount":8},"timestamp":1780240020380}
{"sessionId":"0d0cc8","hypothesisId":"B","location":"StatisticsUiHelper.ApplyPremiumGridStyle","message":"ok","data":{"grid":"","colCount":7},"timestamp":1780240020391}
{"sessionId":"0d0cc8","hypothesisId":"B","location":"StatisticsUiHelper.ApplyPremiumGridStyle","message":"ok","data":{"grid":"dgvByClient","colCount":13},"timestamp":1780240020402}
{"sessionId":"0d0cc8","hypothesisId":"A","location":"StatisticsUiHelper.OnStatisticsTabDrawItem","message":"draw","data":{"index":1,"bw":124,"bh":30,"tabW":1689,"selected":false},"timestamp":1780240020414}
{"sessionId":"0d0cc8","hypothesisId":"A","location":"StatisticsUiHelper.OnStatisticsTabDrawItem","message":"draw","data":{"index":2,"bw":124,"bh":30,"tabW":1689,"selected":false},"timestamp":1780240020417}
{"sessionId":"0d0cc8","hypothesisId":"A","location":"StatisticsUiHelper.OnStatisticsTabDrawItem","message":"draw","data":{"index":3,"bw":124,"bh":30,"tabW":1689,"selected":false},"timestamp":1780240020419}
{"sessionId":"0d0cc8","hypothesisId":"A","location":"StatisticsUiHelper.OnStatisticsTabDrawItem","message":"draw","data":{"index":4,"bw":124,"bh":30,"tabW":1689,"selected":false},"timestamp":1780240020422}
{"sessionId":"0d0cc8","hypothesisId":"A","location":"StatisticsUiHelper.OnStatisticsTabDrawItem","message":"draw","data":{"index":5,"bw":124,"bh":30,"tabW":1689,"selected":false},"timestamp":1780240020424}
{"sessionId":"0d0cc8","hypothesisId":"A","location":"StatisticsUiHelper.OnStatisticsTabDrawItem","message":"draw","data":{"index":0,"bw":132,"bh":36,"tabW":1689,"selected":true},"timestamp":1780240020428}
{"sessionId":"0d0cc8","hypothesisId":"A","location":"StatisticsUiHelper.OnStatisticsTabDrawItem","message":"draw","data":{"index":1,"bw":124,"bh":30,"tabW":1689,"selected":false},"timestamp":1780240020449}
{"sessionId":"0d0cc8","hypothesisId":"A","location":"StatisticsUiHelper.OnStatisticsTabDrawItem","message":"draw","data":{"index":2,"bw":124,"bh":30,"tabW":1689,"selected":false},"timestamp":1780240020452}
{"sessionId":"0d0cc8","hypothesisId":"A","location":"StatisticsUiHelper.OnStatisticsTabDrawItem","message":"draw","data":{"index":3,"bw":124,"bh":30,"tabW":1689,"selected":false},"timestamp":1780240020455}
{"sessionId":"0d0cc8","hypothesisId":"A","location":"StatisticsUiHelper.OnStatisticsTabDrawItem","message":"draw","data":{"index":4,"bw":124,"bh":30,"tabW":1689,"selected":false},"timestamp":1780240020458}
{"sessionId":"0d0cc8","hypothesisId":"A","location":"StatisticsUiHelper.OnStatisticsTabDrawItem","message":"draw","data":{"index":5,"bw":124,"bh":30,"tabW":1689,"selected":false},"timestamp":1780240020461}
{"sessionId":"0d0cc8","hypothesisId":"A","location":"StatisticsUiHelper.OnStatisticsTabDrawItem","message":"draw","data":{"index":0,"bw":132,"bh":36,"tabW":1689,"selected":true},"timestamp":1780240020463}
{"sessionId":"0d0cc8","hypothesisId":"A","location":"StatisticsUiHelper.OnStatisticsTabDrawItem","message":"draw","data":{"index":0,"bw":124,"bh":30,"tabW":1689,"selected":false},"timestamp":1780240021856}
{"sessionId":"0d0cc8","hypothesisId":"A","location":"StatisticsUiHelper.OnStatisticsTabDrawItem","message":"draw","data":{"index":1,"bw":124,"bh":30,"tabW":1689,"selected":false},"timestamp":1780240021861}
{"sessionId":"0d0cc8","hypothesisId":"A","location":"StatisticsUiHelper.OnStatisticsTabDrawItem","message":"draw","data":{"index":0,"bw":124,"bh":30,"tabW":1689,"selected":false},"timestamp":1780240021865}
{"sessionId":"0d0cc8","hypothesisId":"A","location":"StatisticsUiHelper.OnStatisticsTabDrawItem","message":"draw","data":{"index":1,"bw":124,"bh":30,"tabW":1689,"selected":false},"timestamp":1780240021871}
{"sessionId":"0d0cc8","hypothesisId":"A","location":"StatisticsUiHelper.OnStatisticsTabDrawItem","message":"draw","data":{"index":2,"bw":124,"bh":30,"tabW":1689,"selected":false},"timestamp":1780240021874}
{"sessionId":"0d0cc8","hypothesisId":"A","location":"StatisticsUiHelper.OnStatisticsTabDrawItem","message":"draw","data":{"index":3,"bw":124,"bh":30,"tabW":1689,"selected":false},"timestamp":1780240021877}
{"sessionId":"0d0cc8","hypothesisId":"A","location":"StatisticsUiHelper.OnStatisticsTabDrawItem","message":"draw","data":{"index":4,"bw":124,"bh":30,"tabW":1689,"selected":false},"timestamp":1780240021880}
{"sessionId":"0d0cc8","hypothesisId":"A","location":"StatisticsUiHelper.OnStatisticsTabDrawItem","message":"draw","data":{"index":5,"bw":132,"bh":36,"tabW":1689,"selected":true},"timestamp":1780240021883}
{"sessionId":"0d0cc8","hypothesisId":"A","location":"StatisticsUiHelper.OnStatisticsTabDrawItem","message":"draw","data":{"index":4,"bw":124,"bh":30,"tabW":1689,"selected":false},"timestamp":1780240024983}
{"sessionId":"0d0cc8","hypothesisId":"A","location":"StatisticsUiHelper.OnStatisticsTabDrawItem","message":"draw","data":{"index":5,"bw":132,"bh":36,"tabW":1689,"selected":true},"timestamp":1780240024988}
{"sessionId":"0d0cc8","hypothesisId":"A","location":"StatisticsUiHelper.OnStatisticsTabDrawItem","message":"draw","data":{"index":0,"bw":124,"bh":30,"tabW":1689,"selected":false},"timestamp":1780240024999}
{"sessionId":"0d0cc8","hypothesisId":"A","location":"StatisticsUiHelper.OnStatisticsTabDrawItem","message":"draw","data":{"index":1,"bw":124,"bh":30,"tabW":1689,"selected":false},"timestamp":1780240025003}
{"sessionId":"0d0cc8","hypothesisId":"A","location":"StatisticsUiHelper.OnStatisticsTabDrawItem","message":"draw","data":{"index":2,"bw":124,"bh":30,"tabW":1689,"selected":false},"timestamp":1780240025008}
{"sessionId":"0d0cc8","hypothesisId":"A","location":"StatisticsUiHelper.OnStatisticsTabDrawItem","message":"draw","data":{"index":3,"bw":124,"bh":30,"tabW":1689,"selected":false},"timestamp":1780240025012}
{"sessionId":"0d0cc8","hypothesisId":"A","location":"StatisticsUiHelper.OnStatisticsTabDrawItem","message":"draw","data":{"index":4,"bw":124,"bh":30,"tabW":1689,"selected":false},"timestamp":1780240025016}
{"sessionId":"0d0cc8","hypothesisId":"A","location":"StatisticsUiHelper.OnStatisticsTabDrawItem","message":"draw","data":{"index":5,"bw":132,"bh":36,"tabW":1689,"selected":true},"timestamp":1780240025019}
{"sessionId":"0d0cc8","hypothesisId":"B","location":"StatisticsUiHelper.ApplyPremiumGridStyle","message":"ok","data":{"grid":"dgvByClient","colCount":13},"timestamp":1780240025309}
{"sessionId":"0d0cc8","hypothesisId":"C","location":"StatisticsForm.InitializeForm","message":"start","data":{},"timestamp":1780292729457}
{"sessionId":"0d0cc8","hypothesisId":"C","location":"StatisticsForm.InitializeForm","message":"afterPopulate","data":{"tabCount":6},"timestamp":1780292729497}
{"sessionId":"0d0cc8","hypothesisId":"C","location":"StatisticsForm.InitializeForm","message":"afterChrome","data":{},"timestamp":1780292729500}
{"sessionId":"0d0cc8","hypothesisId":"B","location":"StatisticsUiHelper.ApplyPremiumGridStyle","message":"ok","data":{"grid":"","colCount":3},"timestamp":1780292729509}
{"sessionId":"0d0cc8","hypothesisId":"B","location":"StatisticsUiHelper.ApplyPremiumGridStyle","message":"ok","data":{"grid":"","colCount":6},"timestamp":1780292729518}
{"sessionId":"0d0cc8","hypothesisId":"B","location":"StatisticsUiHelper.ApplyPremiumGridStyle","message":"ok","data":{"grid":"","colCount":6},"timestamp":1780292729520}
{"sessionId":"0d0cc8","hypothesisId":"B","location":"StatisticsUiHelper.ApplyPremiumGridStyle","message":"ok","data":{"grid":"","colCount":8},"timestamp":1780292729521}
{"sessionId":"0d0cc8","hypothesisId":"B","location":"StatisticsUiHelper.ApplyPremiumGridStyle","message":"ok","data":{"grid":"","colCount":7},"timestamp":1780292729522}
{"sessionId":"0d0cc8","hypothesisId":"B","location":"StatisticsUiHelper.ApplyPremiumGridStyle","message":"ok","data":{"grid":"dgvByClient","colCount":13},"timestamp":1780292729527}
{"sessionId":"0d0cc8","hypothesisId":"B","location":"StatisticsUiHelper.ApplyPremiumGridStyle","message":"ok","data":{"grid":"dgvByClient","colCount":13},"timestamp":1780292729528}
{"sessionId":"0d0cc8","hypothesisId":"C","location":"StatisticsForm.InitializeForm","message":"afterGridStyles","data":{"runId":"post-fix"},"timestamp":1780292729528}
{"sessionId":"0d0cc8","hypothesisId":"C","location":"StatisticsForm.InitializeForm","message":"complete","data":{},"timestamp":1780292729538}
{"sessionId":"0d0cc8","hypothesisId":"B","location":"StatisticsUiHelper.ApplyPremiumGridStyle","message":"ok","data":{"grid":"","colCount":3},"timestamp":1780292729901}
{"sessionId":"0d0cc8","hypothesisId":"B","location":"StatisticsUiHelper.ApplyPremiumGridStyle","message":"ok","data":{"grid":"","colCount":6},"timestamp":1780292729925}
{"sessionId":"0d0cc8","hypothesisId":"B","location":"StatisticsUiHelper.ApplyPremiumGridStyle","message":"ok","data":{"grid":"","colCount":6},"timestamp":1780292729934}
{"sessionId":"0d0cc8","hypothesisId":"B","location":"StatisticsUiHelper.ApplyPremiumGridStyle","message":"ok","data":{"grid":"","colCount":8},"timestamp":1780292729943}
{"sessionId":"0d0cc8","hypothesisId":"B","location":"StatisticsUiHelper.ApplyPremiumGridStyle","message":"ok","data":{"grid":"","colCount":7},"timestamp":1780292729950}
{"sessionId":"0d0cc8","hypothesisId":"B","location":"StatisticsUiHelper.ApplyPremiumGridStyle","message":"ok","data":{"grid":"dgvByClient","colCount":13},"timestamp":1780292729960}
{"sessionId":"0d0cc8","hypothesisId":"A","location":"StatisticsUiHelper.OnStatisticsTabDrawItem","message":"draw","data":{"index":1,"bw":124,"bh":30,"tabW":1689,"selected":false},"timestamp":1780292729977}
{"sessionId":"0d0cc8","hypothesisId":"A","location":"StatisticsUiHelper.OnStatisticsTabDrawItem","message":"draw","data":{"index":2,"bw":124,"bh":30,"tabW":1689,"selected":false},"timestamp":1780292729986}
{"sessionId":"0d0cc8","hypothesisId":"A","location":"StatisticsUiHelper.OnStatisticsTabDrawItem","message":"draw","data":{"index":3,"bw":124,"bh":30,"tabW":1689,"selected":false},"timestamp":1780292729988}
{"sessionId":"0d0cc8","hypothesisId":"A","location":"StatisticsUiHelper.OnStatisticsTabDrawItem","message":"draw","data":{"index":4,"bw":124,"bh":30,"tabW":1689,"selected":false},"timestamp":1780292729989}
{"sessionId":"0d0cc8","hypothesisId":"A","location":"StatisticsUiHelper.OnStatisticsTabDrawItem","message":"draw","data":{"index":5,"bw":124,"bh":30,"tabW":1689,"selected":false},"timestamp":1780292729990}
{"sessionId":"0d0cc8","hypothesisId":"A","location":"StatisticsUiHelper.OnStatisticsTabDrawItem","message":"draw","data":{"index":0,"bw":132,"bh":36,"tabW":1689,"selected":true},"timestamp":1780292729992}
{"sessionId":"0d0cc8","hypothesisId":"A","location":"StatisticsUiHelper.OnStatisticsTabDrawItem","message":"draw","data":{"index":1,"bw":124,"bh":30,"tabW":1689,"selected":false},"timestamp":1780292730007}
{"sessionId":"0d0cc8","hypothesisId":"A","location":"StatisticsUiHelper.OnStatisticsTabDrawItem","message":"draw","data":{"index":2,"bw":124,"bh":30,"tabW":1689,"selected":false},"timestamp":1780292730009}
{"sessionId":"0d0cc8","hypothesisId":"A","location":"StatisticsUiHelper.OnStatisticsTabDrawItem","message":"draw","data":{"index":3,"bw":124,"bh":30,"tabW":1689,"selected":false},"timestamp":1780292730010}
{"sessionId":"0d0cc8","hypothesisId":"A","location":"StatisticsUiHelper.OnStatisticsTabDrawItem","message":"draw","data":{"index":4,"bw":124,"bh":30,"tabW":1689,"selected":false},"timestamp":1780292730011}
{"sessionId":"0d0cc8","hypothesisId":"A","location":"StatisticsUiHelper.OnStatisticsTabDrawItem","message":"draw","data":{"index":5,"bw":124,"bh":30,"tabW":1689,"selected":false},"timestamp":1780292730012}
{"sessionId":"0d0cc8","hypothesisId":"A","location":"StatisticsUiHelper.OnStatisticsTabDrawItem","message":"draw","data":{"index":0,"bw":132,"bh":36,"tabW":1689,"selected":true},"timestamp":1780292730014}
{"sessionId":"0d0cc8","hypothesisId":"A","location":"StatisticsUiHelper.OnStatisticsTabDrawItem","message":"draw","data":{"index":0,"bw":124,"bh":30,"tabW":1689,"selected":false},"timestamp":1780292731223}
{"sessionId":"0d0cc8","hypothesisId":"A","location":"StatisticsUiHelper.OnStatisticsTabDrawItem","message":"draw","data":{"index":1,"bw":124,"bh":30,"tabW":1689,"selected":false},"timestamp":1780292731225}
{"sessionId":"0d0cc8","hypothesisId":"A","location":"StatisticsUiHelper.OnStatisticsTabDrawItem","message":"draw","data":{"index":0,"bw":124,"bh":30,"tabW":1689,"selected":false},"timestamp":1780292731227}
{"sessionId":"0d0cc8","hypothesisId":"A","location":"StatisticsUiHelper.OnStatisticsTabDrawItem","message":"draw","data":{"index":1,"bw":124,"bh":30,"tabW":1689,"selected":false},"timestamp":1780292731229}
{"sessionId":"0d0cc8","hypothesisId":"A","location":"StatisticsUiHelper.OnStatisticsTabDrawItem","message":"draw","data":{"index":2,"bw":124,"bh":30,"tabW":1689,"selected":false},"timestamp":1780292731230}
{"sessionId":"0d0cc8","hypothesisId":"A","location":"StatisticsUiHelper.OnStatisticsTabDrawItem","message":"draw","data":{"index":3,"bw":124,"bh":30,"tabW":1689,"selected":false},"timestamp":1780292731232}
{"sessionId":"0d0cc8","hypothesisId":"A","location":"StatisticsUiHelper.OnStatisticsTabDrawItem","message":"draw","data":{"index":4,"bw":124,"bh":30,"tabW":1689,"selected":false},"timestamp":1780292731233}
{"sessionId":"0d0cc8","hypothesisId":"A","location":"StatisticsUiHelper.OnStatisticsTabDrawItem","message":"draw","data":{"index":5,"bw":132,"bh":36,"tabW":1689,"selected":true},"timestamp":1780292731235}
{"sessionId":"0d0cc8","hypothesisId":"A","location":"StatisticsUiHelper.OnStatisticsTabDrawItem","message":"draw","data":{"index":4,"bw":124,"bh":30,"tabW":1689,"selected":false},"timestamp":1780292733383}
{"sessionId":"0d0cc8","hypothesisId":"A","location":"StatisticsUiHelper.OnStatisticsTabDrawItem","message":"draw","data":{"index":5,"bw":132,"bh":36,"tabW":1689,"selected":true},"timestamp":1780292733385}
{"sessionId":"0d0cc8","hypothesisId":"B","location":"StatisticsUiHelper.ApplyPremiumGridStyle","message":"ok","data":{"grid":"dgvByClient","colCount":13},"timestamp":1780292737722}
{"sessionId":"0d0cc8","hypothesisId":"A","location":"StatisticsUiHelper.OnStatisticsTabDrawItem","message":"draw","data":{"index":0,"bw":124,"bh":30,"tabW":1689,"selected":false},"timestamp":1780292741892}
{"sessionId":"0d0cc8","hypothesisId":"A","location":"StatisticsUiHelper.OnStatisticsTabDrawItem","message":"draw","data":{"index":1,"bw":124,"bh":30,"tabW":1689,"selected":false},"timestamp":1780292741898}
{"sessionId":"0d0cc8","hypothesisId":"A","location":"StatisticsUiHelper.OnStatisticsTabDrawItem","message":"draw","data":{"index":2,"bw":124,"bh":30,"tabW":1689,"selected":false},"timestamp":1780292741899}
{"sessionId":"0d0cc8","hypothesisId":"A","location":"StatisticsUiHelper.OnStatisticsTabDrawItem","message":"draw","data":{"index":3,"bw":124,"bh":30,"tabW":1689,"selected":false},"timestamp":1780292741901}
{"sessionId":"0d0cc8","hypothesisId":"A","location":"StatisticsUiHelper.OnStatisticsTabDrawItem","message":"draw","data":{"index":4,"bw":124,"bh":30,"tabW":1689,"selected":false},"timestamp":1780292741903}
{"sessionId":"0d0cc8","hypothesisId":"A","location":"StatisticsUiHelper.OnStatisticsTabDrawItem","message":"draw","data":{"index":5,"bw":132,"bh":36,"tabW":1689,"selected":true},"timestamp":1780292741904}
{"sessionId":"0d0cc8","hypothesisId":"B","location":"StatisticsUiHelper.ApplyPremiumGridStyle","message":"ok","data":{"grid":"dgvByClient","colCount":13},"timestamp":1780292742020}
{"sessionId":"0d0cc8","hypothesisId":"B","location":"StatisticsUiHelper.ApplyPremiumGridStyle","message":"ok","data":{"grid":"dgvByClient","colCount":13},"timestamp":1780292766817}
{"sessionId":"0d0cc8","hypothesisId":"B","location":"StatisticsUiHelper.ApplyPremiumGridStyle","message":"ok","data":{"grid":"dgvByClient","colCount":13},"timestamp":1780292772929}
{"sessionId":"0d0cc8","hypothesisId":"C","location":"StatisticsForm.InitializeForm","message":"start","data":{},"timestamp":1780292788684}
{"sessionId":"0d0cc8","hypothesisId":"C","location":"StatisticsForm.InitializeForm","message":"afterPopulate","data":{"tabCount":6},"timestamp":1780292788695}
{"sessionId":"0d0cc8","hypothesisId":"C","location":"StatisticsForm.InitializeForm","message":"afterChrome","data":{},"timestamp":1780292788695}
{"sessionId":"0d0cc8","hypothesisId":"B","location":"StatisticsUiHelper.ApplyPremiumGridStyle","message":"ok","data":{"grid":"","colCount":3},"timestamp":1780292788697}
{"sessionId":"0d0cc8","hypothesisId":"B","location":"StatisticsUiHelper.ApplyPremiumGridStyle","message":"ok","data":{"grid":"","colCount":6},"timestamp":1780292788698}
{"sessionId":"0d0cc8","hypothesisId":"B","location":"StatisticsUiHelper.ApplyPremiumGridStyle","message":"ok","data":{"grid":"","colCount":6},"timestamp":1780292788699}
{"sessionId":"0d0cc8","hypothesisId":"B","location":"StatisticsUiHelper.ApplyPremiumGridStyle","message":"ok","data":{"grid":"","colCount":8},"timestamp":1780292788700}
{"sessionId":"0d0cc8","hypothesisId":"B","location":"StatisticsUiHelper.ApplyPremiumGridStyle","message":"ok","data":{"grid":"","colCount":7},"timestamp":1780292788701}
{"sessionId":"0d0cc8","hypothesisId":"B","location":"StatisticsUiHelper.ApplyPremiumGridStyle","message":"ok","data":{"grid":"dgvByClient","colCount":13},"timestamp":1780292788703}
{"sessionId":"0d0cc8","hypothesisId":"B","location":"StatisticsUiHelper.ApplyPremiumGridStyle","message":"ok","data":{"grid":"dgvByClient","colCount":13},"timestamp":1780292788704}
{"sessionId":"0d0cc8","hypothesisId":"C","location":"StatisticsForm.InitializeForm","message":"afterGridStyles","data":{"runId":"post-fix"},"timestamp":1780292788705}
{"sessionId":"0d0cc8","hypothesisId":"C","location":"StatisticsForm.InitializeForm","message":"complete","data":{},"timestamp":1780292788709}
{"sessionId":"0d0cc8","hypothesisId":"B","location":"StatisticsUiHelper.ApplyPremiumGridStyle","message":"ok","data":{"grid":"","colCount":3},"timestamp":1780292788971}
{"sessionId":"0d0cc8","hypothesisId":"B","location":"StatisticsUiHelper.ApplyPremiumGridStyle","message":"ok","data":{"grid":"","colCount":6},"timestamp":1780292788992}
{"sessionId":"0d0cc8","hypothesisId":"B","location":"StatisticsUiHelper.ApplyPremiumGridStyle","message":"ok","data":{"grid":"","colCount":6},"timestamp":1780292788995}
{"sessionId":"0d0cc8","hypothesisId":"B","location":"StatisticsUiHelper.ApplyPremiumGridStyle","message":"ok","data":{"grid":"","colCount":8},"timestamp":1780292789002}
{"sessionId":"0d0cc8","hypothesisId":"B","location":"StatisticsUiHelper.ApplyPremiumGridStyle","message":"ok","data":{"grid":"","colCount":7},"timestamp":1780292789008}
{"sessionId":"0d0cc8","hypothesisId":"B","location":"StatisticsUiHelper.ApplyPremiumGridStyle","message":"ok","data":{"grid":"dgvByClient","colCount":13},"timestamp":1780292789014}
{"sessionId":"0d0cc8","hypothesisId":"A","location":"StatisticsUiHelper.OnStatisticsTabDrawItem","message":"draw","data":{"index":1,"bw":124,"bh":30,"tabW":1689,"selected":false},"timestamp":1780292789019}
{"sessionId":"0d0cc8","hypothesisId":"A","location":"StatisticsUiHelper.OnStatisticsTabDrawItem","message":"draw","data":{"index":2,"bw":124,"bh":30,"tabW":1689,"selected":false},"timestamp":1780292789023}
{"sessionId":"0d0cc8","hypothesisId":"A","location":"StatisticsUiHelper.OnStatisticsTabDrawItem","message":"draw","data":{"index":3,"bw":124,"bh":30,"tabW":1689,"selected":false},"timestamp":1780292789025}
{"sessionId":"0d0cc8","hypothesisId":"A","location":"StatisticsUiHelper.OnStatisticsTabDrawItem","message":"draw","data":{"index":4,"bw":124,"bh":30,"tabW":1689,"selected":false},"timestamp":1780292789026}
{"sessionId":"0d0cc8","hypothesisId":"A","location":"StatisticsUiHelper.OnStatisticsTabDrawItem","message":"draw","data":{"index":5,"bw":124,"bh":30,"tabW":1689,"selected":false},"timestamp":1780292789029}
{"sessionId":"0d0cc8","hypothesisId":"A","location":"StatisticsUiHelper.OnStatisticsTabDrawItem","message":"draw","data":{"index":0,"bw":132,"bh":36,"tabW":1689,"selected":true},"timestamp":1780292789033}
{"sessionId":"0d0cc8","hypothesisId":"A","location":"StatisticsUiHelper.OnStatisticsTabDrawItem","message":"draw","data":{"index":1,"bw":124,"bh":30,"tabW":1689,"selected":false},"timestamp":1780292789045}
{"sessionId":"0d0cc8","hypothesisId":"A","location":"StatisticsUiHelper.OnStatisticsTabDrawItem","message":"draw","data":{"index":2,"bw":124,"bh":30,"tabW":1689,"selected":false},"timestamp":1780292789048}
{"sessionId":"0d0cc8","hypothesisId":"A","location":"StatisticsUiHelper.OnStatisticsTabDrawItem","message":"draw","data":{"index":3,"bw":124,"bh":30,"tabW":1689,"selected":false},"timestamp":1780292789056}
{"sessionId":"0d0cc8","hypothesisId":"A","location":"StatisticsUiHelper.OnStatisticsTabDrawItem","message":"draw","data":{"index":4,"bw":124,"bh":30,"tabW":1689,"selected":false},"timestamp":1780292789058}
{"sessionId":"0d0cc8","hypothesisId":"A","location":"StatisticsUiHelper.OnStatisticsTabDrawItem","message":"draw","data":{"index":5,"bw":124,"bh":30,"tabW":1689,"selected":false},"timestamp":1780292789060}
{"sessionId":"0d0cc8","hypothesisId":"A","location":"StatisticsUiHelper.OnStatisticsTabDrawItem","message":"draw","data":{"index":0,"bw":132,"bh":36,"tabW":1689,"selected":true},"timestamp":1780292789061}
{"sessionId":"0d0cc8","hypothesisId":"A","location":"StatisticsUiHelper.OnStatisticsTabDrawItem","message":"draw","data":{"index":0,"bw":124,"bh":30,"tabW":1689,"selected":false},"timestamp":1780292790533}
{"sessionId":"0d0cc8","hypothesisId":"A","location":"StatisticsUiHelper.OnStatisticsTabDrawItem","message":"draw","data":{"index":1,"bw":124,"bh":30,"tabW":1689,"selected":false},"timestamp":1780292790535}
{"sessionId":"0d0cc8","hypothesisId":"A","location":"StatisticsUiHelper.OnStatisticsTabDrawItem","message":"draw","data":{"index":0,"bw":124,"bh":30,"tabW":1689,"selected":false},"timestamp":1780292790537}
{"sessionId":"0d0cc8","hypothesisId":"A","location":"StatisticsUiHelper.OnStatisticsTabDrawItem","message":"draw","data":{"index":1,"bw":124,"bh":30,"tabW":1689,"selected":false},"timestamp":1780292790539}
{"sessionId":"0d0cc8","hypothesisId":"A","location":"StatisticsUiHelper.OnStatisticsTabDrawItem","message":"draw","data":{"index":2,"bw":124,"bh":30,"tabW":1689,"selected":false},"timestamp":1780292790540}
{"sessionId":"0d0cc8","hypothesisId":"A","location":"StatisticsUiHelper.OnStatisticsTabDrawItem","message":"draw","data":{"index":3,"bw":124,"bh":30,"tabW":1689,"selected":false},"timestamp":1780292790542}
{"sessionId":"0d0cc8","hypothesisId":"A","location":"StatisticsUiHelper.OnStatisticsTabDrawItem","message":"draw","data":{"index":4,"bw":124,"bh":30,"tabW":1689,"selected":false},"timestamp":1780292790543}
{"sessionId":"0d0cc8","hypothesisId":"A","location":"StatisticsUiHelper.OnStatisticsTabDrawItem","message":"draw","data":{"index":5,"bw":132,"bh":36,"tabW":1689,"selected":true},"timestamp":1780292790544}
{"sessionId":"0d0cc8","hypothesisId":"A","location":"StatisticsUiHelper.OnStatisticsTabDrawItem","message":"draw","data":{"index":4,"bw":124,"bh":30,"tabW":1689,"selected":false},"timestamp":1780292795922}
{"sessionId":"0d0cc8","hypothesisId":"A","location":"StatisticsUiHelper.OnStatisticsTabDrawItem","message":"draw","data":{"index":5,"bw":132,"bh":36,"tabW":1689,"selected":true},"timestamp":1780292795924}
{"sessionId":"0d0cc8","hypothesisId":"C","location":"StatisticsForm.InitializeForm","message":"start","data":{},"timestamp":1780292819239}
{"sessionId":"0d0cc8","hypothesisId":"C","location":"StatisticsForm.InitializeForm","message":"afterPopulate","data":{"tabCount":6},"timestamp":1780292819251}
{"sessionId":"0d0cc8","hypothesisId":"C","location":"StatisticsForm.InitializeForm","message":"afterChrome","data":{},"timestamp":1780292819253}
{"sessionId":"0d0cc8","hypothesisId":"B","location":"StatisticsUiHelper.ApplyPremiumGridStyle","message":"ok","data":{"grid":"","colCount":3},"timestamp":1780292819254}
{"sessionId":"0d0cc8","hypothesisId":"B","location":"StatisticsUiHelper.ApplyPremiumGridStyle","message":"ok","data":{"grid":"","colCount":6},"timestamp":1780292819256}
{"sessionId":"0d0cc8","hypothesisId":"B","location":"StatisticsUiHelper.ApplyPremiumGridStyle","message":"ok","data":{"grid":"","colCount":6},"timestamp":1780292819257}
{"sessionId":"0d0cc8","hypothesisId":"B","location":"StatisticsUiHelper.ApplyPremiumGridStyle","message":"ok","data":{"grid":"","colCount":8},"timestamp":1780292819258}
{"sessionId":"0d0cc8","hypothesisId":"B","location":"StatisticsUiHelper.ApplyPremiumGridStyle","message":"ok","data":{"grid":"","colCount":7},"timestamp":1780292819259}
{"sessionId":"0d0cc8","hypothesisId":"B","location":"StatisticsUiHelper.ApplyPremiumGridStyle","message":"ok","data":{"grid":"dgvByClient","colCount":13},"timestamp":1780292819262}
{"sessionId":"0d0cc8","hypothesisId":"B","location":"StatisticsUiHelper.ApplyPremiumGridStyle","message":"ok","data":{"grid":"dgvByClient","colCount":13},"timestamp":1780292819262}
{"sessionId":"0d0cc8","hypothesisId":"C","location":"StatisticsForm.InitializeForm","message":"afterGridStyles","data":{"runId":"post-fix"},"timestamp":1780292819263}
{"sessionId":"0d0cc8","hypothesisId":"C","location":"StatisticsForm.InitializeForm","message":"complete","data":{},"timestamp":1780292819266}
{"sessionId":"0d0cc8","hypothesisId":"B","location":"StatisticsUiHelper.ApplyPremiumGridStyle","message":"ok","data":{"grid":"","colCount":3},"timestamp":1780292819541}
{"sessionId":"0d0cc8","hypothesisId":"B","location":"StatisticsUiHelper.ApplyPremiumGridStyle","message":"ok","data":{"grid":"","colCount":6},"timestamp":1780292819562}
{"sessionId":"0d0cc8","hypothesisId":"B","location":"StatisticsUiHelper.ApplyPremiumGridStyle","message":"ok","data":{"grid":"","colCount":6},"timestamp":1780292819567}
{"sessionId":"0d0cc8","hypothesisId":"B","location":"StatisticsUiHelper.ApplyPremiumGridStyle","message":"ok","data":{"grid":"","colCount":8},"timestamp":1780292819573}
{"sessionId":"0d0cc8","hypothesisId":"B","location":"StatisticsUiHelper.ApplyPremiumGridStyle","message":"ok","data":{"grid":"","colCount":7},"timestamp":1780292819580}
{"sessionId":"0d0cc8","hypothesisId":"B","location":"StatisticsUiHelper.ApplyPremiumGridStyle","message":"ok","data":{"grid":"dgvByClient","colCount":13},"timestamp":1780292819591}
{"sessionId":"0d0cc8","hypothesisId":"A","location":"StatisticsUiHelper.OnStatisticsTabDrawItem","message":"draw","data":{"index":1,"bw":124,"bh":30,"tabW":1689,"selected":false},"timestamp":1780292819598}
{"sessionId":"0d0cc8","hypothesisId":"A","location":"StatisticsUiHelper.OnStatisticsTabDrawItem","message":"draw","data":{"index":2,"bw":124,"bh":30,"tabW":1689,"selected":false},"timestamp":1780292819600}
{"sessionId":"0d0cc8","hypothesisId":"A","location":"StatisticsUiHelper.OnStatisticsTabDrawItem","message":"draw","data":{"index":3,"bw":124,"bh":30,"tabW":1689,"selected":false},"timestamp":1780292819603}
{"sessionId":"0d0cc8","hypothesisId":"A","location":"StatisticsUiHelper.OnStatisticsTabDrawItem","message":"draw","data":{"index":4,"bw":124,"bh":30,"tabW":1689,"selected":false},"timestamp":1780292819604}
{"sessionId":"0d0cc8","hypothesisId":"A","location":"StatisticsUiHelper.OnStatisticsTabDrawItem","message":"draw","data":{"index":5,"bw":124,"bh":30,"tabW":1689,"selected":false},"timestamp":1780292819606}
{"sessionId":"0d0cc8","hypothesisId":"A","location":"StatisticsUiHelper.OnStatisticsTabDrawItem","message":"draw","data":{"index":0,"bw":132,"bh":36,"tabW":1689,"selected":true},"timestamp":1780292819608}
{"sessionId":"0d0cc8","hypothesisId":"A","location":"StatisticsUiHelper.OnStatisticsTabDrawItem","message":"draw","data":{"index":1,"bw":124,"bh":30,"tabW":1689,"selected":false},"timestamp":1780292819629}
{"sessionId":"0d0cc8","hypothesisId":"A","location":"StatisticsUiHelper.OnStatisticsTabDrawItem","message":"draw","data":{"index":2,"bw":124,"bh":30,"tabW":1689,"selected":false},"timestamp":1780292819633}
{"sessionId":"0d0cc8","hypothesisId":"A","location":"StatisticsUiHelper.OnStatisticsTabDrawItem","message":"draw","data":{"index":3,"bw":124,"bh":30,"tabW":1689,"selected":false},"timestamp":1780292819635}
{"sessionId":"0d0cc8","hypothesisId":"A","location":"StatisticsUiHelper.OnStatisticsTabDrawItem","message":"draw","data":{"index":4,"bw":124,"bh":30,"tabW":1689,"selected":false},"timestamp":1780292819637}
{"sessionId":"0d0cc8","hypothesisId":"A","location":"StatisticsUiHelper.OnStatisticsTabDrawItem","message":"draw","data":{"index":5,"bw":124,"bh":30,"tabW":1689,"selected":false},"timestamp":1780292819639}
{"sessionId":"0d0cc8","hypothesisId":"A","location":"StatisticsUiHelper.OnStatisticsTabDrawItem","message":"draw","data":{"index":0,"bw":132,"bh":36,"tabW":1689,"selected":true},"timestamp":1780292819640}
{"sessionId":"0d0cc8","hypothesisId":"A","location":"StatisticsUiHelper.OnStatisticsTabDrawItem","message":"draw","data":{"index":0,"bw":124,"bh":30,"tabW":1689,"selected":false},"timestamp":1780292820941}
{"sessionId":"0d0cc8","hypothesisId":"A","location":"StatisticsUiHelper.OnStatisticsTabDrawItem","message":"draw","data":{"index":1,"bw":124,"bh":30,"tabW":1689,"selected":false},"timestamp":1780292820944}
{"sessionId":"0d0cc8","hypothesisId":"A","location":"StatisticsUiHelper.OnStatisticsTabDrawItem","message":"draw","data":{"index":0,"bw":124,"bh":30,"tabW":1689,"selected":false},"timestamp":1780292820946}
{"sessionId":"0d0cc8","hypothesisId":"A","location":"StatisticsUiHelper.OnStatisticsTabDrawItem","message":"draw","data":{"index":1,"bw":124,"bh":30,"tabW":1689,"selected":false},"timestamp":1780292820949}
{"sessionId":"0d0cc8","hypothesisId":"A","location":"StatisticsUiHelper.OnStatisticsTabDrawItem","message":"draw","data":{"index":2,"bw":124,"bh":30,"tabW":1689,"selected":false},"timestamp":1780292820950}
{"sessionId":"0d0cc8","hypothesisId":"A","location":"StatisticsUiHelper.OnStatisticsTabDrawItem","message":"draw","data":{"index":3,"bw":124,"bh":30,"tabW":1689,"selected":false},"timestamp":1780292820952}
{"sessionId":"0d0cc8","hypothesisId":"A","location":"StatisticsUiHelper.OnStatisticsTabDrawItem","message":"draw","data":{"index":4,"bw":124,"bh":30,"tabW":1689,"selected":false},"timestamp":1780292820953}
{"sessionId":"0d0cc8","hypothesisId":"A","location":"StatisticsUiHelper.OnStatisticsTabDrawItem","message":"draw","data":{"index":5,"bw":132,"bh":36,"tabW":1689,"selected":true},"timestamp":1780292820955}
{"sessionId":"0d0cc8","hypothesisId":"A","location":"StatisticsUiHelper.OnStatisticsTabDrawItem","message":"draw","data":{"index":4,"bw":124,"bh":30,"tabW":1689,"selected":false},"timestamp":1780292822427}
{"sessionId":"0d0cc8","hypothesisId":"A","location":"StatisticsUiHelper.OnStatisticsTabDrawItem","message":"draw","data":{"index":5,"bw":132,"bh":36,"tabW":1689,"selected":true},"timestamp":1780292822429}
{"sessionId":"0d0cc8","hypothesisId":"A","location":"StatisticsUiHelper.OnStatisticsTabDrawItem","message":"draw","data":{"index":0,"bw":124,"bh":30,"tabW":1689,"selected":false},"timestamp":1780292843206}
{"sessionId":"0d0cc8","hypothesisId":"A","location":"StatisticsUiHelper.OnStatisticsTabDrawItem","message":"draw","data":{"index":1,"bw":124,"bh":30,"tabW":1689,"selected":false},"timestamp":1780292843209}
{"sessionId":"0d0cc8","hypothesisId":"A","location":"StatisticsUiHelper.OnStatisticsTabDrawItem","message":"draw","data":{"index":2,"bw":124,"bh":30,"tabW":1689,"selected":false},"timestamp":1780292843210}
{"sessionId":"0d0cc8","hypothesisId":"A","location":"StatisticsUiHelper.OnStatisticsTabDrawItem","message":"draw","data":{"index":3,"bw":124,"bh":30,"tabW":1689,"selected":false},"timestamp":1780292843212}
{"sessionId":"0d0cc8","hypothesisId":"A","location":"StatisticsUiHelper.OnStatisticsTabDrawItem","message":"draw","data":{"index":4,"bw":124,"bh":30,"tabW":1689,"selected":false},"timestamp":1780292843216}
{"sessionId":"0d0cc8","hypothesisId":"A","location":"StatisticsUiHelper.OnStatisticsTabDrawItem","message":"draw","data":{"index":5,"bw":132,"bh":36,"tabW":1689,"selected":true},"timestamp":1780292843217}
{"sessionId":"0d0cc8","hypothesisId":"B","location":"StatisticsUiHelper.ApplyPremiumGridStyle","message":"ok","data":{"grid":"dgvByClient","colCount":13},"timestamp":1780292843359}
{"sessionId":"0d0cc8","hypothesisId":"C","location":"StatisticsForm.InitializeForm","message":"start","data":{},"timestamp":1780292849783}
{"sessionId":"0d0cc8","hypothesisId":"C","location":"StatisticsForm.InitializeForm","message":"afterPopulate","data":{"tabCount":6},"timestamp":1780292849793}
{"sessionId":"0d0cc8","hypothesisId":"C","location":"StatisticsForm.InitializeForm","message":"afterChrome","data":{},"timestamp":1780292849793}
{"sessionId":"0d0cc8","hypothesisId":"B","location":"StatisticsUiHelper.ApplyPremiumGridStyle","message":"ok","data":{"grid":"","colCount":3},"timestamp":1780292849794}
{"sessionId":"0d0cc8","hypothesisId":"B","location":"StatisticsUiHelper.ApplyPremiumGridStyle","message":"ok","data":{"grid":"","colCount":6},"timestamp":1780292849795}
{"sessionId":"0d0cc8","hypothesisId":"B","location":"StatisticsUiHelper.ApplyPremiumGridStyle","message":"ok","data":{"grid":"","colCount":6},"timestamp":1780292849796}
{"sessionId":"0d0cc8","hypothesisId":"B","location":"StatisticsUiHelper.ApplyPremiumGridStyle","message":"ok","data":{"grid":"","colCount":8},"timestamp":1780292849798}
{"sessionId":"0d0cc8","hypothesisId":"B","location":"StatisticsUiHelper.ApplyPremiumGridStyle","message":"ok","data":{"grid":"","colCount":7},"timestamp":1780292849799}
{"sessionId":"0d0cc8","hypothesisId":"B","location":"StatisticsUiHelper.ApplyPremiumGridStyle","message":"ok","data":{"grid":"dgvByClient","colCount":13},"timestamp":1780292849801}
{"sessionId":"0d0cc8","hypothesisId":"B","location":"StatisticsUiHelper.ApplyPremiumGridStyle","message":"ok","data":{"grid":"dgvByClient","colCount":13},"timestamp":1780292849802}
{"sessionId":"0d0cc8","hypothesisId":"C","location":"StatisticsForm.InitializeForm","message":"afterGridStyles","data":{"runId":"post-fix"},"timestamp":1780292849802}
{"sessionId":"0d0cc8","hypothesisId":"C","location":"StatisticsForm.InitializeForm","message":"complete","data":{},"timestamp":1780292849807}
{"sessionId":"0d0cc8","hypothesisId":"B","location":"StatisticsUiHelper.ApplyPremiumGridStyle","message":"ok","data":{"grid":"","colCount":3},"timestamp":1780292850091}
{"sessionId":"0d0cc8","hypothesisId":"B","location":"StatisticsUiHelper.ApplyPremiumGridStyle","message":"ok","data":{"grid":"","colCount":6},"timestamp":1780292850102}
{"sessionId":"0d0cc8","hypothesisId":"B","location":"StatisticsUiHelper.ApplyPremiumGridStyle","message":"ok","data":{"grid":"","colCount":6},"timestamp":1780292850106}
{"sessionId":"0d0cc8","hypothesisId":"B","location":"StatisticsUiHelper.ApplyPremiumGridStyle","message":"ok","data":{"grid":"","colCount":8},"timestamp":1780292850112}
{"sessionId":"0d0cc8","hypothesisId":"B","location":"StatisticsUiHelper.ApplyPremiumGridStyle","message":"ok","data":{"grid":"","colCount":7},"timestamp":1780292850120}
{"sessionId":"0d0cc8","hypothesisId":"B","location":"StatisticsUiHelper.ApplyPremiumGridStyle","message":"ok","data":{"grid":"dgvByClient","colCount":13},"timestamp":1780292850128}
{"sessionId":"0d0cc8","hypothesisId":"A","location":"StatisticsUiHelper.OnStatisticsTabDrawItem","message":"draw","data":{"index":1,"bw":124,"bh":30,"tabW":1689,"selected":false},"timestamp":1780292850143}
{"sessionId":"0d0cc8","hypothesisId":"A","location":"StatisticsUiHelper.OnStatisticsTabDrawItem","message":"draw","data":{"index":2,"bw":124,"bh":30,"tabW":1689,"selected":false},"timestamp":1780292850145}
{"sessionId":"0d0cc8","hypothesisId":"A","location":"StatisticsUiHelper.OnStatisticsTabDrawItem","message":"draw","data":{"index":3,"bw":124,"bh":30,"tabW":1689,"selected":false},"timestamp":1780292850148}
{"sessionId":"0d0cc8","hypothesisId":"A","location":"StatisticsUiHelper.OnStatisticsTabDrawItem","message":"draw","data":{"index":4,"bw":124,"bh":30,"tabW":1689,"selected":false},"timestamp":1780292850152}
{"sessionId":"0d0cc8","hypothesisId":"A","location":"StatisticsUiHelper.OnStatisticsTabDrawItem","message":"draw","data":{"index":5,"bw":124,"bh":30,"tabW":1689,"selected":false},"timestamp":1780292850154}
{"sessionId":"0d0cc8","hypothesisId":"A","location":"StatisticsUiHelper.OnStatisticsTabDrawItem","message":"draw","data":{"index":0,"bw":132,"bh":36,"tabW":1689,"selected":true},"timestamp":1780292850156}
{"sessionId":"0d0cc8","hypothesisId":"A","location":"StatisticsUiHelper.OnStatisticsTabDrawItem","message":"draw","data":{"index":1,"bw":124,"bh":30,"tabW":1689,"selected":false},"timestamp":1780292850168}
{"sessionId":"0d0cc8","hypothesisId":"A","location":"StatisticsUiHelper.OnStatisticsTabDrawItem","message":"draw","data":{"index":2,"bw":124,"bh":30,"tabW":1689,"selected":false},"timestamp":1780292850170}
{"sessionId":"0d0cc8","hypothesisId":"A","location":"StatisticsUiHelper.OnStatisticsTabDrawItem","message":"draw","data":{"index":3,"bw":124,"bh":30,"tabW":1689,"selected":false},"timestamp":1780292850171}
{"sessionId":"0d0cc8","hypothesisId":"A","location":"StatisticsUiHelper.OnStatisticsTabDrawItem","message":"draw","data":{"index":4,"bw":124,"bh":30,"tabW":1689,"selected":false},"timestamp":1780292850173}
{"sessionId":"0d0cc8","hypothesisId":"A","location":"StatisticsUiHelper.OnStatisticsTabDrawItem","message":"draw","data":{"index":5,"bw":124,"bh":30,"tabW":1689,"selected":false},"timestamp":1780292850175}
{"sessionId":"0d0cc8","hypothesisId":"A","location":"StatisticsUiHelper.OnStatisticsTabDrawItem","message":"draw","data":{"index":0,"bw":132,"bh":36,"tabW":1689,"selected":true},"timestamp":1780292850176}
{"sessionId":"0d0cc8","hypothesisId":"A","location":"StatisticsUiHelper.OnStatisticsTabDrawItem","message":"draw","data":{"index":0,"bw":124,"bh":30,"tabW":1689,"selected":false},"timestamp":1780292851787}
{"sessionId":"0d0cc8","hypothesisId":"A","location":"StatisticsUiHelper.OnStatisticsTabDrawItem","message":"draw","data":{"index":1,"bw":132,"bh":36,"tabW":1689,"selected":true},"timestamp":1780292851794}
{"sessionId":"0d0cc8","hypothesisId":"A","location":"StatisticsUiHelper.OnStatisticsTabDrawItem","message":"draw","data":{"index":0,"bw":124,"bh":30,"tabW":1689,"selected":false},"timestamp":1780292851797}
{"sessionId":"0d0cc8","hypothesisId":"A","location":"StatisticsUiHelper.OnStatisticsTabDrawItem","message":"draw","data":{"index":2,"bw":124,"bh":30,"tabW":1689,"selected":false},"timestamp":1780292851799}
{"sessionId":"0d0cc8","hypothesisId":"A","location":"StatisticsUiHelper.OnStatisticsTabDrawItem","message":"draw","data":{"index":1,"bw":132,"bh":36,"tabW":1689,"selected":true},"timestamp":1780292851800}
{"sessionId":"0d0cc8","hypothesisId":"A","location":"StatisticsUiHelper.OnStatisticsTabDrawItem","message":"draw","data":{"index":0,"bw":124,"bh":30,"tabW":1689,"selected":false},"timestamp":1780292852281}
{"sessionId":"0d0cc8","hypothesisId":"A","location":"StatisticsUiHelper.OnStatisticsTabDrawItem","message":"draw","data":{"index":1,"bw":124,"bh":30,"tabW":1689,"selected":false},"timestamp":1780292852284}
{"sessionId":"0d0cc8","hypothesisId":"A","location":"StatisticsUiHelper.OnStatisticsTabDrawItem","message":"draw","data":{"index":3,"bw":124,"bh":30,"tabW":1689,"selected":false},"timestamp":1780292852286}
{"sessionId":"0d0cc8","hypothesisId":"A","location":"StatisticsUiHelper.OnStatisticsTabDrawItem","message":"draw","data":{"index":2,"bw":132,"bh":36,"tabW":1689,"selected":true},"timestamp":1780292852287}
{"sessionId":"0d0cc8","hypothesisId":"A","location":"StatisticsUiHelper.OnStatisticsTabDrawItem","message":"draw","data":{"index":1,"bw":124,"bh":30,"tabW":1689,"selected":false},"timestamp":1780292853226}
{"sessionId":"0d0cc8","hypothesisId":"A","location":"StatisticsUiHelper.OnStatisticsTabDrawItem","message":"draw","data":{"index":2,"bw":124,"bh":30,"tabW":1689,"selected":false},"timestamp":1780292853230}
{"sessionId":"0d0cc8","hypothesisId":"A","location":"StatisticsUiHelper.OnStatisticsTabDrawItem","message":"draw","data":{"index":4,"bw":124,"bh":30,"tabW":1689,"selected":false},"timestamp":1780292853232}
{"sessionId":"0d0cc8","hypothesisId":"A","location":"StatisticsUiHelper.OnStatisticsTabDrawItem","message":"draw","data":{"index":3,"bw":132,"bh":36,"tabW":1689,"selected":true},"timestamp":1780292853235}
{"sessionId":"0d0cc8","hypothesisId":"A","location":"StatisticsUiHelper.OnStatisticsTabDrawItem","message":"draw","data":{"index":2,"bw":124,"bh":30,"tabW":1689,"selected":false},"timestamp":1780292853596}
{"sessionId":"0d0cc8","hypothesisId":"A","location":"StatisticsUiHelper.OnStatisticsTabDrawItem","message":"draw","data":{"index":3,"bw":124,"bh":30,"tabW":1689,"selected":false},"timestamp":1780292853599}
{"sessionId":"0d0cc8","hypothesisId":"A","location":"StatisticsUiHelper.OnStatisticsTabDrawItem","message":"draw","data":{"index":5,"bw":124,"bh":30,"tabW":1689,"selected":false},"timestamp":1780292853600}
{"sessionId":"0d0cc8","hypothesisId":"A","location":"StatisticsUiHelper.OnStatisticsTabDrawItem","message":"draw","data":{"index":4,"bw":132,"bh":36,"tabW":1689,"selected":true},"timestamp":1780292853602}
{"sessionId":"0d0cc8","hypothesisId":"A","location":"StatisticsUiHelper.OnStatisticsTabDrawItem","message":"draw","data":{"index":3,"bw":124,"bh":30,"tabW":1689,"selected":false},"timestamp":1780292853923}
{"sessionId":"0d0cc8","hypothesisId":"A","location":"StatisticsUiHelper.OnStatisticsTabDrawItem","message":"draw","data":{"index":4,"bw":124,"bh":30,"tabW":1689,"selected":false},"timestamp":1780292853926}
{"sessionId":"0d0cc8","hypothesisId":"A","location":"StatisticsUiHelper.OnStatisticsTabDrawItem","message":"draw","data":{"index":5,"bw":132,"bh":36,"tabW":1689,"selected":true},"timestamp":1780292853928}
{"sessionId":"0d0cc8","hypothesisId":"C","location":"StatisticsForm.InitializeForm","message":"start","data":{},"timestamp":1780292925790}
{"sessionId":"0d0cc8","hypothesisId":"C","location":"StatisticsForm.InitializeForm","message":"afterPopulate","data":{"tabCount":6},"timestamp":1780292925873}
{"sessionId":"0d0cc8","hypothesisId":"C","location":"StatisticsForm.InitializeForm","message":"afterChrome","data":{},"timestamp":1780292925874}
{"sessionId":"0d0cc8","hypothesisId":"B","location":"StatisticsUiHelper.ApplyPremiumGridStyle","message":"ok","data":{"grid":"","colCount":3},"timestamp":1780292925906}
{"sessionId":"0d0cc8","hypothesisId":"B","location":"StatisticsUiHelper.ApplyPremiumGridStyle","message":"ok","data":{"grid":"","colCount":6},"timestamp":1780292925909}
{"sessionId":"0d0cc8","hypothesisId":"B","location":"StatisticsUiHelper.ApplyPremiumGridStyle","message":"ok","data":{"grid":"","colCount":6},"timestamp":1780292925910}
{"sessionId":"0d0cc8","hypothesisId":"B","location":"StatisticsUiHelper.ApplyPremiumGridStyle","message":"ok","data":{"grid":"","colCount":8},"timestamp":1780292925911}
{"sessionId":"0d0cc8","hypothesisId":"B","location":"StatisticsUiHelper.ApplyPremiumGridStyle","message":"ok","data":{"grid":"","colCount":7},"timestamp":1780292925912}
{"sessionId":"0d0cc8","hypothesisId":"B","location":"StatisticsUiHelper.ApplyPremiumGridStyle","message":"ok","data":{"grid":"dgvByClient","colCount":13},"timestamp":1780292925917}
{"sessionId":"0d0cc8","hypothesisId":"B","location":"StatisticsUiHelper.ApplyPremiumGridStyle","message":"ok","data":{"grid":"dgvByClient","colCount":13},"timestamp":1780292925918}
{"sessionId":"0d0cc8","hypothesisId":"C","location":"StatisticsForm.InitializeForm","message":"afterGridStyles","data":{"runId":"post-fix"},"timestamp":1780292925919}
{"sessionId":"0d0cc8","hypothesisId":"C","location":"StatisticsForm.InitializeForm","message":"complete","data":{},"timestamp":1780292925923}
{"sessionId":"0d0cc8","hypothesisId":"B","location":"StatisticsUiHelper.ApplyPremiumGridStyle","message":"ok","data":{"grid":"","colCount":3},"timestamp":1780292926340}
{"sessionId":"0d0cc8","hypothesisId":"B","location":"StatisticsUiHelper.ApplyPremiumGridStyle","message":"ok","data":{"grid":"","colCount":6},"timestamp":1780292926375}
{"sessionId":"0d0cc8","hypothesisId":"B","location":"StatisticsUiHelper.ApplyPremiumGridStyle","message":"ok","data":{"grid":"","colCount":6},"timestamp":1780292926383}
{"sessionId":"0d0cc8","hypothesisId":"B","location":"StatisticsUiHelper.ApplyPremiumGridStyle","message":"ok","data":{"grid":"","colCount":8},"timestamp":1780292926392}
{"sessionId":"0d0cc8","hypothesisId":"B","location":"StatisticsUiHelper.ApplyPremiumGridStyle","message":"ok","data":{"grid":"","colCount":7},"timestamp":1780292926399}
{"sessionId":"0d0cc8","hypothesisId":"B","location":"StatisticsUiHelper.ApplyPremiumGridStyle","message":"ok","data":{"grid":"dgvByClient","colCount":13},"timestamp":1780292926408}
{"sessionId":"0d0cc8","hypothesisId":"A","location":"StatisticsUiHelper.OnStatisticsTabDrawItem","message":"draw","data":{"index":1,"bw":124,"bh":30,"tabW":1689,"selected":false},"timestamp":1780292926424}
{"sessionId":"0d0cc8","hypothesisId":"A","location":"StatisticsUiHelper.OnStatisticsTabDrawItem","message":"draw","data":{"index":2,"bw":124,"bh":30,"tabW":1689,"selected":false},"timestamp":1780292926428}
{"sessionId":"0d0cc8","hypothesisId":"A","location":"StatisticsUiHelper.OnStatisticsTabDrawItem","message":"draw","data":{"index":3,"bw":124,"bh":30,"tabW":1689,"selected":false},"timestamp":1780292926429}
{"sessionId":"0d0cc8","hypothesisId":"A","location":"StatisticsUiHelper.OnStatisticsTabDrawItem","message":"draw","data":{"index":4,"bw":124,"bh":30,"tabW":1689,"selected":false},"timestamp":1780292926431}
{"sessionId":"0d0cc8","hypothesisId":"A","location":"StatisticsUiHelper.OnStatisticsTabDrawItem","message":"draw","data":{"index":5,"bw":124,"bh":30,"tabW":1689,"selected":false},"timestamp":1780292926432}
{"sessionId":"0d0cc8","hypothesisId":"A","location":"StatisticsUiHelper.OnStatisticsTabDrawItem","message":"draw","data":{"index":0,"bw":132,"bh":36,"tabW":1689,"selected":true},"timestamp":1780292926432}
{"sessionId":"0d0cc8","hypothesisId":"A","location":"StatisticsUiHelper.OnStatisticsTabDrawItem","message":"draw","data":{"index":1,"bw":124,"bh":30,"tabW":1689,"selected":false},"timestamp":1780292926445}
{"sessionId":"0d0cc8","hypothesisId":"A","location":"StatisticsUiHelper.OnStatisticsTabDrawItem","message":"draw","data":{"index":2,"bw":124,"bh":30,"tabW":1689,"selected":false},"timestamp":1780292926446}
{"sessionId":"0d0cc8","hypothesisId":"A","location":"StatisticsUiHelper.OnStatisticsTabDrawItem","message":"draw","data":{"index":3,"bw":124,"bh":30,"tabW":1689,"selected":false},"timestamp":1780292926448}
{"sessionId":"0d0cc8","hypothesisId":"A","location":"StatisticsUiHelper.OnStatisticsTabDrawItem","message":"draw","data":{"index":4,"bw":124,"bh":30,"tabW":1689,"selected":false},"timestamp":1780292926449}
{"sessionId":"0d0cc8","hypothesisId":"A","location":"StatisticsUiHelper.OnStatisticsTabDrawItem","message":"draw","data":{"index":5,"bw":124,"bh":30,"tabW":1689,"selected":false},"timestamp":1780292926450}
{"sessionId":"0d0cc8","hypothesisId":"A","location":"StatisticsUiHelper.OnStatisticsTabDrawItem","message":"draw","data":{"index":0,"bw":132,"bh":36,"tabW":1689,"selected":true},"timestamp":1780292926452}
{"sessionId":"0d0cc8","hypothesisId":"A","location":"StatisticsUiHelper.OnStatisticsTabDrawItem","message":"draw","data":{"index":0,"bw":124,"bh":30,"tabW":1689,"selected":false},"timestamp":1780292927392}
{"sessionId":"0d0cc8","hypothesisId":"A","location":"StatisticsUiHelper.OnStatisticsTabDrawItem","message":"draw","data":{"index":1,"bw":124,"bh":30,"tabW":1689,"selected":false},"timestamp":1780292927393}
{"sessionId":"0d0cc8","hypothesisId":"A","location":"StatisticsUiHelper.OnStatisticsTabDrawItem","message":"draw","data":{"index":0,"bw":124,"bh":30,"tabW":1689,"selected":false},"timestamp":1780292927395}
{"sessionId":"0d0cc8","hypothesisId":"A","location":"StatisticsUiHelper.OnStatisticsTabDrawItem","message":"draw","data":{"index":1,"bw":124,"bh":30,"tabW":1689,"selected":false},"timestamp":1780292927396}
{"sessionId":"0d0cc8","hypothesisId":"A","location":"StatisticsUiHelper.OnStatisticsTabDrawItem","message":"draw","data":{"index":2,"bw":124,"bh":30,"tabW":1689,"selected":false},"timestamp":1780292927397}
{"sessionId":"0d0cc8","hypothesisId":"A","location":"StatisticsUiHelper.OnStatisticsTabDrawItem","message":"draw","data":{"index":3,"bw":124,"bh":30,"tabW":1689,"selected":false},"timestamp":1780292927398}
{"sessionId":"0d0cc8","hypothesisId":"A","location":"StatisticsUiHelper.OnStatisticsTabDrawItem","message":"draw","data":{"index":4,"bw":124,"bh":30,"tabW":1689,"selected":false},"timestamp":1780292927399}
{"sessionId":"0d0cc8","hypothesisId":"A","location":"StatisticsUiHelper.OnStatisticsTabDrawItem","message":"draw","data":{"index":5,"bw":132,"bh":36,"tabW":1689,"selected":true},"timestamp":1780292927400}
{"sessionId":"0d0cc8","hypothesisId":"A","location":"StatisticsUiHelper.OnStatisticsTabDrawItem","message":"draw","data":{"index":4,"bw":124,"bh":30,"tabW":1689,"selected":false},"timestamp":1780292928896}
{"sessionId":"0d0cc8","hypothesisId":"A","location":"StatisticsUiHelper.OnStatisticsTabDrawItem","message":"draw","data":{"index":5,"bw":132,"bh":36,"tabW":1689,"selected":true},"timestamp":1780292928899}
{"sessionId":"0d0cc8","hypothesisId":"A","location":"StatisticsUiHelper.OnStatisticsTabDrawItem","message":"draw","data":{"index":0,"bw":124,"bh":30,"tabW":1689,"selected":false},"timestamp":1780292928905}
{"sessionId":"0d0cc8","hypothesisId":"A","location":"StatisticsUiHelper.OnStatisticsTabDrawItem","message":"draw","data":{"index":1,"bw":124,"bh":30,"tabW":1689,"selected":false},"timestamp":1780292928906}
{"sessionId":"0d0cc8","hypothesisId":"A","location":"StatisticsUiHelper.OnStatisticsTabDrawItem","message":"draw","data":{"index":2,"bw":124,"bh":30,"tabW":1689,"selected":false},"timestamp":1780292928911}
{"sessionId":"0d0cc8","hypothesisId":"A","location":"StatisticsUiHelper.OnStatisticsTabDrawItem","message":"draw","data":{"index":3,"bw":124,"bh":30,"tabW":1689,"selected":false},"timestamp":1780292928914}
{"sessionId":"0d0cc8","hypothesisId":"A","location":"StatisticsUiHelper.OnStatisticsTabDrawItem","message":"draw","data":{"index":4,"bw":124,"bh":30,"tabW":1689,"selected":false},"timestamp":1780292928915}
{"sessionId":"0d0cc8","hypothesisId":"A","location":"StatisticsUiHelper.OnStatisticsTabDrawItem","message":"draw","data":{"index":5,"bw":132,"bh":36,"tabW":1689,"selected":true},"timestamp":1780292928917}
{"sessionId":"0d0cc8","hypothesisId":"B","location":"StatisticsUiHelper.ApplyPremiumGridStyle","message":"ok","data":{"grid":"dgvByClient","colCount":13},"timestamp":1780292929041}
{"sessionId":"0d0cc8","hypothesisId":"B","location":"StatisticsUiHelper.ApplyPremiumGridStyle","message":"ok","data":{"grid":"","colCount":0},"timestamp":1780294155121}
{"sessionId":"0d0cc8","hypothesisId":"B","location":"StatisticsUiHelper.ApplyPremiumGridStyle","message":"ok","data":{"grid":"","colCount":0},"timestamp":1780294161887}
{"sessionId":"0d0cc8","hypothesisId":"B","location":"StatisticsUiHelper.ApplyPremiumGridStyle","message":"ok","data":{"grid":"","colCount":0},"timestamp":1780294173776}
{"sessionId":"0d0cc8","hypothesisId":"B","location":"StatisticsUiHelper.ApplyPremiumGridStyle","message":"ok","data":{"grid":"","colCount":0},"timestamp":1780294180837}
{"sessionId":"0d0cc8","hypothesisId":"B","location":"StatisticsUiHelper.ApplyPremiumGridStyle","message":"ok","data":{"grid":"","colCount":0},"timestamp":1780294182711}
{"sessionId":"0d0cc8","hypothesisId":"B","location":"StatisticsUiHelper.ApplyPremiumGridStyle","message":"ok","data":{"grid":"","colCount":0},"timestamp":1780294184859}
{"sessionId":"0d0cc8","hypothesisId":"B","location":"StatisticsUiHelper.ApplyPremiumGridStyle","message":"ok","data":{"grid":"","colCount":0},"timestamp":1780294347202}
{"sessionId":"0d0cc8","hypothesisId":"B","location":"StatisticsUiHelper.ApplyPremiumGridStyle","message":"ok","data":{"grid":"","colCount":0},"timestamp":1780294363432}
{"sessionId":"0d0cc8","hypothesisId":"B","location":"StatisticsUiHelper.ApplyPremiumGridStyle","message":"ok","data":{"grid":"","colCount":0},"timestamp":1780294379423}
{"sessionId":"0d0cc8","hypothesisId":"B","location":"StatisticsUiHelper.ApplyPremiumGridStyle","message":"ok","data":{"grid":"","colCount":0},"timestamp":1780294381801}
{"sessionId":"0d0cc8","hypothesisId":"B","location":"StatisticsUiHelper.ApplyPremiumGridStyle","message":"ok","data":{"grid":"","colCount":0},"timestamp":1780294498176}
{"sessionId":"0d0cc8","hypothesisId":"B","location":"StatisticsUiHelper.ApplyPremiumGridStyle","message":"ok","data":{"grid":"","colCount":0},"timestamp":1780294520558}
{"sessionId":"0d0cc8","hypothesisId":"B","location":"StatisticsUiHelper.ApplyPremiumGridStyle","message":"ok","data":{"grid":"","colCount":0},"timestamp":1780294522986}
{"sessionId":"0d0cc8","hypothesisId":"B","location":"StatisticsUiHelper.ApplyPremiumGridStyle","message":"ok","data":{"grid":"","colCount":0},"timestamp":1780294767525}
{"sessionId":"0d0cc8","hypothesisId":"B","location":"StatisticsUiHelper.ApplyPremiumGridStyle","message":"ok","data":{"grid":"","colCount":0},"timestamp":1780294771645}
{"sessionId":"0d0cc8","hypothesisId":"B","location":"StatisticsUiHelper.ApplyPremiumGridStyle","message":"ok","data":{"grid":"","colCount":0},"timestamp":1780294781643}
{"sessionId":"0d0cc8","hypothesisId":"B","location":"StatisticsUiHelper.ApplyPremiumGridStyle","message":"ok","data":{"grid":"","colCount":0},"timestamp":1780295065524}
{"sessionId":"0d0cc8","hypothesisId":"B","location":"StatisticsUiHelper.ApplyPremiumGridStyle","message":"ok","data":{"grid":"","colCount":0},"timestamp":1780295067921}
{"sessionId":"0d0cc8","hypothesisId":"B","location":"StatisticsUiHelper.ApplyPremiumGridStyle","message":"ok","data":{"grid":"","colCount":0},"timestamp":1780295072145}
{"sessionId":"0d0cc8","hypothesisId":"B","location":"StatisticsUiHelper.ApplyPremiumGridStyle","message":"ok","data":{"grid":"","colCount":0},"timestamp":1780295111545}
{"sessionId":"0d0cc8","hypothesisId":"B","location":"StatisticsUiHelper.ApplyPremiumGridStyle","message":"ok","data":{"grid":"","colCount":0},"timestamp":1780295152256}
{"sessionId":"0d0cc8","hypothesisId":"B","location":"StatisticsUiHelper.ApplyPremiumGridStyle","message":"ok","data":{"grid":"","colCount":0},"timestamp":1780295205476}
{"sessionId":"0d0cc8","hypothesisId":"B","location":"StatisticsUiHelper.ApplyPremiumGridStyle","message":"ok","data":{"grid":"","colCount":0},"timestamp":1780295209628}
{"sessionId":"0d0cc8","hypothesisId":"B","location":"StatisticsUiHelper.ApplyPremiumGridStyle","message":"ok","data":{"grid":"","colCount":0},"timestamp":1780295214624}
{"sessionId":"0d0cc8","hypothesisId":"B","location":"StatisticsUiHelper.ApplyPremiumGridStyle","message":"ok","data":{"grid":"","colCount":0},"timestamp":1780295217847}
{"sessionId":"0d0cc8","hypothesisId":"B","location":"StatisticsUiHelper.ApplyPremiumGridStyle","message":"ok","data":{"grid":"","colCount":0},"timestamp":1780295227808}
{"sessionId":"0d0cc8","hypothesisId":"B","location":"StatisticsUiHelper.ApplyPremiumGridStyle","message":"ok","data":{"grid":"","colCount":0},"timestamp":1780295233589}
{"sessionId":"0d0cc8","hypothesisId":"B","location":"StatisticsUiHelper.ApplyPremiumGridStyle","message":"ok","data":{"grid":"","colCount":0},"timestamp":1780295247738}
{"sessionId":"0d0cc8","hypothesisId":"B","location":"StatisticsUiHelper.ApplyPremiumGridStyle","message":"ok","data":{"grid":"","colCount":0},"timestamp":1780295252299}
{"sessionId":"0d0cc8","hypothesisId":"B","location":"StatisticsUiHelper.ApplyPremiumGridStyle","message":"ok","data":{"grid":"","colCount":0},"timestamp":1780295263652}
{"sessionId":"0d0cc8","hypothesisId":"B","location":"StatisticsUiHelper.ApplyPremiumGridStyle","message":"ok","data":{"grid":"","colCount":0},"timestamp":1780295268230}
{"sessionId":"0d0cc8","hypothesisId":"B","location":"StatisticsUiHelper.ApplyPremiumGridStyle","message":"ok","data":{"grid":"","colCount":0},"timestamp":1780295406274}
{"sessionId":"0d0cc8","hypothesisId":"B","location":"StatisticsUiHelper.ApplyPremiumGridStyle","message":"ok","data":{"grid":"","colCount":0},"timestamp":1780295410870}
{"sessionId":"0d0cc8","hypothesisId":"B","location":"StatisticsUiHelper.ApplyPremiumGridStyle","message":"ok","data":{"grid":"","colCount":0},"timestamp":1780295459439}
{"sessionId":"0d0cc8","hypothesisId":"B","location":"StatisticsUiHelper.ApplyPremiumGridStyle","message":"ok","data":{"grid":"","colCount":0},"timestamp":1780295462936}
{"sessionId":"0d0cc8","hypothesisId":"B","location":"StatisticsUiHelper.ApplyPremiumGridStyle","message":"ok","data":{"grid":"","colCount":0},"timestamp":1780295466416}
{"sessionId":"0d0cc8","hypothesisId":"B","location":"StatisticsUiHelper.ApplyPremiumGridStyle","message":"ok","data":{"grid":"","colCount":0},"timestamp":1780295469583}
{"sessionId":"0d0cc8","hypothesisId":"B","location":"StatisticsUiHelper.ApplyPremiumGridStyle","message":"ok","data":{"grid":"","colCount":0},"timestamp":1780295523516}
{"sessionId":"0d0cc8","hypothesisId":"B","location":"StatisticsUiHelper.ApplyPremiumGridStyle","message":"ok","data":{"grid":"","colCount":0},"timestamp":1780295528100}
{"sessionId":"0d0cc8","hypothesisId":"B","location":"StatisticsUiHelper.ApplyPremiumGridStyle","message":"ok","data":{"grid":"","colCount":0},"timestamp":1780295544675}
{"sessionId":"0d0cc8","hypothesisId":"B","location":"StatisticsUiHelper.ApplyPremiumGridStyle","message":"ok","data":{"grid":"","colCount":0},"timestamp":1780295550167}
{"sessionId":"0d0cc8","hypothesisId":"B","location":"StatisticsUiHelper.ApplyPremiumGridStyle","message":"ok","data":{"grid":"","colCount":0},"timestamp":1780295635430}
{"sessionId":"0d0cc8","hypothesisId":"B","location":"StatisticsUiHelper.ApplyPremiumGridStyle","message":"ok","data":{"grid":"","colCount":0},"timestamp":1780295687590}
{"sessionId":"0d0cc8","hypothesisId":"B","location":"StatisticsUiHelper.ApplyPremiumGridStyle","message":"ok","data":{"grid":"","colCount":0},"timestamp":1780295790976}
{"sessionId":"0d0cc8","hypothesisId":"B","location":"StatisticsUiHelper.ApplyPremiumGridStyle","message":"ok","data":{"grid":"","colCount":0},"timestamp":1780295800030}
{"sessionId":"0d0cc8","hypothesisId":"B","location":"StatisticsUiHelper.ApplyPremiumGridStyle","message":"ok","data":{"grid":"","colCount":0},"timestamp":1780295819317}
{"sessionId":"0d0cc8","hypothesisId":"B","location":"StatisticsUiHelper.ApplyPremiumGridStyle","message":"ok","data":{"grid":"","colCount":0},"timestamp":1780295831022}
{"sessionId":"0d0cc8","hypothesisId":"B","location":"StatisticsUiHelper.ApplyPremiumGridStyle","message":"ok","data":{"grid":"","colCount":0},"timestamp":1780295987017}
{"sessionId":"0d0cc8","hypothesisId":"B","location":"StatisticsUiHelper.ApplyPremiumGridStyle","message":"ok","data":{"grid":"","colCount":0},"timestamp":1780296001413}
{"sessionId":"0d0cc8","hypothesisId":"B","location":"StatisticsUiHelper.ApplyPremiumGridStyle","message":"ok","data":{"grid":"","colCount":0},"timestamp":1780296003685}
{"sessionId":"0d0cc8","hypothesisId":"B","location":"StatisticsUiHelper.ApplyPremiumGridStyle","message":"ok","data":{"grid":"gridCustomers","colCount":4},"timestamp":1780296361157}
{"sessionId":"0d0cc8","hypothesisId":"B","location":"StatisticsUiHelper.ApplyPremiumGridStyle","message":"ok","data":{"grid":"","colCount":0},"timestamp":1780296361177}
{"sessionId":"0d0cc8","hypothesisId":"B","location":"StatisticsUiHelper.ApplyPremiumGridStyle","message":"ok","data":{"grid":"","colCount":0},"timestamp":1780296361185}
{"sessionId":"0d0cc8","hypothesisId":"B","location":"StatisticsUiHelper.ApplyPremiumGridStyle","message":"ok","data":{"grid":"gridLocations","colCount":3},"timestamp":1780296361190}
{"sessionId":"0d0cc8","hypothesisId":"B","location":"StatisticsUiHelper.ApplyPremiumGridStyle","message":"ok","data":{"grid":"gridCustomers","colCount":4},"timestamp":1780296361222}
{"sessionId":"0d0cc8","hypothesisId":"B","location":"StatisticsUiHelper.ApplyPremiumGridStyle","message":"ok","data":{"grid":"","colCount":0},"timestamp":1780296361223}
{"sessionId":"0d0cc8","hypothesisId":"B","location":"StatisticsUiHelper.ApplyPremiumGridStyle","message":"ok","data":{"grid":"","colCount":0},"timestamp":1780296361224}
{"sessionId":"0d0cc8","hypothesisId":"B","location":"StatisticsUiHelper.ApplyPremiumGridStyle","message":"ok","data":{"grid":"gridLocations","colCount":3},"timestamp":1780296361225}
{"sessionId":"0d0cc8","hypothesisId":"B","location":"StatisticsUiHelper.ApplyPremiumGridStyle","message":"ok","data":{"grid":"gridCustomers","colCount":4},"timestamp":1780297032759}
{"sessionId":"0d0cc8","hypothesisId":"B","location":"StatisticsUiHelper.ApplyPremiumGridStyle","message":"ok","data":{"grid":"","colCount":0},"timestamp":1780297032785}
{"sessionId":"0d0cc8","hypothesisId":"B","location":"StatisticsUiHelper.ApplyPremiumGridStyle","message":"ok","data":{"grid":"","colCount":0},"timestamp":1780297032793}
{"sessionId":"0d0cc8","hypothesisId":"B","location":"StatisticsUiHelper.ApplyPremiumGridStyle","message":"ok","data":{"grid":"gridLocations","colCount":3},"timestamp":1780297032798}
{"sessionId":"0d0cc8","hypothesisId":"B","location":"StatisticsUiHelper.ApplyPremiumGridStyle","message":"ok","data":{"grid":"gridCustomers","colCount":4},"timestamp":1780297032829}
{"sessionId":"0d0cc8","hypothesisId":"B","location":"StatisticsUiHelper.ApplyPremiumGridStyle","message":"ok","data":{"grid":"","colCount":0},"timestamp":1780297032830}
{"sessionId":"0d0cc8","hypothesisId":"B","location":"StatisticsUiHelper.ApplyPremiumGridStyle","message":"ok","data":{"grid":"","colCount":0},"timestamp":1780297032830}
{"sessionId":"0d0cc8","hypothesisId":"B","location":"StatisticsUiHelper.ApplyPremiumGridStyle","message":"ok","data":{"grid":"gridLocations","colCount":3},"timestamp":1780297032831}
{"sessionId":"0d0cc8","hypothesisId":"B","location":"StatisticsUiHelper.ApplyPremiumGridStyle","message":"ok","data":{"grid":"gridCustomers","colCount":4},"timestamp":1780297533873}
{"sessionId":"0d0cc8","hypothesisId":"B","location":"StatisticsUiHelper.ApplyPremiumGridStyle","message":"ok","data":{"grid":"","colCount":0},"timestamp":1780297533898}
{"sessionId":"0d0cc8","hypothesisId":"B","location":"StatisticsUiHelper.ApplyPremiumGridStyle","message":"ok","data":{"grid":"","colCount":0},"timestamp":1780297533906}
{"sessionId":"0d0cc8","hypothesisId":"B","location":"StatisticsUiHelper.ApplyPremiumGridStyle","message":"ok","data":{"grid":"gridLocations","colCount":3},"timestamp":1780297533910}
{"sessionId":"0d0cc8","hypothesisId":"B","location":"StatisticsUiHelper.ApplyPremiumGridStyle","message":"ok","data":{"grid":"gridHandlers","colCount":3},"timestamp":1780297533938}
{"sessionId":"0d0cc8","hypothesisId":"B","location":"StatisticsUiHelper.ApplyPremiumGridStyle","message":"ok","data":{"grid":"gridHandlers","colCount":3},"timestamp":1780297533943}
{"sessionId":"0d0cc8","hypothesisId":"B","location":"StatisticsUiHelper.ApplyPremiumGridStyle","message":"ok","data":{"grid":"gridCustomers","colCount":4},"timestamp":1780297533947}
{"sessionId":"0d0cc8","hypothesisId":"B","location":"StatisticsUiHelper.ApplyPremiumGridStyle","message":"ok","data":{"grid":"","colCount":0},"timestamp":1780297533948}
{"sessionId":"0d0cc8","hypothesisId":"B","location":"StatisticsUiHelper.ApplyPremiumGridStyle","message":"ok","data":{"grid":"","colCount":0},"timestamp":1780297533949}
{"sessionId":"0d0cc8","hypothesisId":"B","location":"StatisticsUiHelper.ApplyPremiumGridStyle","message":"ok","data":{"grid":"gridLocations","colCount":3},"timestamp":1780297533949}
{"sessionId":"0d0cc8","hypothesisId":"B","location":"StatisticsUiHelper.ApplyPremiumGridStyle","message":"ok","data":{"grid":"gridHandlers","colCount":3},"timestamp":1780297533949}
{"sessionId":"0d0cc8","hypothesisId":"B","location":"StatisticsUiHelper.ApplyPremiumGridStyle","message":"ok","data":{"grid":"gridCustomers","colCount":4},"timestamp":1780297540951}
{"sessionId":"0d0cc8","hypothesisId":"B","location":"StatisticsUiHelper.ApplyPremiumGridStyle","message":"ok","data":{"grid":"","colCount":0},"timestamp":1780297540958}
{"sessionId":"0d0cc8","hypothesisId":"B","location":"StatisticsUiHelper.ApplyPremiumGridStyle","message":"ok","data":{"grid":"","colCount":0},"timestamp":1780297540960}
{"sessionId":"0d0cc8","hypothesisId":"B","location":"StatisticsUiHelper.ApplyPremiumGridStyle","message":"ok","data":{"grid":"gridLocations","colCount":3},"timestamp":1780297540963}
{"sessionId":"0d0cc8","hypothesisId":"B","location":"StatisticsUiHelper.ApplyPremiumGridStyle","message":"ok","data":{"grid":"gridHandlers","colCount":3},"timestamp":1780297540970}
{"sessionId":"0d0cc8","hypothesisId":"B","location":"StatisticsUiHelper.ApplyPremiumGridStyle","message":"ok","data":{"grid":"gridHandlers","colCount":3},"timestamp":1780297540971}
{"sessionId":"0d0cc8","hypothesisId":"B","location":"StatisticsUiHelper.ApplyPremiumGridStyle","message":"ok","data":{"grid":"gridCustomers","colCount":4},"timestamp":1780297540972}
{"sessionId":"0d0cc8","hypothesisId":"B","location":"StatisticsUiHelper.ApplyPremiumGridStyle","message":"ok","data":{"grid":"","colCount":0},"timestamp":1780297540973}
{"sessionId":"0d0cc8","hypothesisId":"B","location":"StatisticsUiHelper.ApplyPremiumGridStyle","message":"ok","data":{"grid":"","colCount":0},"timestamp":1780297540973}
{"sessionId":"0d0cc8","hypothesisId":"B","location":"StatisticsUiHelper.ApplyPremiumGridStyle","message":"ok","data":{"grid":"gridLocations","colCount":3},"timestamp":1780297540974}
{"sessionId":"0d0cc8","hypothesisId":"B","location":"StatisticsUiHelper.ApplyPremiumGridStyle","message":"ok","data":{"grid":"gridHandlers","colCount":3},"timestamp":1780297540974}
{"sessionId":"0d0cc8","hypothesisId":"B","location":"StatisticsUiHelper.ApplyPremiumGridStyle","message":"ok","data":{"grid":"","colCount":0},"timestamp":1780297566049}
{"sessionId":"0d0cc8","hypothesisId":"B","location":"StatisticsUiHelper.ApplyPremiumGridStyle","message":"ok","data":{"grid":"","colCount":0},"timestamp":1780297568545}
{"sessionId":"0d0cc8","hypothesisId":"B","location":"StatisticsUiHelper.ApplyPremiumGridStyle","message":"ok","data":{"grid":"","colCount":0},"timestamp":1780297578974}
{"sessionId":"0d0cc8","hypothesisId":"C","location":"StatisticsForm.InitializeForm","message":"start","data":{},"timestamp":1780297590065}
{"sessionId":"0d0cc8","hypothesisId":"C","location":"StatisticsForm.InitializeForm","message":"afterPopulate","data":{"tabCount":6},"timestamp":1780297590093}
{"sessionId":"0d0cc8","hypothesisId":"C","location":"StatisticsForm.InitializeForm","message":"afterChrome","data":{},"timestamp":1780297590095}
{"sessionId":"0d0cc8","hypothesisId":"B","location":"StatisticsUiHelper.ApplyPremiumGridStyle","message":"ok","data":{"grid":"","colCount":3},"timestamp":1780297590096}
{"sessionId":"0d0cc8","hypothesisId":"B","location":"StatisticsUiHelper.ApplyPremiumGridStyle","message":"ok","data":{"grid":"","colCount":6},"timestamp":1780297590098}
{"sessionId":"0d0cc8","hypothesisId":"B","location":"StatisticsUiHelper.ApplyPremiumGridStyle","message":"ok","data":{"grid":"","colCount":6},"timestamp":1780297590099}
{"sessionId":"0d0cc8","hypothesisId":"B","location":"StatisticsUiHelper.ApplyPremiumGridStyle","message":"ok","data":{"grid":"","colCount":8},"timestamp":1780297590100}
{"sessionId":"0d0cc8","hypothesisId":"B","location":"StatisticsUiHelper.ApplyPremiumGridStyle","message":"ok","data":{"grid":"","colCount":7},"timestamp":1780297590101}
{"sessionId":"0d0cc8","hypothesisId":"B","location":"StatisticsUiHelper.ApplyPremiumGridStyle","message":"ok","data":{"grid":"dgvByClient","colCount":13},"timestamp":1780297590105}
{"sessionId":"0d0cc8","hypothesisId":"B","location":"StatisticsUiHelper.ApplyPremiumGridStyle","message":"ok","data":{"grid":"dgvByClient","colCount":13},"timestamp":1780297590105}
{"sessionId":"0d0cc8","hypothesisId":"C","location":"StatisticsForm.InitializeForm","message":"afterGridStyles","data":{"runId":"post-fix"},"timestamp":1780297590106}
{"sessionId":"0d0cc8","hypothesisId":"C","location":"StatisticsForm.InitializeForm","message":"complete","data":{},"timestamp":1780297590109}
{"sessionId":"0d0cc8","hypothesisId":"B","location":"StatisticsUiHelper.ApplyPremiumGridStyle","message":"ok","data":{"grid":"","colCount":3},"timestamp":1780297590393}
{"sessionId":"0d0cc8","hypothesisId":"B","location":"StatisticsUiHelper.ApplyPremiumGridStyle","message":"ok","data":{"grid":"","colCount":6},"timestamp":1780297590407}
{"sessionId":"0d0cc8","hypothesisId":"B","location":"StatisticsUiHelper.ApplyPremiumGridStyle","message":"ok","data":{"grid":"","colCount":6},"timestamp":1780297590412}
{"sessionId":"0d0cc8","hypothesisId":"B","location":"StatisticsUiHelper.ApplyPremiumGridStyle","message":"ok","data":{"grid":"","colCount":8},"timestamp":1780297590420}
{"sessionId":"0d0cc8","hypothesisId":"B","location":"StatisticsUiHelper.ApplyPremiumGridStyle","message":"ok","data":{"grid":"","colCount":7},"timestamp":1780297590427}
{"sessionId":"0d0cc8","hypothesisId":"B","location":"StatisticsUiHelper.ApplyPremiumGridStyle","message":"ok","data":{"grid":"dgvByClient","colCount":13},"timestamp":1780297590436}
{"sessionId":"0d0cc8","hypothesisId":"A","location":"StatisticsUiHelper.OnStatisticsTabDrawItem","message":"draw","data":{"index":1,"bw":124,"bh":30,"tabW":1689,"selected":false},"timestamp":1780297590444}
{"sessionId":"0d0cc8","hypothesisId":"A","location":"StatisticsUiHelper.OnStatisticsTabDrawItem","message":"draw","data":{"index":2,"bw":124,"bh":30,"tabW":1689,"selected":false},"timestamp":1780297590448}
{"sessionId":"0d0cc8","hypothesisId":"A","location":"StatisticsUiHelper.OnStatisticsTabDrawItem","message":"draw","data":{"index":3,"bw":124,"bh":30,"tabW":1689,"selected":false},"timestamp":1780297590450}
{"sessionId":"0d0cc8","hypothesisId":"A","location":"StatisticsUiHelper.OnStatisticsTabDrawItem","message":"draw","data":{"index":4,"bw":124,"bh":30,"tabW":1689,"selected":false},"timestamp":1780297590451}
{"sessionId":"0d0cc8","hypothesisId":"A","location":"StatisticsUiHelper.OnStatisticsTabDrawItem","message":"draw","data":{"index":5,"bw":124,"bh":30,"tabW":1689,"selected":false},"timestamp":1780297590452}
{"sessionId":"0d0cc8","hypothesisId":"A","location":"StatisticsUiHelper.OnStatisticsTabDrawItem","message":"draw","data":{"index":0,"bw":132,"bh":36,"tabW":1689,"selected":true},"timestamp":1780297590453}
{"sessionId":"0d0cc8","hypothesisId":"A","location":"StatisticsUiHelper.OnStatisticsTabDrawItem","message":"draw","data":{"index":1,"bw":124,"bh":30,"tabW":1689,"selected":false},"timestamp":1780297590464}
{"sessionId":"0d0cc8","hypothesisId":"A","location":"StatisticsUiHelper.OnStatisticsTabDrawItem","message":"draw","data":{"index":2,"bw":124,"bh":30,"tabW":1689,"selected":false},"timestamp":1780297590465}
{"sessionId":"0d0cc8","hypothesisId":"A","location":"StatisticsUiHelper.OnStatisticsTabDrawItem","message":"draw","data":{"index":3,"bw":124,"bh":30,"tabW":1689,"selected":false},"timestamp":1780297590467}
{"sessionId":"0d0cc8","hypothesisId":"A","location":"StatisticsUiHelper.OnStatisticsTabDrawItem","message":"draw","data":{"index":4,"bw":124,"bh":30,"tabW":1689,"selected":false},"timestamp":1780297590468}
{"sessionId":"0d0cc8","hypothesisId":"A","location":"StatisticsUiHelper.OnStatisticsTabDrawItem","message":"draw","data":{"index":5,"bw":124,"bh":30,"tabW":1689,"selected":false},"timestamp":1780297590469}
{"sessionId":"0d0cc8","hypothesisId":"A","location":"StatisticsUiHelper.OnStatisticsTabDrawItem","message":"draw","data":{"index":0,"bw":132,"bh":36,"tabW":1689,"selected":true},"timestamp":1780297590470}
{"sessionId":"0d0cc8","hypothesisId":"A","location":"StatisticsUiHelper.OnStatisticsTabDrawItem","message":"draw","data":{"index":0,"bw":124,"bh":30,"tabW":1689,"selected":false},"timestamp":1780297592248}
{"sessionId":"0d0cc8","hypothesisId":"A","location":"StatisticsUiHelper.OnStatisticsTabDrawItem","message":"draw","data":{"index":1,"bw":132,"bh":36,"tabW":1689,"selected":true},"timestamp":1780297592250}
{"sessionId":"0d0cc8","hypothesisId":"A","location":"StatisticsUiHelper.OnStatisticsTabDrawItem","message":"draw","data":{"index":0,"bw":124,"bh":30,"tabW":1689,"selected":false},"timestamp":1780297592251}
{"sessionId":"0d0cc8","hypothesisId":"A","location":"StatisticsUiHelper.OnStatisticsTabDrawItem","message":"draw","data":{"index":2,"bw":124,"bh":30,"tabW":1689,"selected":false},"timestamp":1780297592253}
{"sessionId":"0d0cc8","hypothesisId":"A","location":"StatisticsUiHelper.OnStatisticsTabDrawItem","message":"draw","data":{"index":1,"bw":132,"bh":36,"tabW":1689,"selected":true},"timestamp":1780297592254}
{"sessionId":"0d0cc8","hypothesisId":"A","location":"StatisticsUiHelper.OnStatisticsTabDrawItem","message":"draw","data":{"index":0,"bw":124,"bh":30,"tabW":1689,"selected":false},"timestamp":1780297592865}
{"sessionId":"0d0cc8","hypothesisId":"A","location":"StatisticsUiHelper.OnStatisticsTabDrawItem","message":"draw","data":{"index":1,"bw":124,"bh":30,"tabW":1689,"selected":false},"timestamp":1780297592867}
{"sessionId":"0d0cc8","hypothesisId":"A","location":"StatisticsUiHelper.OnStatisticsTabDrawItem","message":"draw","data":{"index":3,"bw":124,"bh":30,"tabW":1689,"selected":false},"timestamp":1780297592869}
{"sessionId":"0d0cc8","hypothesisId":"A","location":"StatisticsUiHelper.OnStatisticsTabDrawItem","message":"draw","data":{"index":2,"bw":132,"bh":36,"tabW":1689,"selected":true},"timestamp":1780297592874}
{"sessionId":"0d0cc8","hypothesisId":"A","location":"StatisticsUiHelper.OnStatisticsTabDrawItem","message":"draw","data":{"index":1,"bw":124,"bh":30,"tabW":1689,"selected":false},"timestamp":1780297593315}
{"sessionId":"0d0cc8","hypothesisId":"A","location":"StatisticsUiHelper.OnStatisticsTabDrawItem","message":"draw","data":{"index":2,"bw":124,"bh":30,"tabW":1689,"selected":false},"timestamp":1780297593318}
{"sessionId":"0d0cc8","hypothesisId":"A","location":"StatisticsUiHelper.OnStatisticsTabDrawItem","message":"draw","data":{"index":4,"bw":124,"bh":30,"tabW":1689,"selected":false},"timestamp":1780297593320}
{"sessionId":"0d0cc8","hypothesisId":"A","location":"StatisticsUiHelper.OnStatisticsTabDrawItem","message":"draw","data":{"index":3,"bw":132,"bh":36,"tabW":1689,"selected":true},"timestamp":1780297593322}
{"sessionId":"0d0cc8","hypothesisId":"A","location":"StatisticsUiHelper.OnStatisticsTabDrawItem","message":"draw","data":{"index":2,"bw":124,"bh":30,"tabW":1689,"selected":false},"timestamp":1780297594316}
{"sessionId":"0d0cc8","hypothesisId":"A","location":"StatisticsUiHelper.OnStatisticsTabDrawItem","message":"draw","data":{"index":3,"bw":124,"bh":30,"tabW":1689,"selected":false},"timestamp":1780297594319}
{"sessionId":"0d0cc8","hypothesisId":"A","location":"StatisticsUiHelper.OnStatisticsTabDrawItem","message":"draw","data":{"index":5,"bw":124,"bh":30,"tabW":1689,"selected":false},"timestamp":1780297594320}
{"sessionId":"0d0cc8","hypothesisId":"A","location":"StatisticsUiHelper.OnStatisticsTabDrawItem","message":"draw","data":{"index":4,"bw":132,"bh":36,"tabW":1689,"selected":true},"timestamp":1780297594322}
{"sessionId":"0d0cc8","hypothesisId":"A","location":"StatisticsUiHelper.OnStatisticsTabDrawItem","message":"draw","data":{"index":3,"bw":124,"bh":30,"tabW":1689,"selected":false},"timestamp":1780297594744}
{"sessionId":"0d0cc8","hypothesisId":"A","location":"StatisticsUiHelper.OnStatisticsTabDrawItem","message":"draw","data":{"index":4,"bw":124,"bh":30,"tabW":1689,"selected":false},"timestamp":1780297594746}
{"sessionId":"0d0cc8","hypothesisId":"A","location":"StatisticsUiHelper.OnStatisticsTabDrawItem","message":"draw","data":{"index":5,"bw":132,"bh":36,"tabW":1689,"selected":true},"timestamp":1780297594748}
{"sessionId":"0d0cc8","hypothesisId":"A","location":"StatisticsUiHelper.OnStatisticsTabDrawItem","message":"draw","data":{"index":4,"bw":124,"bh":30,"tabW":1689,"selected":false},"timestamp":1780297595919}
{"sessionId":"0d0cc8","hypothesisId":"A","location":"StatisticsUiHelper.OnStatisticsTabDrawItem","message":"draw","data":{"index":5,"bw":132,"bh":36,"tabW":1689,"selected":true},"timestamp":1780297595921}
{"sessionId":"0d0cc8","hypothesisId":"A","location":"StatisticsUiHelper.OnStatisticsTabDrawItem","message":"draw","data":{"index":0,"bw":124,"bh":30,"tabW":1689,"selected":false},"timestamp":1780297603832}
{"sessionId":"0d0cc8","hypothesisId":"A","location":"StatisticsUiHelper.OnStatisticsTabDrawItem","message":"draw","data":{"index":1,"bw":124,"bh":30,"tabW":1689,"selected":false},"timestamp":1780297603835}
{"sessionId":"0d0cc8","hypothesisId":"A","location":"StatisticsUiHelper.OnStatisticsTabDrawItem","message":"draw","data":{"index":2,"bw":124,"bh":30,"tabW":1689,"selected":false},"timestamp":1780297603838}
{"sessionId":"0d0cc8","hypothesisId":"A","location":"StatisticsUiHelper.OnStatisticsTabDrawItem","message":"draw","data":{"index":3,"bw":124,"bh":30,"tabW":1689,"selected":false},"timestamp":1780297603840}
{"sessionId":"0d0cc8","hypothesisId":"A","location":"StatisticsUiHelper.OnStatisticsTabDrawItem","message":"draw","data":{"index":4,"bw":124,"bh":30,"tabW":1689,"selected":false},"timestamp":1780297603842}
{"sessionId":"0d0cc8","hypothesisId":"A","location":"StatisticsUiHelper.OnStatisticsTabDrawItem","message":"draw","data":{"index":5,"bw":132,"bh":36,"tabW":1689,"selected":true},"timestamp":1780297603844}
{"sessionId":"0d0cc8","hypothesisId":"B","location":"StatisticsUiHelper.ApplyPremiumGridStyle","message":"ok","data":{"grid":"dgvByClient","colCount":13},"timestamp":1780297604068}
{"sessionId":"0d0cc8","hypothesisId":"B","location":"StatisticsUiHelper.ApplyPremiumGridStyle","message":"ok","data":{"grid":"dgvByClient","colCount":13},"timestamp":1780297618903}
{"sessionId":"0d0cc8","hypothesisId":"C","location":"StatisticsForm.InitializeForm","message":"start","data":{},"timestamp":1780297623702}
{"sessionId":"0d0cc8","hypothesisId":"C","location":"StatisticsForm.InitializeForm","message":"afterPopulate","data":{"tabCount":6},"timestamp":1780297623714}
{"sessionId":"0d0cc8","hypothesisId":"C","location":"StatisticsForm.InitializeForm","message":"afterChrome","data":{},"timestamp":1780297623714}
{"sessionId":"0d0cc8","hypothesisId":"B","location":"StatisticsUiHelper.ApplyPremiumGridStyle","message":"ok","data":{"grid":"","colCount":3},"timestamp":1780297623715}
{"sessionId":"0d0cc8","hypothesisId":"B","location":"StatisticsUiHelper.ApplyPremiumGridStyle","message":"ok","data":{"grid":"","colCount":6},"timestamp":1780297623716}
{"sessionId":"0d0cc8","hypothesisId":"B","location":"StatisticsUiHelper.ApplyPremiumGridStyle","message":"ok","data":{"grid":"","colCount":6},"timestamp":1780297623717}
{"sessionId":"0d0cc8","hypothesisId":"B","location":"StatisticsUiHelper.ApplyPremiumGridStyle","message":"ok","data":{"grid":"","colCount":8},"timestamp":1780297623718}
{"sessionId":"0d0cc8","hypothesisId":"B","location":"StatisticsUiHelper.ApplyPremiumGridStyle","message":"ok","data":{"grid":"","colCount":7},"timestamp":1780297623719}
{"sessionId":"0d0cc8","hypothesisId":"B","location":"StatisticsUiHelper.ApplyPremiumGridStyle","message":"ok","data":{"grid":"dgvByClient","colCount":13},"timestamp":1780297623721}
{"sessionId":"0d0cc8","hypothesisId":"B","location":"StatisticsUiHelper.ApplyPremiumGridStyle","message":"ok","data":{"grid":"dgvByClient","colCount":13},"timestamp":1780297623722}
{"sessionId":"0d0cc8","hypothesisId":"C","location":"StatisticsForm.InitializeForm","message":"afterGridStyles","data":{"runId":"post-fix"},"timestamp":1780297623722}
{"sessionId":"0d0cc8","hypothesisId":"C","location":"StatisticsForm.InitializeForm","message":"complete","data":{},"timestamp":1780297623724}
{"sessionId":"0d0cc8","hypothesisId":"B","location":"StatisticsUiHelper.ApplyPremiumGridStyle","message":"ok","data":{"grid":"","colCount":3},"timestamp":1780297624003}
{"sessionId":"0d0cc8","hypothesisId":"B","location":"StatisticsUiHelper.ApplyPremiumGridStyle","message":"ok","data":{"grid":"","colCount":6},"timestamp":1780297624012}
{"sessionId":"0d0cc8","hypothesisId":"B","location":"StatisticsUiHelper.ApplyPremiumGridStyle","message":"ok","data":{"grid":"","colCount":6},"timestamp":1780297624015}
{"sessionId":"0d0cc8","hypothesisId":"B","location":"StatisticsUiHelper.ApplyPremiumGridStyle","message":"ok","data":{"grid":"","colCount":8},"timestamp":1780297624021}
{"sessionId":"0d0cc8","hypothesisId":"B","location":"StatisticsUiHelper.ApplyPremiumGridStyle","message":"ok","data":{"grid":"","colCount":7},"timestamp":1780297624026}
{"sessionId":"0d0cc8","hypothesisId":"B","location":"StatisticsUiHelper.ApplyPremiumGridStyle","message":"ok","data":{"grid":"dgvByClient","colCount":13},"timestamp":1780297624032}
{"sessionId":"0d0cc8","hypothesisId":"A","location":"StatisticsUiHelper.OnStatisticsTabDrawItem","message":"draw","data":{"index":1,"bw":124,"bh":30,"tabW":1689,"selected":false},"timestamp":1780297624038}
{"sessionId":"0d0cc8","hypothesisId":"A","location":"StatisticsUiHelper.OnStatisticsTabDrawItem","message":"draw","data":{"index":2,"bw":124,"bh":30,"tabW":1689,"selected":false},"timestamp":1780297624039}
{"sessionId":"0d0cc8","hypothesisId":"A","location":"StatisticsUiHelper.OnStatisticsTabDrawItem","message":"draw","data":{"index":3,"bw":124,"bh":30,"tabW":1689,"selected":false},"timestamp":1780297624041}
{"sessionId":"0d0cc8","hypothesisId":"A","location":"StatisticsUiHelper.OnStatisticsTabDrawItem","message":"draw","data":{"index":4,"bw":124,"bh":30,"tabW":1689,"selected":false},"timestamp":1780297624042}
{"sessionId":"0d0cc8","hypothesisId":"A","location":"StatisticsUiHelper.OnStatisticsTabDrawItem","message":"draw","data":{"index":5,"bw":124,"bh":30,"tabW":1689,"selected":false},"timestamp":1780297624043}
{"sessionId":"0d0cc8","hypothesisId":"A","location":"StatisticsUiHelper.OnStatisticsTabDrawItem","message":"draw","data":{"index":0,"bw":132,"bh":36,"tabW":1689,"selected":true},"timestamp":1780297624044}
{"sessionId":"0d0cc8","hypothesisId":"A","location":"StatisticsUiHelper.OnStatisticsTabDrawItem","message":"draw","data":{"index":1,"bw":124,"bh":30,"tabW":1689,"selected":false},"timestamp":1780297624056}
{"sessionId":"0d0cc8","hypothesisId":"A","location":"StatisticsUiHelper.OnStatisticsTabDrawItem","message":"draw","data":{"index":2,"bw":124,"bh":30,"tabW":1689,"selected":false},"timestamp":1780297624057}
{"sessionId":"0d0cc8","hypothesisId":"A","location":"StatisticsUiHelper.OnStatisticsTabDrawItem","message":"draw","data":{"index":3,"bw":124,"bh":30,"tabW":1689,"selected":false},"timestamp":1780297624060}
{"sessionId":"0d0cc8","hypothesisId":"A","location":"StatisticsUiHelper.OnStatisticsTabDrawItem","message":"draw","data":{"index":4,"bw":124,"bh":30,"tabW":1689,"selected":false},"timestamp":1780297624061}
{"sessionId":"0d0cc8","hypothesisId":"A","location":"StatisticsUiHelper.OnStatisticsTabDrawItem","message":"draw","data":{"index":5,"bw":124,"bh":30,"tabW":1689,"selected":false},"timestamp":1780297624064}
{"sessionId":"0d0cc8","hypothesisId":"A","location":"StatisticsUiHelper.OnStatisticsTabDrawItem","message":"draw","data":{"index":0,"bw":132,"bh":36,"tabW":1689,"selected":true},"timestamp":1780297624065}
{"sessionId":"0d0cc8","hypothesisId":"C","location":"StatisticsForm.InitializeForm","message":"start","data":{},"timestamp":1780298138181}
{"sessionId":"0d0cc8","hypothesisId":"C","location":"StatisticsForm.InitializeForm","message":"afterPopulate","data":{"tabCount":6},"timestamp":1780298138235}
{"sessionId":"0d0cc8","hypothesisId":"C","location":"StatisticsForm.InitializeForm","message":"afterChrome","data":{},"timestamp":1780298138237}
{"sessionId":"0d0cc8","hypothesisId":"B","location":"StatisticsUiHelper.ApplyPremiumGridStyle","message":"ok","data":{"grid":"","colCount":3},"timestamp":1780298138270}
{"sessionId":"0d0cc8","hypothesisId":"B","location":"StatisticsUiHelper.ApplyPremiumGridStyle","message":"ok","data":{"grid":"","colCount":6},"timestamp":1780298138271}
{"sessionId":"0d0cc8","hypothesisId":"B","location":"StatisticsUiHelper.ApplyPremiumGridStyle","message":"ok","data":{"grid":"","colCount":6},"timestamp":1780298138272}
{"sessionId":"0d0cc8","hypothesisId":"B","location":"StatisticsUiHelper.ApplyPremiumGridStyle","message":"ok","data":{"grid":"","colCount":8},"timestamp":1780298138273}
{"sessionId":"0d0cc8","hypothesisId":"B","location":"StatisticsUiHelper.ApplyPremiumGridStyle","message":"ok","data":{"grid":"","colCount":7},"timestamp":1780298138275}
{"sessionId":"0d0cc8","hypothesisId":"B","location":"StatisticsUiHelper.ApplyPremiumGridStyle","message":"ok","data":{"grid":"dgvByClient","colCount":13},"timestamp":1780298138281}
{"sessionId":"0d0cc8","hypothesisId":"B","location":"StatisticsUiHelper.ApplyPremiumGridStyle","message":"ok","data":{"grid":"dgvByClient","colCount":13},"timestamp":1780298138282}
{"sessionId":"0d0cc8","hypothesisId":"C","location":"StatisticsForm.InitializeForm","message":"afterGridStyles","data":{"runId":"post-fix"},"timestamp":1780298138283}
{"sessionId":"0d0cc8","hypothesisId":"C","location":"StatisticsForm.InitializeForm","message":"complete","data":{},"timestamp":1780298138284}
{"sessionId":"0d0cc8","hypothesisId":"B","location":"StatisticsUiHelper.ApplyPremiumGridStyle","message":"ok","data":{"grid":"","colCount":3},"timestamp":1780298138504}
{"sessionId":"0d0cc8","hypothesisId":"B","location":"StatisticsUiHelper.ApplyPremiumGridStyle","message":"ok","data":{"grid":"","colCount":6},"timestamp":1780298138510}
{"sessionId":"0d0cc8","hypothesisId":"B","location":"StatisticsUiHelper.ApplyPremiumGridStyle","message":"ok","data":{"grid":"","colCount":6},"timestamp":1780298138515}
{"sessionId":"0d0cc8","hypothesisId":"B","location":"StatisticsUiHelper.ApplyPremiumGridStyle","message":"ok","data":{"grid":"","colCount":8},"timestamp":1780298138525}
{"sessionId":"0d0cc8","hypothesisId":"B","location":"StatisticsUiHelper.ApplyPremiumGridStyle","message":"ok","data":{"grid":"","colCount":7},"timestamp":1780298138588}
{"sessionId":"0d0cc8","hypothesisId":"B","location":"StatisticsUiHelper.ApplyPremiumGridStyle","message":"ok","data":{"grid":"dgvByClient","colCount":13},"timestamp":1780298138595}
{"sessionId":"0d0cc8","hypothesisId":"A","location":"StatisticsUiHelper.OnStatisticsTabDrawItem","message":"draw","data":{"index":0,"bw":124,"bh":30,"tabW":1689,"selected":false},"timestamp":1780298138617}
{"sessionId":"0d0cc8","hypothesisId":"A","location":"StatisticsUiHelper.OnStatisticsTabDrawItem","message":"draw","data":{"index":1,"bw":124,"bh":30,"tabW":1689,"selected":false},"timestamp":1780298138620}
{"sessionId":"0d0cc8","hypothesisId":"A","location":"StatisticsUiHelper.OnStatisticsTabDrawItem","message":"draw","data":{"index":2,"bw":124,"bh":30,"tabW":1689,"selected":false},"timestamp":1780298138621}
{"sessionId":"0d0cc8","hypothesisId":"A","location":"StatisticsUiHelper.OnStatisticsTabDrawItem","message":"draw","data":{"index":4,"bw":124,"bh":30,"tabW":1689,"selected":false},"timestamp":1780298138623}
{"sessionId":"0d0cc8","hypothesisId":"A","location":"StatisticsUiHelper.OnStatisticsTabDrawItem","message":"draw","data":{"index":5,"bw":124,"bh":30,"tabW":1689,"selected":false},"timestamp":1780298138624}
{"sessionId":"0d0cc8","hypothesisId":"A","location":"StatisticsUiHelper.OnStatisticsTabDrawItem","message":"draw","data":{"index":3,"bw":132,"bh":36,"tabW":1689,"selected":true},"timestamp":1780298138625}
{"sessionId":"0d0cc8","hypothesisId":"A","location":"StatisticsUiHelper.OnStatisticsTabDrawItem","message":"draw","data":{"index":0,"bw":124,"bh":30,"tabW":1689,"selected":false},"timestamp":1780298141600}
{"sessionId":"0d0cc8","hypothesisId":"A","location":"StatisticsUiHelper.OnStatisticsTabDrawItem","message":"draw","data":{"index":1,"bw":124,"bh":30,"tabW":1689,"selected":false},"timestamp":1780298141603}
{"sessionId":"0d0cc8","hypothesisId":"A","location":"StatisticsUiHelper.OnStatisticsTabDrawItem","message":"draw","data":{"index":2,"bw":124,"bh":30,"tabW":1689,"selected":false},"timestamp":1780298141604}
{"sessionId":"0d0cc8","hypothesisId":"A","location":"StatisticsUiHelper.OnStatisticsTabDrawItem","message":"draw","data":{"index":4,"bw":124,"bh":30,"tabW":1689,"selected":false},"timestamp":1780298141605}
{"sessionId":"0d0cc8","hypothesisId":"A","location":"StatisticsUiHelper.OnStatisticsTabDrawItem","message":"draw","data":{"index":5,"bw":124,"bh":30,"tabW":1689,"selected":false},"timestamp":1780298141607}
{"sessionId":"0d0cc8","hypothesisId":"A","location":"StatisticsUiHelper.OnStatisticsTabDrawItem","message":"draw","data":{"index":3,"bw":132,"bh":36,"tabW":1689,"selected":true},"timestamp":1780298141610}
{"sessionId":"0d0cc8","hypothesisId":"B","location":"StatisticsUiHelper.ApplyPremiumGridStyle","message":"ok","data":{"grid":"","colCount":8},"timestamp":1780298141721}
{"sessionId":"0d0cc8","hypothesisId":"B","location":"StatisticsUiHelper.ApplyPremiumGridStyle","message":"ok","data":{"grid":"","colCount":8},"timestamp":1780298144220}
{"sessionId":"0d0cc8","hypothesisId":"B","location":"StatisticsUiHelper.ApplyPremiumGridStyle","message":"ok","data":{"grid":"","colCount":8},"timestamp":1780298144881}
{"sessionId":"0d0cc8","hypothesisId":"B","location":"StatisticsUiHelper.ApplyPremiumGridStyle","message":"ok","data":{"grid":"","colCount":8},"timestamp":1780298145629}
{"sessionId":"0d0cc8","hypothesisId":"A","location":"StatisticsUiHelper.OnStatisticsTabDrawItem","message":"draw","data":{"index":2,"bw":124,"bh":30,"tabW":1689,"selected":false},"timestamp":1780298146358}
{"sessionId":"0d0cc8","hypothesisId":"A","location":"StatisticsUiHelper.OnStatisticsTabDrawItem","message":"draw","data":{"index":3,"bw":124,"bh":30,"tabW":1689,"selected":false},"timestamp":1780298146360}
{"sessionId":"0d0cc8","hypothesisId":"A","location":"StatisticsUiHelper.OnStatisticsTabDrawItem","message":"draw","data":{"index":4,"bw":124,"bh":30,"tabW":1689,"selected":false},"timestamp":1780298146362}
{"sessionId":"0d0cc8","hypothesisId":"A","location":"StatisticsUiHelper.OnStatisticsTabDrawItem","message":"draw","data":{"index":1,"bw":124,"bh":30,"tabW":1689,"selected":false},"timestamp":1780298146363}
{"sessionId":"0d0cc8","hypothesisId":"A","location":"StatisticsUiHelper.OnStatisticsTabDrawItem","message":"draw","data":{"index":2,"bw":124,"bh":30,"tabW":1689,"selected":false},"timestamp":1780298146364}
{"sessionId":"0d0cc8","hypothesisId":"A","location":"StatisticsUiHelper.OnStatisticsTabDrawItem","message":"draw","data":{"index":3,"bw":124,"bh":30,"tabW":1689,"selected":false},"timestamp":1780298146366}
{"sessionId":"0d0cc8","hypothesisId":"A","location":"StatisticsUiHelper.OnStatisticsTabDrawItem","message":"draw","data":{"index":4,"bw":124,"bh":30,"tabW":1689,"selected":false},"timestamp":1780298146367}
{"sessionId":"0d0cc8","hypothesisId":"A","location":"StatisticsUiHelper.OnStatisticsTabDrawItem","message":"draw","data":{"index":0,"bw":132,"bh":36,"tabW":1689,"selected":true},"timestamp":1780298146368}
{"sessionId":"0d0cc8","hypothesisId":"A","location":"StatisticsUiHelper.OnStatisticsTabDrawItem","message":"draw","data":{"index":0,"bw":124,"bh":30,"tabW":1689,"selected":false},"timestamp":1780298147095}
{"sessionId":"0d0cc8","hypothesisId":"A","location":"StatisticsUiHelper.OnStatisticsTabDrawItem","message":"draw","data":{"index":2,"bw":124,"bh":30,"tabW":1689,"selected":false},"timestamp":1780298147098}
{"sessionId":"0d0cc8","hypothesisId":"A","location":"StatisticsUiHelper.OnStatisticsTabDrawItem","message":"draw","data":{"index":1,"bw":132,"bh":36,"tabW":1689,"selected":true},"timestamp":1780298147099}
{"sessionId":"0d0cc8","hypothesisId":"A","location":"StatisticsUiHelper.OnStatisticsTabDrawItem","message":"draw","data":{"index":0,"bw":124,"bh":30,"tabW":1689,"selected":false},"timestamp":1780298147726}
{"sessionId":"0d0cc8","hypothesisId":"A","location":"StatisticsUiHelper.OnStatisticsTabDrawItem","message":"draw","data":{"index":1,"bw":124,"bh":30,"tabW":1689,"selected":false},"timestamp":1780298147728}
{"sessionId":"0d0cc8","hypothesisId":"A","location":"StatisticsUiHelper.OnStatisticsTabDrawItem","message":"draw","data":{"index":2,"bw":124,"bh":30,"tabW":1689,"selected":false},"timestamp":1780298147730}
{"sessionId":"0d0cc8","hypothesisId":"A","location":"StatisticsUiHelper.OnStatisticsTabDrawItem","message":"draw","data":{"index":3,"bw":124,"bh":30,"tabW":1689,"selected":false},"timestamp":1780298147732}
{"sessionId":"0d0cc8","hypothesisId":"A","location":"StatisticsUiHelper.OnStatisticsTabDrawItem","message":"draw","data":{"index":4,"bw":124,"bh":30,"tabW":1689,"selected":false},"timestamp":1780298147734}
{"sessionId":"0d0cc8","hypothesisId":"A","location":"StatisticsUiHelper.OnStatisticsTabDrawItem","message":"draw","data":{"index":5,"bw":132,"bh":36,"tabW":1689,"selected":true},"timestamp":1780298147735}
{"sessionId":"0d0cc8","hypothesisId":"A","location":"StatisticsUiHelper.OnStatisticsTabDrawItem","message":"draw","data":{"index":4,"bw":124,"bh":30,"tabW":1689,"selected":false},"timestamp":1780298148313}
{"sessionId":"0d0cc8","hypothesisId":"A","location":"StatisticsUiHelper.OnStatisticsTabDrawItem","message":"draw","data":{"index":5,"bw":132,"bh":36,"tabW":1689,"selected":true},"timestamp":1780298148315}
{"sessionId":"0d0cc8","hypothesisId":"B","location":"StatisticsUiHelper.ApplyPremiumGridStyle","message":"ok","data":{"grid":"","colCount":8},"timestamp":1780298148416}
{"sessionId":"0d0cc8","hypothesisId":"B","location":"StatisticsUiHelper.ApplyPremiumGridStyle","message":"ok","data":{"grid":"","colCount":8},"timestamp":1780298149268}
{"sessionId":"0d0cc8","hypothesisId":"B","location":"StatisticsUiHelper.ApplyPremiumGridStyle","message":"ok","data":{"grid":"","colCount":8},"timestamp":1780298150132}
{"sessionId":"0d0cc8","hypothesisId":"B","location":"StatisticsUiHelper.ApplyPremiumGridStyle","message":"ok","data":{"grid":"","colCount":8},"timestamp":1780298151340}
{"sessionId":"0d0cc8","hypothesisId":"B","location":"StatisticsUiHelper.ApplyPremiumGridStyle","message":"ok","data":{"grid":"","colCount":8},"timestamp":1780298152891}
{"sessionId":"0d0cc8","hypothesisId":"A","location":"StatisticsUiHelper.OnStatisticsTabDrawItem","message":"draw","data":{"index":5,"bw":124,"bh":30,"tabW":1689,"selected":false},"timestamp":1780298153196}
{"sessionId":"0d0cc8","hypothesisId":"A","location":"StatisticsUiHelper.OnStatisticsTabDrawItem","message":"draw","data":{"index":4,"bw":132,"bh":36,"tabW":1689,"selected":true},"timestamp":1780298153198}
{"sessionId":"0d0cc8","hypothesisId":"A","location":"StatisticsUiHelper.OnStatisticsTabDrawItem","message":"draw","data":{"index":3,"bw":124,"bh":30,"tabW":1689,"selected":false},"timestamp":1780298153200}
{"sessionId":"0d0cc8","hypothesisId":"A","location":"StatisticsUiHelper.OnStatisticsTabDrawItem","message":"draw","data":{"index":5,"bw":124,"bh":30,"tabW":1689,"selected":false},"timestamp":1780298153202}
{"sessionId":"0d0cc8","hypothesisId":"A","location":"StatisticsUiHelper.OnStatisticsTabDrawItem","message":"draw","data":{"index":4,"bw":132,"bh":36,"tabW":1689,"selected":true},"timestamp":1780298153203}
{"sessionId":"0d0cc8","hypothesisId":"A","location":"StatisticsUiHelper.OnStatisticsTabDrawItem","message":"draw","data":{"index":3,"bw":124,"bh":30,"tabW":1689,"selected":false},"timestamp":1780298154143}
{"sessionId":"0d0cc8","hypothesisId":"A","location":"StatisticsUiHelper.OnStatisticsTabDrawItem","message":"draw","data":{"index":5,"bw":124,"bh":30,"tabW":1689,"selected":false},"timestamp":1780298154146}
{"sessionId":"0d0cc8","hypothesisId":"A","location":"StatisticsUiHelper.OnStatisticsTabDrawItem","message":"draw","data":{"index":4,"bw":132,"bh":36,"tabW":1689,"selected":true},"timestamp":1780298154147}
{"sessionId":"0d0cc8","hypothesisId":"B","location":"StatisticsUiHelper.ApplyPremiumGridStyle","message":"ok","data":{"grid":"","colCount":8},"timestamp":1780298154280}
{"sessionId":"0d0cc8","hypothesisId":"B","location":"StatisticsUiHelper.ApplyPremiumGridStyle","message":"ok","data":{"grid":"","colCount":8},"timestamp":1780298155016}
{"sessionId":"0d0cc8","hypothesisId":"B","location":"StatisticsUiHelper.ApplyPremiumGridStyle","message":"ok","data":{"grid":"","colCount":8},"timestamp":1780298156279}
{"sessionId":"0d0cc8","hypothesisId":"A","location":"StatisticsUiHelper.OnStatisticsTabDrawItem","message":"draw","data":{"index":4,"bw":124,"bh":30,"tabW":1689,"selected":false},"timestamp":1780298160598}
{"sessionId":"0d0cc8","hypothesisId":"A","location":"StatisticsUiHelper.OnStatisticsTabDrawItem","message":"draw","data":{"index":5,"bw":124,"bh":30,"tabW":1689,"selected":false},"timestamp":1780298160600}
{"sessionId":"0d0cc8","hypothesisId":"A","location":"StatisticsUiHelper.OnStatisticsTabDrawItem","message":"draw","data":{"index":3,"bw":132,"bh":36,"tabW":1689,"selected":true},"timestamp":1780298160602}
{"sessionId":"0d0cc8","hypothesisId":"A","location":"StatisticsUiHelper.OnStatisticsTabDrawItem","message":"draw","data":{"index":2,"bw":124,"bh":30,"tabW":1689,"selected":false},"timestamp":1780298160604}
{"sessionId":"0d0cc8","hypothesisId":"A","location":"StatisticsUiHelper.OnStatisticsTabDrawItem","message":"draw","data":{"index":4,"bw":124,"bh":30,"tabW":1689,"selected":false},"timestamp":1780298160605}
{"sessionId":"0d0cc8","hypothesisId":"A","location":"StatisticsUiHelper.OnStatisticsTabDrawItem","message":"draw","data":{"index":5,"bw":124,"bh":30,"tabW":1689,"selected":false},"timestamp":1780298160607}
{"sessionId":"0d0cc8","hypothesisId":"A","location":"StatisticsUiHelper.OnStatisticsTabDrawItem","message":"draw","data":{"index":3,"bw":132,"bh":36,"tabW":1689,"selected":true},"timestamp":1780298160608}
{"sessionId":"0d0cc8","hypothesisId":"A","location":"StatisticsUiHelper.OnStatisticsTabDrawItem","message":"draw","data":{"index":2,"bw":124,"bh":30,"tabW":1689,"selected":false},"timestamp":1780298161759}
{"sessionId":"0d0cc8","hypothesisId":"A","location":"StatisticsUiHelper.OnStatisticsTabDrawItem","message":"draw","data":{"index":4,"bw":124,"bh":30,"tabW":1689,"selected":false},"timestamp":1780298161761}
{"sessionId":"0d0cc8","hypothesisId":"A","location":"StatisticsUiHelper.OnStatisticsTabDrawItem","message":"draw","data":{"index":3,"bw":132,"bh":36,"tabW":1689,"selected":true},"timestamp":1780298161763}
{"sessionId":"0d0cc8","hypothesisId":"B","location":"StatisticsUiHelper.ApplyPremiumGridStyle","message":"ok","data":{"grid":"","colCount":8},"timestamp":1780298161917}
{"sessionId":"0d0cc8","hypothesisId":"B","location":"StatisticsUiHelper.ApplyPremiumGridStyle","message":"ok","data":{"grid":"","colCount":8},"timestamp":1780298162352}
{"sessionId":"0d0cc8","hypothesisId":"B","location":"StatisticsUiHelper.ApplyPremiumGridStyle","message":"ok","data":{"grid":"","colCount":8},"timestamp":1780298162667}
{"sessionId":"0d0cc8","hypothesisId":"B","location":"StatisticsUiHelper.ApplyPremiumGridStyle","message":"ok","data":{"grid":"","colCount":8},"timestamp":1780298164252}
{"sessionId":"0d0cc8","hypothesisId":"B","location":"StatisticsUiHelper.ApplyPremiumGridStyle","message":"ok","data":{"grid":"","colCount":8},"timestamp":1780298164783}
{"sessionId":"0d0cc8","hypothesisId":"B","location":"StatisticsUiHelper.ApplyPremiumGridStyle","message":"ok","data":{"grid":"","colCount":8},"timestamp":1780298165278}
{"sessionId":"0d0cc8","hypothesisId":"A","location":"StatisticsUiHelper.OnStatisticsTabDrawItem","message":"draw","data":{"index":2,"bw":124,"bh":30,"tabW":1689,"selected":false},"timestamp":1780298165795}
{"sessionId":"0d0cc8","hypothesisId":"A","location":"StatisticsUiHelper.OnStatisticsTabDrawItem","message":"draw","data":{"index":3,"bw":124,"bh":30,"tabW":1689,"selected":false},"timestamp":1780298165798}
{"sessionId":"0d0cc8","hypothesisId":"A","location":"StatisticsUiHelper.OnStatisticsTabDrawItem","message":"draw","data":{"index":4,"bw":132,"bh":36,"tabW":1689,"selected":true},"timestamp":1780298165799}
{"sessionId":"0d0cc8","hypothesisId":"A","location":"StatisticsUiHelper.OnStatisticsTabDrawItem","message":"draw","data":{"index":2,"bw":124,"bh":30,"tabW":1689,"selected":false},"timestamp":1780298165801}
{"sessionId":"0d0cc8","hypothesisId":"A","location":"StatisticsUiHelper.OnStatisticsTabDrawItem","message":"draw","data":{"index":3,"bw":124,"bh":30,"tabW":1689,"selected":false},"timestamp":1780298165802}
{"sessionId":"0d0cc8","hypothesisId":"A","location":"StatisticsUiHelper.OnStatisticsTabDrawItem","message":"draw","data":{"index":5,"bw":124,"bh":30,"tabW":1689,"selected":false},"timestamp":1780298165803}
{"sessionId":"0d0cc8","hypothesisId":"A","location":"StatisticsUiHelper.OnStatisticsTabDrawItem","message":"draw","data":{"index":4,"bw":132,"bh":36,"tabW":1689,"selected":true},"timestamp":1780298165804}
{"sessionId":"0d0cc8","hypothesisId":"A","location":"StatisticsUiHelper.OnStatisticsTabDrawItem","message":"draw","data":{"index":3,"bw":124,"bh":30,"tabW":1689,"selected":false},"timestamp":1780298166076}
{"sessionId":"0d0cc8","hypothesisId":"A","location":"StatisticsUiHelper.OnStatisticsTabDrawItem","message":"draw","data":{"index":4,"bw":124,"bh":30,"tabW":1689,"selected":false},"timestamp":1780298166078}
{"sessionId":"0d0cc8","hypothesisId":"A","location":"StatisticsUiHelper.OnStatisticsTabDrawItem","message":"draw","data":{"index":5,"bw":132,"bh":36,"tabW":1689,"selected":true},"timestamp":1780298166080}
{"sessionId":"0d0cc8","hypothesisId":"A","location":"StatisticsUiHelper.OnStatisticsTabDrawItem","message":"draw","data":{"index":4,"bw":124,"bh":30,"tabW":1689,"selected":false},"timestamp":1780298169846}
{"sessionId":"0d0cc8","hypothesisId":"A","location":"StatisticsUiHelper.OnStatisticsTabDrawItem","message":"draw","data":{"index":5,"bw":132,"bh":36,"tabW":1689,"selected":true},"timestamp":1780298169849}
{"sessionId":"0d0cc8","hypothesisId":"B","location":"StatisticsUiHelper.ApplyPremiumGridStyle","message":"ok","data":{"grid":"","colCount":0},"timestamp":1780298398772}
{"sessionId":"0d0cc8","hypothesisId":"B","location":"StatisticsUiHelper.ApplyPremiumGridStyle","message":"ok","data":{"grid":"","colCount":0},"timestamp":1780298402807}
{"sessionId":"0d0cc8","hypothesisId":"B","location":"StatisticsUiHelper.ApplyPremiumGridStyle","message":"ok","data":{"grid":"","colCount":0},"timestamp":1780298408257}
{"sessionId":"0d0cc8","hypothesisId":"B","location":"StatisticsUiHelper.ApplyPremiumGridStyle","message":"ok","data":{"grid":"","colCount":0},"timestamp":1780298413050}
{"sessionId":"0d0cc8","hypothesisId":"B","location":"StatisticsUiHelper.ApplyPremiumGridStyle","message":"ok","data":{"grid":"","colCount":0},"timestamp":1780298418808}
{"sessionId":"0d0cc8","hypothesisId":"B","location":"StatisticsUiHelper.ApplyPremiumGridStyle","message":"ok","data":{"grid":"gridCustomers","colCount":4},"timestamp":1780298423893}
{"sessionId":"0d0cc8","hypothesisId":"B","location":"StatisticsUiHelper.ApplyPremiumGridStyle","message":"ok","data":{"grid":"","colCount":0},"timestamp":1780298423903}
{"sessionId":"0d0cc8","hypothesisId":"B","location":"StatisticsUiHelper.ApplyPremiumGridStyle","message":"ok","data":{"grid":"","colCount":0},"timestamp":1780298423907}
{"sessionId":"0d0cc8","hypothesisId":"B","location":"StatisticsUiHelper.ApplyPremiumGridStyle","message":"ok","data":{"grid":"gridLocations","colCount":3},"timestamp":1780298423910}
{"sessionId":"0d0cc8","hypothesisId":"B","location":"StatisticsUiHelper.ApplyPremiumGridStyle","message":"ok","data":{"grid":"gridHandlers","colCount":3},"timestamp":1780298423926}
{"sessionId":"0d0cc8","hypothesisId":"B","location":"StatisticsUiHelper.ApplyPremiumGridStyle","message":"ok","data":{"grid":"gridHandlers","colCount":3},"timestamp":1780298423927}
{"sessionId":"0d0cc8","hypothesisId":"B","location":"StatisticsUiHelper.ApplyPremiumGridStyle","message":"ok","data":{"grid":"gridCustomers","colCount":4},"timestamp":1780298423935}
{"sessionId":"0d0cc8","hypothesisId":"B","location":"StatisticsUiHelper.ApplyPremiumGridStyle","message":"ok","data":{"grid":"","colCount":0},"timestamp":1780298423936}
{"sessionId":"0d0cc8","hypothesisId":"B","location":"StatisticsUiHelper.ApplyPremiumGridStyle","message":"ok","data":{"grid":"","colCount":0},"timestamp":1780298423936}
{"sessionId":"0d0cc8","hypothesisId":"B","location":"StatisticsUiHelper.ApplyPremiumGridStyle","message":"ok","data":{"grid":"gridLocations","colCount":3},"timestamp":1780298423937}
{"sessionId":"0d0cc8","hypothesisId":"B","location":"StatisticsUiHelper.ApplyPremiumGridStyle","message":"ok","data":{"grid":"gridHandlers","colCount":3},"timestamp":1780298423938}
{"sessionId":"0d0cc8","hypothesisId":"C","location":"StatisticsForm.InitializeForm","message":"start","data":{},"timestamp":1780298431036}
{"sessionId":"0d0cc8","hypothesisId":"C","location":"StatisticsForm.InitializeForm","message":"afterPopulate","data":{"tabCount":6},"timestamp":1780298431050}
{"sessionId":"0d0cc8","hypothesisId":"C","location":"StatisticsForm.InitializeForm","message":"afterChrome","data":{},"timestamp":1780298431051}
{"sessionId":"0d0cc8","hypothesisId":"B","location":"StatisticsUiHelper.ApplyPremiumGridStyle","message":"ok","data":{"grid":"","colCount":3},"timestamp":1780298431053}
{"sessionId":"0d0cc8","hypothesisId":"B","location":"StatisticsUiHelper.ApplyPremiumGridStyle","message":"ok","data":{"grid":"","colCount":6},"timestamp":1780298431054}
{"sessionId":"0d0cc8","hypothesisId":"B","location":"StatisticsUiHelper.ApplyPremiumGridStyle","message":"ok","data":{"grid":"","colCount":6},"timestamp":1780298431054}
{"sessionId":"0d0cc8","hypothesisId":"B","location":"StatisticsUiHelper.ApplyPremiumGridStyle","message":"ok","data":{"grid":"","colCount":8},"timestamp":1780298431055}
{"sessionId":"0d0cc8","hypothesisId":"B","location":"StatisticsUiHelper.ApplyPremiumGridStyle","message":"ok","data":{"grid":"","colCount":7},"timestamp":1780298431056}
{"sessionId":"0d0cc8","hypothesisId":"B","location":"StatisticsUiHelper.ApplyPremiumGridStyle","message":"ok","data":{"grid":"dgvByClient","colCount":13},"timestamp":1780298431060}
{"sessionId":"0d0cc8","hypothesisId":"B","location":"StatisticsUiHelper.ApplyPremiumGridStyle","message":"ok","data":{"grid":"dgvByClient","colCount":13},"timestamp":1780298431061}
{"sessionId":"0d0cc8","hypothesisId":"C","location":"StatisticsForm.InitializeForm","message":"afterGridStyles","data":{"runId":"post-fix"},"timestamp":1780298431061}
{"sessionId":"0d0cc8","hypothesisId":"C","location":"StatisticsForm.InitializeForm","message":"complete","data":{},"timestamp":1780298431063}
{"sessionId":"0d0cc8","hypothesisId":"B","location":"StatisticsUiHelper.ApplyPremiumGridStyle","message":"ok","data":{"grid":"","colCount":3},"timestamp":1780298431125}
{"sessionId":"0d0cc8","hypothesisId":"B","location":"StatisticsUiHelper.ApplyPremiumGridStyle","message":"ok","data":{"grid":"","colCount":6},"timestamp":1780298431130}
{"sessionId":"0d0cc8","hypothesisId":"B","location":"StatisticsUiHelper.ApplyPremiumGridStyle","message":"ok","data":{"grid":"","colCount":6},"timestamp":1780298431133}
{"sessionId":"0d0cc8","hypothesisId":"B","location":"StatisticsUiHelper.ApplyPremiumGridStyle","message":"ok","data":{"grid":"","colCount":8},"timestamp":1780298431138}
{"sessionId":"0d0cc8","hypothesisId":"B","location":"StatisticsUiHelper.ApplyPremiumGridStyle","message":"ok","data":{"grid":"","colCount":7},"timestamp":1780298431171}
{"sessionId":"0d0cc8","hypothesisId":"B","location":"StatisticsUiHelper.ApplyPremiumGridStyle","message":"ok","data":{"grid":"dgvByClient","colCount":13},"timestamp":1780298431177}
{"sessionId":"0d0cc8","hypothesisId":"A","location":"StatisticsUiHelper.OnStatisticsTabDrawItem","message":"draw","data":{"index":0,"bw":124,"bh":30,"tabW":1689,"selected":false},"timestamp":1780298431189}
{"sessionId":"0d0cc8","hypothesisId":"A","location":"StatisticsUiHelper.OnStatisticsTabDrawItem","message":"draw","data":{"index":1,"bw":124,"bh":30,"tabW":1689,"selected":false},"timestamp":1780298431192}
{"sessionId":"0d0cc8","hypothesisId":"A","location":"StatisticsUiHelper.OnStatisticsTabDrawItem","message":"draw","data":{"index":2,"bw":124,"bh":30,"tabW":1689,"selected":false},"timestamp":1780298431193}
{"sessionId":"0d0cc8","hypothesisId":"A","location":"StatisticsUiHelper.OnStatisticsTabDrawItem","message":"draw","data":{"index":4,"bw":124,"bh":30,"tabW":1689,"selected":false},"timestamp":1780298431195}
{"sessionId":"0d0cc8","hypothesisId":"A","location":"StatisticsUiHelper.OnStatisticsTabDrawItem","message":"draw","data":{"index":5,"bw":124,"bh":30,"tabW":1689,"selected":false},"timestamp":1780298431196}
{"sessionId":"0d0cc8","hypothesisId":"A","location":"StatisticsUiHelper.OnStatisticsTabDrawItem","message":"draw","data":{"index":3,"bw":132,"bh":36,"tabW":1689,"selected":true},"timestamp":1780298431197}
{"sessionId":"0d0cc8","hypothesisId":"A","location":"StatisticsUiHelper.OnStatisticsTabDrawItem","message":"draw","data":{"index":2,"bw":124,"bh":30,"tabW":1689,"selected":false},"timestamp":1780298433367}
{"sessionId":"0d0cc8","hypothesisId":"A","location":"StatisticsUiHelper.OnStatisticsTabDrawItem","message":"draw","data":{"index":3,"bw":124,"bh":30,"tabW":1689,"selected":false},"timestamp":1780298433369}
{"sessionId":"0d0cc8","hypothesisId":"A","location":"StatisticsUiHelper.OnStatisticsTabDrawItem","message":"draw","data":{"index":4,"bw":124,"bh":30,"tabW":1689,"selected":false},"timestamp":1780298433370}
{"sessionId":"0d0cc8","hypothesisId":"A","location":"StatisticsUiHelper.OnStatisticsTabDrawItem","message":"draw","data":{"index":1,"bw":124,"bh":30,"tabW":1689,"selected":false},"timestamp":1780298433371}
{"sessionId":"0d0cc8","hypothesisId":"A","location":"StatisticsUiHelper.OnStatisticsTabDrawItem","message":"draw","data":{"index":2,"bw":124,"bh":30,"tabW":1689,"selected":false},"timestamp":1780298433372}
{"sessionId":"0d0cc8","hypothesisId":"A","location":"StatisticsUiHelper.OnStatisticsTabDrawItem","message":"draw","data":{"index":3,"bw":124,"bh":30,"tabW":1689,"selected":false},"timestamp":1780298433373}
{"sessionId":"0d0cc8","hypothesisId":"A","location":"StatisticsUiHelper.OnStatisticsTabDrawItem","message":"draw","data":{"index":4,"bw":124,"bh":30,"tabW":1689,"selected":false},"timestamp":1780298433375}
{"sessionId":"0d0cc8","hypothesisId":"A","location":"StatisticsUiHelper.OnStatisticsTabDrawItem","message":"draw","data":{"index":0,"bw":132,"bh":36,"tabW":1689,"selected":true},"timestamp":1780298433377}
{"sessionId":"0d0cc8","hypothesisId":"A","location":"StatisticsUiHelper.OnStatisticsTabDrawItem","message":"draw","data":{"index":0,"bw":124,"bh":30,"tabW":1689,"selected":false},"timestamp":1780298434145}
{"sessionId":"0d0cc8","hypothesisId":"A","location":"StatisticsUiHelper.OnStatisticsTabDrawItem","message":"draw","data":{"index":2,"bw":124,"bh":30,"tabW":1689,"selected":false},"timestamp":1780298434146}
{"sessionId":"0d0cc8","hypothesisId":"A","location":"StatisticsUiHelper.OnStatisticsTabDrawItem","message":"draw","data":{"index":1,"bw":132,"bh":36,"tabW":1689,"selected":true},"timestamp":1780298434148}
{"sessionId":"0d0cc8","hypothesisId":"A","location":"StatisticsUiHelper.OnStatisticsTabDrawItem","message":"draw","data":{"index":1,"bw":124,"bh":30,"tabW":1689,"selected":false},"timestamp":1780298437282}
{"sessionId":"0d0cc8","hypothesisId":"A","location":"StatisticsUiHelper.OnStatisticsTabDrawItem","message":"draw","data":{"index":2,"bw":124,"bh":30,"tabW":1689,"selected":false},"timestamp":1780298437288}
{"sessionId":"0d0cc8","hypothesisId":"A","location":"StatisticsUiHelper.OnStatisticsTabDrawItem","message":"draw","data":{"index":0,"bw":132,"bh":36,"tabW":1689,"selected":true},"timestamp":1780298437290}
{"sessionId":"0d0cc8","hypothesisId":"A","location":"StatisticsUiHelper.OnStatisticsTabDrawItem","message":"draw","data":{"index":0,"bw":124,"bh":30,"tabW":1689,"selected":false},"timestamp":1780298443242}
{"sessionId":"0d0cc8","hypothesisId":"A","location":"StatisticsUiHelper.OnStatisticsTabDrawItem","message":"draw","data":{"index":1,"bw":124,"bh":30,"tabW":1689,"selected":false},"timestamp":1780298443247}
{"sessionId":"0d0cc8","hypothesisId":"A","location":"StatisticsUiHelper.OnStatisticsTabDrawItem","message":"draw","data":{"index":2,"bw":124,"bh":30,"tabW":1689,"selected":false},"timestamp":1780298443249}
{"sessionId":"0d0cc8","hypothesisId":"A","location":"StatisticsUiHelper.OnStatisticsTabDrawItem","message":"draw","data":{"index":3,"bw":124,"bh":30,"tabW":1689,"selected":false},"timestamp":1780298443251}
{"sessionId":"0d0cc8","hypothesisId":"A","location":"StatisticsUiHelper.OnStatisticsTabDrawItem","message":"draw","data":{"index":4,"bw":124,"bh":30,"tabW":1689,"selected":false},"timestamp":1780298443252}
{"sessionId":"0d0cc8","hypothesisId":"A","location":"StatisticsUiHelper.OnStatisticsTabDrawItem","message":"draw","data":{"index":5,"bw":132,"bh":36,"tabW":1689,"selected":true},"timestamp":1780298443253}
{"sessionId":"0d0cc8","hypothesisId":"A","location":"StatisticsUiHelper.OnStatisticsTabDrawItem","message":"draw","data":{"index":3,"bw":124,"bh":30,"tabW":1689,"selected":false},"timestamp":1780298451184}
{"sessionId":"0d0cc8","hypothesisId":"A","location":"StatisticsUiHelper.OnStatisticsTabDrawItem","message":"draw","data":{"index":5,"bw":124,"bh":30,"tabW":1689,"selected":false},"timestamp":1780298451189}
{"sessionId":"0d0cc8","hypothesisId":"A","location":"StatisticsUiHelper.OnStatisticsTabDrawItem","message":"draw","data":{"index":4,"bw":132,"bh":36,"tabW":1689,"selected":true},"timestamp":1780298451190}
{"sessionId":"0d0cc8","hypothesisId":"A","location":"StatisticsUiHelper.OnStatisticsTabDrawItem","message":"draw","data":{"index":2,"bw":124,"bh":30,"tabW":1689,"selected":false},"timestamp":1780298452062}
{"sessionId":"0d0cc8","hypothesisId":"A","location":"StatisticsUiHelper.OnStatisticsTabDrawItem","message":"draw","data":{"index":4,"bw":124,"bh":30,"tabW":1689,"selected":false},"timestamp":1780298452064}
{"sessionId":"0d0cc8","hypothesisId":"A","location":"StatisticsUiHelper.OnStatisticsTabDrawItem","message":"draw","data":{"index":5,"bw":124,"bh":30,"tabW":1689,"selected":false},"timestamp":1780298452065}
{"sessionId":"0d0cc8","hypothesisId":"A","location":"StatisticsUiHelper.OnStatisticsTabDrawItem","message":"draw","data":{"index":3,"bw":132,"bh":36,"tabW":1689,"selected":true},"timestamp":1780298452067}
{"sessionId":"0d0cc8","hypothesisId":"A","location":"StatisticsUiHelper.OnStatisticsTabDrawItem","message":"draw","data":{"index":1,"bw":124,"bh":30,"tabW":1689,"selected":false},"timestamp":1780298452864}
{"sessionId":"0d0cc8","hypothesisId":"A","location":"StatisticsUiHelper.OnStatisticsTabDrawItem","message":"draw","data":{"index":3,"bw":124,"bh":30,"tabW":1689,"selected":false},"timestamp":1780298452869}
{"sessionId":"0d0cc8","hypothesisId":"A","location":"StatisticsUiHelper.OnStatisticsTabDrawItem","message":"draw","data":{"index":4,"bw":124,"bh":30,"tabW":1689,"selected":false},"timestamp":1780298452871}
{"sessionId":"0d0cc8","hypothesisId":"A","location":"StatisticsUiHelper.OnStatisticsTabDrawItem","message":"draw","data":{"index":2,"bw":132,"bh":36,"tabW":1689,"selected":true},"timestamp":1780298452873}
{"sessionId":"0d0cc8","hypothesisId":"A","location":"StatisticsUiHelper.OnStatisticsTabDrawItem","message":"draw","data":{"index":1,"bw":124,"bh":30,"tabW":1689,"selected":false},"timestamp":1780298453975}
{"sessionId":"0d0cc8","hypothesisId":"A","location":"StatisticsUiHelper.OnStatisticsTabDrawItem","message":"draw","data":{"index":2,"bw":124,"bh":30,"tabW":1689,"selected":false},"timestamp":1780298453978}
{"sessionId":"0d0cc8","hypothesisId":"A","location":"StatisticsUiHelper.OnStatisticsTabDrawItem","message":"draw","data":{"index":3,"bw":124,"bh":30,"tabW":1689,"selected":false},"timestamp":1780298453980}
{"sessionId":"0d0cc8","hypothesisId":"A","location":"StatisticsUiHelper.OnStatisticsTabDrawItem","message":"draw","data":{"index":5,"bw":124,"bh":30,"tabW":1689,"selected":false},"timestamp":1780298453981}
{"sessionId":"0d0cc8","hypothesisId":"A","location":"StatisticsUiHelper.OnStatisticsTabDrawItem","message":"draw","data":{"index":4,"bw":132,"bh":36,"tabW":1689,"selected":true},"timestamp":1780298453983}
{"sessionId":"0d0cc8","hypothesisId":"A","location":"StatisticsUiHelper.OnStatisticsTabDrawItem","message":"draw","data":{"index":2,"bw":124,"bh":30,"tabW":1689,"selected":false},"timestamp":1780298454645}
{"sessionId":"0d0cc8","hypothesisId":"A","location":"StatisticsUiHelper.OnStatisticsTabDrawItem","message":"draw","data":{"index":4,"bw":124,"bh":30,"tabW":1689,"selected":false},"timestamp":1780298454647}
{"sessionId":"0d0cc8","hypothesisId":"A","location":"StatisticsUiHelper.OnStatisticsTabDrawItem","message":"draw","data":{"index":5,"bw":124,"bh":30,"tabW":1689,"selected":false},"timestamp":1780298454649}
{"sessionId":"0d0cc8","hypothesisId":"A","location":"StatisticsUiHelper.OnStatisticsTabDrawItem","message":"draw","data":{"index":3,"bw":132,"bh":36,"tabW":1689,"selected":true},"timestamp":1780298454650}
{"sessionId":"0d0cc8","hypothesisId":"A","location":"StatisticsUiHelper.OnStatisticsTabDrawItem","message":"draw","data":{"index":2,"bw":124,"bh":30,"tabW":1689,"selected":false},"timestamp":1780298455516}
{"sessionId":"0d0cc8","hypothesisId":"A","location":"StatisticsUiHelper.OnStatisticsTabDrawItem","message":"draw","data":{"index":3,"bw":124,"bh":30,"tabW":1689,"selected":false},"timestamp":1780298455519}
{"sessionId":"0d0cc8","hypothesisId":"A","location":"StatisticsUiHelper.OnStatisticsTabDrawItem","message":"draw","data":{"index":4,"bw":124,"bh":30,"tabW":1689,"selected":false},"timestamp":1780298455521}
{"sessionId":"0d0cc8","hypothesisId":"A","location":"StatisticsUiHelper.OnStatisticsTabDrawItem","message":"draw","data":{"index":5,"bw":132,"bh":36,"tabW":1689,"selected":true},"timestamp":1780298455523}
{"sessionId":"0d0cc8","hypothesisId":"A","location":"StatisticsUiHelper.OnStatisticsTabDrawItem","message":"draw","data":{"index":4,"bw":124,"bh":30,"tabW":1689,"selected":false},"timestamp":1780298460534}
{"sessionId":"0d0cc8","hypothesisId":"A","location":"StatisticsUiHelper.OnStatisticsTabDrawItem","message":"draw","data":{"index":5,"bw":132,"bh":36,"tabW":1689,"selected":true},"timestamp":1780298460536}
{"sessionId":"0d0cc8","hypothesisId":"A","location":"StatisticsUiHelper.OnStatisticsTabDrawItem","message":"draw","data":{"index":0,"bw":124,"bh":30,"tabW":1689,"selected":false},"timestamp":1780298460542}
{"sessionId":"0d0cc8","hypothesisId":"A","location":"StatisticsUiHelper.OnStatisticsTabDrawItem","message":"draw","data":{"index":1,"bw":124,"bh":30,"tabW":1689,"selected":false},"timestamp":1780298460547}
{"sessionId":"0d0cc8","hypothesisId":"A","location":"StatisticsUiHelper.OnStatisticsTabDrawItem","message":"draw","data":{"index":2,"bw":124,"bh":30,"tabW":1689,"selected":false},"timestamp":1780298460549}
{"sessionId":"0d0cc8","hypothesisId":"A","location":"StatisticsUiHelper.OnStatisticsTabDrawItem","message":"draw","data":{"index":3,"bw":124,"bh":30,"tabW":1689,"selected":false},"timestamp":1780298460551}
{"sessionId":"0d0cc8","hypothesisId":"A","location":"StatisticsUiHelper.OnStatisticsTabDrawItem","message":"draw","data":{"index":4,"bw":124,"bh":30,"tabW":1689,"selected":false},"timestamp":1780298460552}
{"sessionId":"0d0cc8","hypothesisId":"A","location":"StatisticsUiHelper.OnStatisticsTabDrawItem","message":"draw","data":{"index":5,"bw":132,"bh":36,"tabW":1689,"selected":true},"timestamp":1780298460554}
{"sessionId":"0d0cc8","hypothesisId":"B","location":"StatisticsUiHelper.ApplyPremiumGridStyle","message":"ok","data":{"grid":"dgvByClient","colCount":13},"timestamp":1780298460767}
{"sessionId":"0d0cc8","hypothesisId":"B","location":"StatisticsUiHelper.ApplyPremiumGridStyle","message":"ok","data":{"grid":"dgvByClient","colCount":13},"timestamp":1780298464062}
{"sessionId":"0d0cc8","hypothesisId":"B","location":"StatisticsUiHelper.ApplyPremiumGridStyle","message":"ok","data":{"grid":"","colCount":0},"timestamp":1780307542293}
{"sessionId":"0d0cc8","hypothesisId":"B","location":"StatisticsUiHelper.ApplyPremiumGridStyle","message":"ok","data":{"grid":"","colCount":0},"timestamp":1780307594237}
{"sessionId":"0d0cc8","hypothesisId":"B","location":"StatisticsUiHelper.ApplyPremiumGridStyle","message":"ok","data":{"grid":"","colCount":0},"timestamp":1780307682079}
{"sessionId":"0d0cc8","hypothesisId":"B","location":"StatisticsUiHelper.ApplyPremiumGridStyle","message":"ok","data":{"grid":"","colCount":0},"timestamp":1780307685659}
{"sessionId":"0d0cc8","hypothesisId":"B","location":"StatisticsUiHelper.ApplyPremiumGridStyle","message":"ok","data":{"grid":"","colCount":0},"timestamp":1780307757029}
{"sessionId":"0d0cc8","hypothesisId":"B","location":"StatisticsUiHelper.ApplyPremiumGridStyle","message":"ok","data":{"grid":"","colCount":0},"timestamp":1780307791600}
{"sessionId":"0d0cc8","hypothesisId":"B","location":"StatisticsUiHelper.ApplyPremiumGridStyle","message":"ok","data":{"grid":"","colCount":0},"timestamp":1780307842987}
{"sessionId":"0d0cc8","hypothesisId":"B","location":"StatisticsUiHelper.ApplyPremiumGridStyle","message":"ok","data":{"grid":"","colCount":0},"timestamp":1780307891493}
{"sessionId":"0d0cc8","hypothesisId":"B","location":"StatisticsUiHelper.ApplyPremiumGridStyle","message":"ok","data":{"grid":"","colCount":0},"timestamp":1780307906395}
{"sessionId":"0d0cc8","hypothesisId":"B","location":"StatisticsUiHelper.ApplyPremiumGridStyle","message":"ok","data":{"grid":"","colCount":0},"timestamp":1780307969747}
{"sessionId":"0d0cc8","hypothesisId":"B","location":"StatisticsUiHelper.ApplyPremiumGridStyle","message":"ok","data":{"grid":"","colCount":0},"timestamp":1780307974535}
{"sessionId":"0d0cc8","hypothesisId":"B","location":"StatisticsUiHelper.ApplyPremiumGridStyle","message":"ok","data":{"grid":"","colCount":0},"timestamp":1780308223656}
{"sessionId":"0d0cc8","hypothesisId":"B","location":"StatisticsUiHelper.ApplyPremiumGridStyle","message":"ok","data":{"grid":"","colCount":0},"timestamp":1780308247975}
{"sessionId":"0d0cc8","hypothesisId":"B","location":"StatisticsUiHelper.ApplyPremiumGridStyle","message":"ok","data":{"grid":"","colCount":0},"timestamp":1780308250965}
{"sessionId":"0d0cc8","hypothesisId":"B","location":"StatisticsUiHelper.ApplyPremiumGridStyle","message":"ok","data":{"grid":"","colCount":0},"timestamp":1780308312429}
{"sessionId":"0d0cc8","hypothesisId":"B","location":"StatisticsUiHelper.ApplyPremiumGridStyle","message":"ok","data":{"grid":"","colCount":0},"timestamp":1780311008197}
{"sessionId":"0d0cc8","hypothesisId":"B","location":"StatisticsUiHelper.ApplyPremiumGridStyle","message":"ok","data":{"grid":"","colCount":0},"timestamp":1780311039468}
{"sessionId":"0d0cc8","hypothesisId":"B","location":"StatisticsUiHelper.ApplyPremiumGridStyle","message":"ok","data":{"grid":"","colCount":0},"timestamp":1780311058344}
{"sessionId":"0d0cc8","hypothesisId":"B","location":"StatisticsUiHelper.ApplyPremiumGridStyle","message":"ok","data":{"grid":"gridCustomers","colCount":4},"timestamp":1780311257061}
{"sessionId":"0d0cc8","hypothesisId":"B","location":"StatisticsUiHelper.ApplyPremiumGridStyle","message":"ok","data":{"grid":"","colCount":0},"timestamp":1780311257072}
{"sessionId":"0d0cc8","hypothesisId":"B","location":"StatisticsUiHelper.ApplyPremiumGridStyle","message":"ok","data":{"grid":"","colCount":0},"timestamp":1780311257076}
{"sessionId":"0d0cc8","hypothesisId":"B","location":"StatisticsUiHelper.ApplyPremiumGridStyle","message":"ok","data":{"grid":"gridLocations","colCount":3},"timestamp":1780311257080}
{"sessionId":"0d0cc8","hypothesisId":"B","location":"StatisticsUiHelper.ApplyPremiumGridStyle","message":"ok","data":{"grid":"gridHandlers","colCount":3},"timestamp":1780311257102}
{"sessionId":"0d0cc8","hypothesisId":"B","location":"StatisticsUiHelper.ApplyPremiumGridStyle","message":"ok","data":{"grid":"gridHandlers","colCount":3},"timestamp":1780311257104}
{"sessionId":"0d0cc8","hypothesisId":"B","location":"StatisticsUiHelper.ApplyPremiumGridStyle","message":"ok","data":{"grid":"gridCustomers","colCount":4},"timestamp":1780311257108}
{"sessionId":"0d0cc8","hypothesisId":"B","location":"StatisticsUiHelper.ApplyPremiumGridStyle","message":"ok","data":{"grid":"","colCount":0},"timestamp":1780311257109}
{"sessionId":"0d0cc8","hypothesisId":"B","location":"StatisticsUiHelper.ApplyPremiumGridStyle","message":"ok","data":{"grid":"","colCount":0},"timestamp":1780311257110}
{"sessionId":"0d0cc8","hypothesisId":"B","location":"StatisticsUiHelper.ApplyPremiumGridStyle","message":"ok","data":{"grid":"gridLocations","colCount":3},"timestamp":1780311257111}
{"sessionId":"0d0cc8","hypothesisId":"B","location":"StatisticsUiHelper.ApplyPremiumGridStyle","message":"ok","data":{"grid":"gridHandlers","colCount":3},"timestamp":1780311257112}
{"sessionId":"0d0cc8","hypothesisId":"C","location":"StatisticsForm.InitializeForm","message":"start","data":{},"timestamp":1780311264997}
{"sessionId":"0d0cc8","hypothesisId":"C","location":"StatisticsForm.InitializeForm","message":"afterPopulate","data":{"tabCount":6},"timestamp":1780311265010}
{"sessionId":"0d0cc8","hypothesisId":"C","location":"StatisticsForm.InitializeForm","message":"afterChrome","data":{},"timestamp":1780311265011}
{"sessionId":"0d0cc8","hypothesisId":"B","location":"StatisticsUiHelper.ApplyPremiumGridStyle","message":"ok","data":{"grid":"","colCount":3},"timestamp":1780311265013}
{"sessionId":"0d0cc8","hypothesisId":"B","location":"StatisticsUiHelper.ApplyPremiumGridStyle","message":"ok","data":{"grid":"","colCount":6},"timestamp":1780311265014}
{"sessionId":"0d0cc8","hypothesisId":"B","location":"StatisticsUiHelper.ApplyPremiumGridStyle","message":"ok","data":{"grid":"","colCount":6},"timestamp":1780311265016}
{"sessionId":"0d0cc8","hypothesisId":"B","location":"StatisticsUiHelper.ApplyPremiumGridStyle","message":"ok","data":{"grid":"","colCount":8},"timestamp":1780311265017}
{"sessionId":"0d0cc8","hypothesisId":"B","location":"StatisticsUiHelper.ApplyPremiumGridStyle","message":"ok","data":{"grid":"","colCount":7},"timestamp":1780311265018}
{"sessionId":"0d0cc8","hypothesisId":"B","location":"StatisticsUiHelper.ApplyPremiumGridStyle","message":"ok","data":{"grid":"dgvByClient","colCount":13},"timestamp":1780311265021}
{"sessionId":"0d0cc8","hypothesisId":"B","location":"StatisticsUiHelper.ApplyPremiumGridStyle","message":"ok","data":{"grid":"dgvByClient","colCount":13},"timestamp":1780311265022}
{"sessionId":"0d0cc8","hypothesisId":"C","location":"StatisticsForm.InitializeForm","message":"afterGridStyles","data":{"runId":"post-fix"},"timestamp":1780311265023}
{"sessionId":"0d0cc8","hypothesisId":"C","location":"StatisticsForm.InitializeForm","message":"complete","data":{},"timestamp":1780311265025}
{"sessionId":"0d0cc8","hypothesisId":"B","location":"StatisticsUiHelper.ApplyPremiumGridStyle","message":"ok","data":{"grid":"","colCount":3},"timestamp":1780311265137}
{"sessionId":"0d0cc8","hypothesisId":"B","location":"StatisticsUiHelper.ApplyPremiumGridStyle","message":"ok","data":{"grid":"","colCount":6},"timestamp":1780311265141}
{"sessionId":"0d0cc8","hypothesisId":"B","location":"StatisticsUiHelper.ApplyPremiumGridStyle","message":"ok","data":{"grid":"","colCount":6},"timestamp":1780311265146}
{"sessionId":"0d0cc8","hypothesisId":"B","location":"StatisticsUiHelper.ApplyPremiumGridStyle","message":"ok","data":{"grid":"","colCount":8},"timestamp":1780311265153}
{"sessionId":"0d0cc8","hypothesisId":"B","location":"StatisticsUiHelper.ApplyPremiumGridStyle","message":"ok","data":{"grid":"","colCount":7},"timestamp":1780311265201}
{"sessionId":"0d0cc8","hypothesisId":"B","location":"StatisticsUiHelper.ApplyPremiumGridStyle","message":"ok","data":{"grid":"dgvByClient","colCount":13},"timestamp":1780311265208}
{"sessionId":"0d0cc8","hypothesisId":"A","location":"StatisticsUiHelper.OnStatisticsTabDrawItem","message":"draw","data":{"index":0,"bw":124,"bh":30,"tabW":1689,"selected":false},"timestamp":1780311265224}
{"sessionId":"0d0cc8","hypothesisId":"A","location":"StatisticsUiHelper.OnStatisticsTabDrawItem","message":"draw","data":{"index":1,"bw":124,"bh":30,"tabW":1689,"selected":false},"timestamp":1780311265233}
{"sessionId":"0d0cc8","hypothesisId":"A","location":"StatisticsUiHelper.OnStatisticsTabDrawItem","message":"draw","data":{"index":2,"bw":124,"bh":30,"tabW":1689,"selected":false},"timestamp":1780311265236}
{"sessionId":"0d0cc8","hypothesisId":"A","location":"StatisticsUiHelper.OnStatisticsTabDrawItem","message":"draw","data":{"index":4,"bw":124,"bh":30,"tabW":1689,"selected":false},"timestamp":1780311265238}
{"sessionId":"0d0cc8","hypothesisId":"A","location":"StatisticsUiHelper.OnStatisticsTabDrawItem","message":"draw","data":{"index":5,"bw":124,"bh":30,"tabW":1689,"selected":false},"timestamp":1780311265243}
{"sessionId":"0d0cc8","hypothesisId":"A","location":"StatisticsUiHelper.OnStatisticsTabDrawItem","message":"draw","data":{"index":3,"bw":132,"bh":36,"tabW":1689,"selected":true},"timestamp":1780311265246}
{"sessionId":"0d0cc8","hypothesisId":"A","location":"StatisticsUiHelper.OnStatisticsTabDrawItem","message":"draw","data":{"index":2,"bw":124,"bh":30,"tabW":1689,"selected":false},"timestamp":1780311267367}
{"sessionId":"0d0cc8","hypothesisId":"A","location":"StatisticsUiHelper.OnStatisticsTabDrawItem","message":"draw","data":{"index":3,"bw":124,"bh":30,"tabW":1689,"selected":false},"timestamp":1780311267370}
{"sessionId":"0d0cc8","hypothesisId":"A","location":"StatisticsUiHelper.OnStatisticsTabDrawItem","message":"draw","data":{"index":4,"bw":124,"bh":30,"tabW":1689,"selected":false},"timestamp":1780311267372}
{"sessionId":"0d0cc8","hypothesisId":"A","location":"StatisticsUiHelper.OnStatisticsTabDrawItem","message":"draw","data":{"index":1,"bw":124,"bh":30,"tabW":1689,"selected":false},"timestamp":1780311267375}
{"sessionId":"0d0cc8","hypothesisId":"A","location":"StatisticsUiHelper.OnStatisticsTabDrawItem","message":"draw","data":{"index":2,"bw":124,"bh":30,"tabW":1689,"selected":false},"timestamp":1780311267377}
{"sessionId":"0d0cc8","hypothesisId":"A","location":"StatisticsUiHelper.OnStatisticsTabDrawItem","message":"draw","data":{"index":3,"bw":124,"bh":30,"tabW":1689,"selected":false},"timestamp":1780311267378}
{"sessionId":"0d0cc8","hypothesisId":"A","location":"StatisticsUiHelper.OnStatisticsTabDrawItem","message":"draw","data":{"index":4,"bw":124,"bh":30,"tabW":1689,"selected":false},"timestamp":1780311267382}
{"sessionId":"0d0cc8","hypothesisId":"A","location":"StatisticsUiHelper.OnStatisticsTabDrawItem","message":"draw","data":{"index":0,"bw":132,"bh":36,"tabW":1689,"selected":true},"timestamp":1780311267383}
{"sessionId":"0d0cc8","hypothesisId":"A","location":"StatisticsUiHelper.OnStatisticsTabDrawItem","message":"draw","data":{"index":0,"bw":124,"bh":30,"tabW":1689,"selected":false},"timestamp":1780311268052}
{"sessionId":"0d0cc8","hypothesisId":"A","location":"StatisticsUiHelper.OnStatisticsTabDrawItem","message":"draw","data":{"index":2,"bw":124,"bh":30,"tabW":1689,"selected":false},"timestamp":1780311268055}
{"sessionId":"0d0cc8","hypothesisId":"A","location":"StatisticsUiHelper.OnStatisticsTabDrawItem","message":"draw","data":{"index":1,"bw":132,"bh":36,"tabW":1689,"selected":true},"timestamp":1780311268058}
{"sessionId":"0d0cc8","hypothesisId":"A","location":"StatisticsUiHelper.OnStatisticsTabDrawItem","message":"draw","data":{"index":0,"bw":124,"bh":30,"tabW":1689,"selected":false},"timestamp":1780311268670}
{"sessionId":"0d0cc8","hypothesisId":"A","location":"StatisticsUiHelper.OnStatisticsTabDrawItem","message":"draw","data":{"index":1,"bw":124,"bh":30,"tabW":1689,"selected":false},"timestamp":1780311268673}
{"sessionId":"0d0cc8","hypothesisId":"A","location":"StatisticsUiHelper.OnStatisticsTabDrawItem","message":"draw","data":{"index":3,"bw":124,"bh":30,"tabW":1689,"selected":false},"timestamp":1780311268675}
{"sessionId":"0d0cc8","hypothesisId":"A","location":"StatisticsUiHelper.OnStatisticsTabDrawItem","message":"draw","data":{"index":2,"bw":132,"bh":36,"tabW":1689,"selected":true},"timestamp":1780311268677}
{"sessionId":"0d0cc8","hypothesisId":"A","location":"StatisticsUiHelper.OnStatisticsTabDrawItem","message":"draw","data":{"index":1,"bw":124,"bh":30,"tabW":1689,"selected":false},"timestamp":1780311269007}
{"sessionId":"0d0cc8","hypothesisId":"A","location":"StatisticsUiHelper.OnStatisticsTabDrawItem","message":"draw","data":{"index":2,"bw":124,"bh":30,"tabW":1689,"selected":false},"timestamp":1780311269011}
{"sessionId":"0d0cc8","hypothesisId":"A","location":"StatisticsUiHelper.OnStatisticsTabDrawItem","message":"draw","data":{"index":4,"bw":124,"bh":30,"tabW":1689,"selected":false},"timestamp":1780311269012}
{"sessionId":"0d0cc8","hypothesisId":"A","location":"StatisticsUiHelper.OnStatisticsTabDrawItem","message":"draw","data":{"index":3,"bw":132,"bh":36,"tabW":1689,"selected":true},"timestamp":1780311269014}
{"sessionId":"0d0cc8","hypothesisId":"A","location":"StatisticsUiHelper.OnStatisticsTabDrawItem","message":"draw","data":{"index":2,"bw":124,"bh":30,"tabW":1689,"selected":false},"timestamp":1780311269786}
{"sessionId":"0d0cc8","hypothesisId":"A","location":"StatisticsUiHelper.OnStatisticsTabDrawItem","message":"draw","data":{"index":3,"bw":124,"bh":30,"tabW":1689,"selected":false},"timestamp":1780311269790}
{"sessionId":"0d0cc8","hypothesisId":"A","location":"StatisticsUiHelper.OnStatisticsTabDrawItem","message":"draw","data":{"index":5,"bw":124,"bh":30,"tabW":1689,"selected":false},"timestamp":1780311269796}
{"sessionId":"0d0cc8","hypothesisId":"A","location":"StatisticsUiHelper.OnStatisticsTabDrawItem","message":"draw","data":{"index":4,"bw":132,"bh":36,"tabW":1689,"selected":true},"timestamp":1780311269798}
{"sessionId":"0d0cc8","hypothesisId":"A","location":"StatisticsUiHelper.OnStatisticsTabDrawItem","message":"draw","data":{"index":3,"bw":124,"bh":30,"tabW":1689,"selected":false},"timestamp":1780311270224}
{"sessionId":"0d0cc8","hypothesisId":"A","location":"StatisticsUiHelper.OnStatisticsTabDrawItem","message":"draw","data":{"index":4,"bw":124,"bh":30,"tabW":1689,"selected":false},"timestamp":1780311270227}
{"sessionId":"0d0cc8","hypothesisId":"A","location":"StatisticsUiHelper.OnStatisticsTabDrawItem","message":"draw","data":{"index":5,"bw":132,"bh":36,"tabW":1689,"selected":true},"timestamp":1780311270230}
{"sessionId":"0d0cc8","hypothesisId":"B","location":"StatisticsUiHelper.ApplyPremiumGridStyle","message":"ok","data":{"grid":"","colCount":0},"timestamp":1780311576306}
{"sessionId":"0d0cc8","hypothesisId":"B","location":"StatisticsUiHelper.ApplyPremiumGridStyle","message":"ok","data":{"grid":"","colCount":0},"timestamp":1780311581775}
{"sessionId":"0d0cc8","hypothesisId":"B","location":"StatisticsUiHelper.ApplyPremiumGridStyle","message":"ok","data":{"grid":"","colCount":0},"timestamp":1780311585504}
{"sessionId":"0d0cc8","hypothesisId":"B","location":"StatisticsUiHelper.ApplyPremiumGridStyle","message":"ok","data":{"grid":"","colCount":0},"timestamp":1780311624884}
{"sessionId":"0d0cc8","hypothesisId":"B","location":"StatisticsUiHelper.ApplyPremiumGridStyle","message":"ok","data":{"grid":"","colCount":0},"timestamp":1780311728803}
{"sessionId":"0d0cc8","hypothesisId":"B","location":"StatisticsUiHelper.ApplyPremiumGridStyle","message":"ok","data":{"grid":"","colCount":0},"timestamp":1780311739354}
{"sessionId":"0d0cc8","hypothesisId":"B","location":"StatisticsUiHelper.ApplyPremiumGridStyle","message":"ok","data":{"grid":"","colCount":0},"timestamp":1780311743243}
{"sessionId":"0d0cc8","hypothesisId":"B","location":"StatisticsUiHelper.ApplyPremiumGridStyle","message":"ok","data":{"grid":"","colCount":0},"timestamp":1780311838176}
{"sessionId":"0d0cc8","hypothesisId":"B","location":"StatisticsUiHelper.ApplyPremiumGridStyle","message":"ok","data":{"grid":"","colCount":0},"timestamp":1780311886967}
{"sessionId":"0d0cc8","hypothesisId":"B","location":"StatisticsUiHelper.ApplyPremiumGridStyle","message":"ok","data":{"grid":"","colCount":0},"timestamp":1780311892914}
{"sessionId":"0d0cc8","hypothesisId":"B","location":"StatisticsUiHelper.ApplyPremiumGridStyle","message":"ok","data":{"grid":"","colCount":0},"timestamp":1780311915130}
{"sessionId":"0d0cc8","hypothesisId":"B","location":"StatisticsUiHelper.ApplyPremiumGridStyle","message":"ok","data":{"grid":"","colCount":0},"timestamp":1780312080145}
{"sessionId":"0d0cc8","hypothesisId":"B","location":"StatisticsUiHelper.ApplyPremiumGridStyle","message":"ok","data":{"grid":"","colCount":0},"timestamp":1780312085123}
{"sessionId":"0d0cc8","hypothesisId":"B","location":"StatisticsUiHelper.ApplyPremiumGridStyle","message":"ok","data":{"grid":"","colCount":0},"timestamp":1780312087529}
{"sessionId":"0d0cc8","hypothesisId":"B","location":"StatisticsUiHelper.ApplyPremiumGridStyle","message":"ok","data":{"grid":"","colCount":0},"timestamp":1780312142125}
{"sessionId":"0d0cc8","hypothesisId":"B","location":"StatisticsUiHelper.ApplyPremiumGridStyle","message":"ok","data":{"grid":"","colCount":0},"timestamp":1780312149216}
{"sessionId":"0d0cc8","hypothesisId":"B","location":"StatisticsUiHelper.ApplyPremiumGridStyle","message":"ok","data":{"grid":"","colCount":0},"timestamp":1780312153025}
{"sessionId":"0d0cc8","hypothesisId":"B","location":"StatisticsUiHelper.ApplyPremiumGridStyle","message":"ok","data":{"grid":"","colCount":0},"timestamp":1780312164165}
{"sessionId":"0d0cc8","hypothesisId":"B","location":"StatisticsUiHelper.ApplyPremiumGridStyle","message":"ok","data":{"grid":"","colCount":0},"timestamp":1780312166459}
{"sessionId":"0d0cc8","hypothesisId":"C","location":"StatisticsForm.InitializeForm","message":"start","data":{},"timestamp":1780312225746}
{"sessionId":"0d0cc8","hypothesisId":"C","location":"StatisticsForm.InitializeForm","message":"afterPopulate","data":{"tabCount":6},"timestamp":1780312225759}
{"sessionId":"0d0cc8","hypothesisId":"C","location":"StatisticsForm.InitializeForm","message":"afterChrome","data":{},"timestamp":1780312225763}
{"sessionId":"0d0cc8","hypothesisId":"B","location":"StatisticsUiHelper.ApplyPremiumGridStyle","message":"ok","data":{"grid":"","colCount":3},"timestamp":1780312225768}
{"sessionId":"0d0cc8","hypothesisId":"B","location":"StatisticsUiHelper.ApplyPremiumGridStyle","message":"ok","data":{"grid":"","colCount":6},"timestamp":1780312225770}
{"sessionId":"0d0cc8","hypothesisId":"B","location":"StatisticsUiHelper.ApplyPremiumGridStyle","message":"ok","data":{"grid":"","colCount":6},"timestamp":1780312225771}
{"sessionId":"0d0cc8","hypothesisId":"B","location":"StatisticsUiHelper.ApplyPremiumGridStyle","message":"ok","data":{"grid":"","colCount":8},"timestamp":1780312225775}
{"sessionId":"0d0cc8","hypothesisId":"B","location":"StatisticsUiHelper.ApplyPremiumGridStyle","message":"ok","data":{"grid":"","colCount":7},"timestamp":1780312225777}
{"sessionId":"0d0cc8","hypothesisId":"B","location":"StatisticsUiHelper.ApplyPremiumGridStyle","message":"ok","data":{"grid":"dgvByClient","colCount":13},"timestamp":1780312225783}
{"sessionId":"0d0cc8","hypothesisId":"B","location":"StatisticsUiHelper.ApplyPremiumGridStyle","message":"ok","data":{"grid":"dgvByClient","colCount":13},"timestamp":1780312225785}
{"sessionId":"0d0cc8","hypothesisId":"C","location":"StatisticsForm.InitializeForm","message":"afterGridStyles","data":{"runId":"post-fix"},"timestamp":1780312225786}
{"sessionId":"0d0cc8","hypothesisId":"C","location":"StatisticsForm.InitializeForm","message":"complete","data":{},"timestamp":1780312225790}
{"sessionId":"0d0cc8","hypothesisId":"B","location":"StatisticsUiHelper.ApplyPremiumGridStyle","message":"ok","data":{"grid":"","colCount":3},"timestamp":1780312225957}
{"sessionId":"0d0cc8","hypothesisId":"B","location":"StatisticsUiHelper.ApplyPremiumGridStyle","message":"ok","data":{"grid":"","colCount":6},"timestamp":1780312225963}
{"sessionId":"0d0cc8","hypothesisId":"B","location":"StatisticsUiHelper.ApplyPremiumGridStyle","message":"ok","data":{"grid":"","colCount":6},"timestamp":1780312225970}
{"sessionId":"0d0cc8","hypothesisId":"B","location":"StatisticsUiHelper.ApplyPremiumGridStyle","message":"ok","data":{"grid":"","colCount":8},"timestamp":1780312225984}
{"sessionId":"0d0cc8","hypothesisId":"B","location":"StatisticsUiHelper.ApplyPremiumGridStyle","message":"ok","data":{"grid":"","colCount":7},"timestamp":1780312226030}
{"sessionId":"0d0cc8","hypothesisId":"B","location":"StatisticsUiHelper.ApplyPremiumGridStyle","message":"ok","data":{"grid":"dgvByClient","colCount":13},"timestamp":1780312226040}
{"sessionId":"0d0cc8","hypothesisId":"A","location":"StatisticsUiHelper.OnStatisticsTabDrawItem","message":"draw","data":{"index":0,"bw":124,"bh":30,"tabW":1689,"selected":false},"timestamp":1780312226054}
{"sessionId":"0d0cc8","hypothesisId":"A","location":"StatisticsUiHelper.OnStatisticsTabDrawItem","message":"draw","data":{"index":1,"bw":124,"bh":30,"tabW":1689,"selected":false},"timestamp":1780312226063}
{"sessionId":"0d0cc8","hypothesisId":"A","location":"StatisticsUiHelper.OnStatisticsTabDrawItem","message":"draw","data":{"index":2,"bw":124,"bh":30,"tabW":1689,"selected":false},"timestamp":1780312226067}
{"sessionId":"0d0cc8","hypothesisId":"A","location":"StatisticsUiHelper.OnStatisticsTabDrawItem","message":"draw","data":{"index":4,"bw":124,"bh":30,"tabW":1689,"selected":false},"timestamp":1780312226070}
{"sessionId":"0d0cc8","hypothesisId":"A","location":"StatisticsUiHelper.OnStatisticsTabDrawItem","message":"draw","data":{"index":5,"bw":124,"bh":30,"tabW":1689,"selected":false},"timestamp":1780312226073}
{"sessionId":"0d0cc8","hypothesisId":"A","location":"StatisticsUiHelper.OnStatisticsTabDrawItem","message":"draw","data":{"index":3,"bw":132,"bh":36,"tabW":1689,"selected":true},"timestamp":1780312226075}
{"sessionId":"0d0cc8","hypothesisId":"A","location":"StatisticsUiHelper.OnStatisticsTabDrawItem","message":"draw","data":{"index":2,"bw":124,"bh":30,"tabW":1689,"selected":false},"timestamp":1780312227187}
{"sessionId":"0d0cc8","hypothesisId":"A","location":"StatisticsUiHelper.OnStatisticsTabDrawItem","message":"draw","data":{"index":3,"bw":124,"bh":30,"tabW":1689,"selected":false},"timestamp":1780312227191}
{"sessionId":"0d0cc8","hypothesisId":"A","location":"StatisticsUiHelper.OnStatisticsTabDrawItem","message":"draw","data":{"index":4,"bw":124,"bh":30,"tabW":1689,"selected":false},"timestamp":1780312227193}
{"sessionId":"0d0cc8","hypothesisId":"A","location":"StatisticsUiHelper.OnStatisticsTabDrawItem","message":"draw","data":{"index":0,"bw":124,"bh":30,"tabW":1689,"selected":false},"timestamp":1780312227196}
{"sessionId":"0d0cc8","hypothesisId":"A","location":"StatisticsUiHelper.OnStatisticsTabDrawItem","message":"draw","data":{"index":2,"bw":124,"bh":30,"tabW":1689,"selected":false},"timestamp":1780312227198}
{"sessionId":"0d0cc8","hypothesisId":"A","location":"StatisticsUiHelper.OnStatisticsTabDrawItem","message":"draw","data":{"index":3,"bw":124,"bh":30,"tabW":1689,"selected":false},"timestamp":1780312227200}
{"sessionId":"0d0cc8","hypothesisId":"A","location":"StatisticsUiHelper.OnStatisticsTabDrawItem","message":"draw","data":{"index":4,"bw":124,"bh":30,"tabW":1689,"selected":false},"timestamp":1780312227202}
{"sessionId":"0d0cc8","hypothesisId":"A","location":"StatisticsUiHelper.OnStatisticsTabDrawItem","message":"draw","data":{"index":1,"bw":132,"bh":36,"tabW":1689,"selected":true},"timestamp":1780312227205}
{"sessionId":"0d0cc8","hypothesisId":"A","location":"StatisticsUiHelper.OnStatisticsTabDrawItem","message":"draw","data":{"index":1,"bw":124,"bh":30,"tabW":1689,"selected":false},"timestamp":1780312227521}
{"sessionId":"0d0cc8","hypothesisId":"A","location":"StatisticsUiHelper.OnStatisticsTabDrawItem","message":"draw","data":{"index":2,"bw":124,"bh":30,"tabW":1689,"selected":false},"timestamp":1780312227525}
{"sessionId":"0d0cc8","hypothesisId":"A","location":"StatisticsUiHelper.OnStatisticsTabDrawItem","message":"draw","data":{"index":0,"bw":132,"bh":36,"tabW":1689,"selected":true},"timestamp":1780312227528}
{"sessionId":"0d0cc8","hypothesisId":"A","location":"StatisticsUiHelper.OnStatisticsTabDrawItem","message":"draw","data":{"index":0,"bw":124,"bh":30,"tabW":1689,"selected":false},"timestamp":1780312228208}
{"sessionId":"0d0cc8","hypothesisId":"A","location":"StatisticsUiHelper.OnStatisticsTabDrawItem","message":"draw","data":{"index":1,"bw":124,"bh":30,"tabW":1689,"selected":false},"timestamp":1780312228212}
{"sessionId":"0d0cc8","hypothesisId":"A","location":"StatisticsUiHelper.OnStatisticsTabDrawItem","message":"draw","data":{"index":2,"bw":124,"bh":30,"tabW":1689,"selected":false},"timestamp":1780312228218}
{"sessionId":"0d0cc8","hypothesisId":"A","location":"StatisticsUiHelper.OnStatisticsTabDrawItem","message":"draw","data":{"index":3,"bw":124,"bh":30,"tabW":1689,"selected":false},"timestamp":1780312228221}
{"sessionId":"0d0cc8","hypothesisId":"A","location":"StatisticsUiHelper.OnStatisticsTabDrawItem","message":"draw","data":{"index":4,"bw":124,"bh":30,"tabW":1689,"selected":false},"timestamp":1780312228223}
{"sessionId":"0d0cc8","hypothesisId":"A","location":"StatisticsUiHelper.OnStatisticsTabDrawItem","message":"draw","data":{"index":5,"bw":132,"bh":36,"tabW":1689,"selected":true},"timestamp":1780312228225}
{"sessionId":"0d0cc8","hypothesisId":"C","location":"StatisticsForm.InitializeForm","message":"start","data":{},"timestamp":1780312245085}
{"sessionId":"0d0cc8","hypothesisId":"C","location":"StatisticsForm.InitializeForm","message":"afterPopulate","data":{"tabCount":6},"timestamp":1780312245087}
{"sessionId":"0d0cc8","hypothesisId":"C","location":"StatisticsForm.InitializeForm","message":"afterChrome","data":{},"timestamp":1780312245088}
{"sessionId":"0d0cc8","hypothesisId":"B","location":"StatisticsUiHelper.ApplyPremiumGridStyle","message":"ok","data":{"grid":"","colCount":3},"timestamp":1780312245090}
{"sessionId":"0d0cc8","hypothesisId":"B","location":"StatisticsUiHelper.ApplyPremiumGridStyle","message":"ok","data":{"grid":"","colCount":6},"timestamp":1780312245092}
{"sessionId":"0d0cc8","hypothesisId":"B","location":"StatisticsUiHelper.ApplyPremiumGridStyle","message":"ok","data":{"grid":"","colCount":6},"timestamp":1780312245094}
{"sessionId":"0d0cc8","hypothesisId":"B","location":"StatisticsUiHelper.ApplyPremiumGridStyle","message":"ok","data":{"grid":"","colCount":8},"timestamp":1780312245095}
{"sessionId":"0d0cc8","hypothesisId":"B","location":"StatisticsUiHelper.ApplyPremiumGridStyle","message":"ok","data":{"grid":"","colCount":7},"timestamp":1780312245097}
{"sessionId":"0d0cc8","hypothesisId":"B","location":"StatisticsUiHelper.ApplyPremiumGridStyle","message":"ok","data":{"grid":"dgvByClient","colCount":13},"timestamp":1780312245100}
{"sessionId":"0d0cc8","hypothesisId":"B","location":"StatisticsUiHelper.ApplyPremiumGridStyle","message":"ok","data":{"grid":"dgvByClient","colCount":13},"timestamp":1780312245102}
{"sessionId":"0d0cc8","hypothesisId":"C","location":"StatisticsForm.InitializeForm","message":"afterGridStyles","data":{"runId":"post-fix"},"timestamp":1780312245103}
{"sessionId":"0d0cc8","hypothesisId":"C","location":"StatisticsForm.InitializeForm","message":"complete","data":{},"timestamp":1780312245104}
{"sessionId":"0d0cc8","hypothesisId":"B","location":"StatisticsUiHelper.ApplyPremiumGridStyle","message":"ok","data":{"grid":"","colCount":3},"timestamp":1780312245221}
{"sessionId":"0d0cc8","hypothesisId":"B","location":"StatisticsUiHelper.ApplyPremiumGridStyle","message":"ok","data":{"grid":"","colCount":6},"timestamp":1780312245226}
{"sessionId":"0d0cc8","hypothesisId":"B","location":"StatisticsUiHelper.ApplyPremiumGridStyle","message":"ok","data":{"grid":"","colCount":6},"timestamp":1780312245230}
{"sessionId":"0d0cc8","hypothesisId":"B","location":"StatisticsUiHelper.ApplyPremiumGridStyle","message":"ok","data":{"grid":"","colCount":8},"timestamp":1780312245237}
{"sessionId":"0d0cc8","hypothesisId":"B","location":"StatisticsUiHelper.ApplyPremiumGridStyle","message":"ok","data":{"grid":"","colCount":7},"timestamp":1780312245277}
{"sessionId":"0d0cc8","hypothesisId":"B","location":"StatisticsUiHelper.ApplyPremiumGridStyle","message":"ok","data":{"grid":"dgvByClient","colCount":13},"timestamp":1780312245281}
{"sessionId":"0d0cc8","hypothesisId":"A","location":"StatisticsUiHelper.OnStatisticsTabDrawItem","message":"draw","data":{"index":0,"bw":124,"bh":30,"tabW":1689,"selected":false},"timestamp":1780312245293}
{"sessionId":"0d0cc8","hypothesisId":"A","location":"StatisticsUiHelper.OnStatisticsTabDrawItem","message":"draw","data":{"index":1,"bw":124,"bh":30,"tabW":1689,"selected":false},"timestamp":1780312245296}
{"sessionId":"0d0cc8","hypothesisId":"A","location":"StatisticsUiHelper.OnStatisticsTabDrawItem","message":"draw","data":{"index":2,"bw":124,"bh":30,"tabW":1689,"selected":false},"timestamp":1780312245297}
{"sessionId":"0d0cc8","hypothesisId":"A","location":"StatisticsUiHelper.OnStatisticsTabDrawItem","message":"draw","data":{"index":4,"bw":124,"bh":30,"tabW":1689,"selected":false},"timestamp":1780312245300}
{"sessionId":"0d0cc8","hypothesisId":"A","location":"StatisticsUiHelper.OnStatisticsTabDrawItem","message":"draw","data":{"index":5,"bw":124,"bh":30,"tabW":1689,"selected":false},"timestamp":1780312245303}
{"sessionId":"0d0cc8","hypothesisId":"A","location":"StatisticsUiHelper.OnStatisticsTabDrawItem","message":"draw","data":{"index":3,"bw":132,"bh":36,"tabW":1689,"selected":true},"timestamp":1780312245305}
{"sessionId":"0d0cc8","hypothesisId":"A","location":"StatisticsUiHelper.OnStatisticsTabDrawItem","message":"draw","data":{"index":2,"bw":124,"bh":30,"tabW":1689,"selected":false},"timestamp":1780312248776}
{"sessionId":"0d0cc8","hypothesisId":"A","location":"StatisticsUiHelper.OnStatisticsTabDrawItem","message":"draw","data":{"index":3,"bw":124,"bh":30,"tabW":1689,"selected":false},"timestamp":1780312248781}
{"sessionId":"0d0cc8","hypothesisId":"A","location":"StatisticsUiHelper.OnStatisticsTabDrawItem","message":"draw","data":{"index":4,"bw":124,"bh":30,"tabW":1689,"selected":false},"timestamp":1780312248783}
{"sessionId":"0d0cc8","hypothesisId":"A","location":"StatisticsUiHelper.OnStatisticsTabDrawItem","message":"draw","data":{"index":2,"bw":124,"bh":30,"tabW":1689,"selected":false},"timestamp":1780312248785}
{"sessionId":"0d0cc8","hypothesisId":"A","location":"StatisticsUiHelper.OnStatisticsTabDrawItem","message":"draw","data":{"index":3,"bw":124,"bh":30,"tabW":1689,"selected":false},"timestamp":1780312248788}
{"sessionId":"0d0cc8","hypothesisId":"A","location":"StatisticsUiHelper.OnStatisticsTabDrawItem","message":"draw","data":{"index":4,"bw":124,"bh":30,"tabW":1689,"selected":false},"timestamp":1780312248790}
{"sessionId":"0d0cc8","hypothesisId":"A","location":"StatisticsUiHelper.OnStatisticsTabDrawItem","message":"draw","data":{"index":5,"bw":132,"bh":36,"tabW":1689,"selected":true},"timestamp":1780312248792}
{"sessionId":"0d0cc8","hypothesisId":"A","location":"StatisticsUiHelper.OnStatisticsTabDrawItem","message":"draw","data":{"index":3,"bw":124,"bh":30,"tabW":1689,"selected":false},"timestamp":1780312249279}
{"sessionId":"0d0cc8","hypothesisId":"A","location":"StatisticsUiHelper.OnStatisticsTabDrawItem","message":"draw","data":{"index":5,"bw":124,"bh":30,"tabW":1689,"selected":false},"timestamp":1780312249284}
{"sessionId":"0d0cc8","hypothesisId":"A","location":"StatisticsUiHelper.OnStatisticsTabDrawItem","message":"draw","data":{"index":4,"bw":132,"bh":36,"tabW":1689,"selected":true},"timestamp":1780312249286}
{"sessionId":"0d0cc8","hypothesisId":"A","location":"StatisticsUiHelper.OnStatisticsTabDrawItem","message":"draw","data":{"index":1,"bw":124,"bh":30,"tabW":1689,"selected":false},"timestamp":1780312250224}
{"sessionId":"0d0cc8","hypothesisId":"A","location":"StatisticsUiHelper.OnStatisticsTabDrawItem","message":"draw","data":{"index":2,"bw":124,"bh":30,"tabW":1689,"selected":false},"timestamp":1780312250229}
{"sessionId":"0d0cc8","hypothesisId":"A","location":"StatisticsUiHelper.OnStatisticsTabDrawItem","message":"draw","data":{"index":3,"bw":124,"bh":30,"tabW":1689,"selected":false},"timestamp":1780312250231}
{"sessionId":"0d0cc8","hypothesisId":"A","location":"StatisticsUiHelper.OnStatisticsTabDrawItem","message":"draw","data":{"index":4,"bw":124,"bh":30,"tabW":1689,"selected":false},"timestamp":1780312250235}
{"sessionId":"0d0cc8","hypothesisId":"A","location":"StatisticsUiHelper.OnStatisticsTabDrawItem","message":"draw","data":{"index":5,"bw":124,"bh":30,"tabW":1689,"selected":false},"timestamp":1780312250238}
{"sessionId":"0d0cc8","hypothesisId":"A","location":"StatisticsUiHelper.OnStatisticsTabDrawItem","message":"draw","data":{"index":0,"bw":132,"bh":36,"tabW":1689,"selected":true},"timestamp":1780312250241}
{"sessionId":"0d0cc8","hypothesisId":"B","location":"StatisticsUiHelper.ApplyPremiumGridStyle","message":"ok","data":{"grid":"","colCount":0},"timestamp":1780312367217}
{"sessionId":"0d0cc8","hypothesisId":"B","location":"StatisticsUiHelper.ApplyPremiumGridStyle","message":"ok","data":{"grid":"","colCount":0},"timestamp":1780312378703}
{"sessionId":"0d0cc8","hypothesisId":"B","location":"StatisticsUiHelper.ApplyPremiumGridStyle","message":"ok","data":{"grid":"","colCount":0},"timestamp":1780312381167}
{"sessionId":"0d0cc8","hypothesisId":"B","location":"StatisticsUiHelper.ApplyPremiumGridStyle","message":"ok","data":{"grid":"","colCount":0},"timestamp":1780312391326}
{"sessionId":"0d0cc8","hypothesisId":"B","location":"StatisticsUiHelper.ApplyPremiumGridStyle","message":"ok","data":{"grid":"","colCount":0},"timestamp":1780312398959}
{"sessionId":"0d0cc8","hypothesisId":"B","location":"StatisticsUiHelper.ApplyPremiumGridStyle","message":"ok","data":{"grid":"","colCount":0},"timestamp":1780312402180}
{"sessionId":"0d0cc8","hypothesisId":"C","location":"StatisticsForm.InitializeForm","message":"start","data":{},"timestamp":1780312409064}
{"sessionId":"0d0cc8","hypothesisId":"C","location":"StatisticsForm.InitializeForm","message":"afterPopulate","data":{"tabCount":6},"timestamp":1780312409074}
{"sessionId":"0d0cc8","hypothesisId":"C","location":"StatisticsForm.InitializeForm","message":"afterChrome","data":{},"timestamp":1780312409076}
{"sessionId":"0d0cc8","hypothesisId":"B","location":"StatisticsUiHelper.ApplyPremiumGridStyle","message":"ok","data":{"grid":"","colCount":3},"timestamp":1780312409079}
{"sessionId":"0d0cc8","hypothesisId":"B","location":"StatisticsUiHelper.ApplyPremiumGridStyle","message":"ok","data":{"grid":"","colCount":6},"timestamp":1780312409081}
{"sessionId":"0d0cc8","hypothesisId":"B","location":"StatisticsUiHelper.ApplyPremiumGridStyle","message":"ok","data":{"grid":"","colCount":6},"timestamp":1780312409084}
{"sessionId":"0d0cc8","hypothesisId":"B","location":"StatisticsUiHelper.ApplyPremiumGridStyle","message":"ok","data":{"grid":"","colCount":8},"timestamp":1780312409086}
{"sessionId":"0d0cc8","hypothesisId":"B","location":"StatisticsUiHelper.ApplyPremiumGridStyle","message":"ok","data":{"grid":"","colCount":7},"timestamp":1780312409087}
{"sessionId":"0d0cc8","hypothesisId":"B","location":"StatisticsUiHelper.ApplyPremiumGridStyle","message":"ok","data":{"grid":"dgvByClient","colCount":13},"timestamp":1780312409092}
{"sessionId":"0d0cc8","hypothesisId":"B","location":"StatisticsUiHelper.ApplyPremiumGridStyle","message":"ok","data":{"grid":"dgvByClient","colCount":13},"timestamp":1780312409093}
{"sessionId":"0d0cc8","hypothesisId":"C","location":"StatisticsForm.InitializeForm","message":"afterGridStyles","data":{"runId":"post-fix"},"timestamp":1780312409094}
{"sessionId":"0d0cc8","hypothesisId":"C","location":"StatisticsForm.InitializeForm","message":"complete","data":{},"timestamp":1780312409096}
{"sessionId":"0d0cc8","hypothesisId":"B","location":"StatisticsUiHelper.ApplyPremiumGridStyle","message":"ok","data":{"grid":"","colCount":3},"timestamp":1780312409224}
{"sessionId":"0d0cc8","hypothesisId":"B","location":"StatisticsUiHelper.ApplyPremiumGridStyle","message":"ok","data":{"grid":"","colCount":6},"timestamp":1780312409231}
{"sessionId":"0d0cc8","hypothesisId":"B","location":"StatisticsUiHelper.ApplyPremiumGridStyle","message":"ok","data":{"grid":"","colCount":6},"timestamp":1780312409235}
{"sessionId":"0d0cc8","hypothesisId":"B","location":"StatisticsUiHelper.ApplyPremiumGridStyle","message":"ok","data":{"grid":"","colCount":8},"timestamp":1780312409242}
{"sessionId":"0d0cc8","hypothesisId":"B","location":"StatisticsUiHelper.ApplyPremiumGridStyle","message":"ok","data":{"grid":"","colCount":7},"timestamp":1780312409279}
{"sessionId":"0d0cc8","hypothesisId":"B","location":"StatisticsUiHelper.ApplyPremiumGridStyle","message":"ok","data":{"grid":"dgvByClient","colCount":13},"timestamp":1780312409286}
{"sessionId":"0d0cc8","hypothesisId":"A","location":"StatisticsUiHelper.OnStatisticsTabDrawItem","message":"draw","data":{"index":0,"bw":124,"bh":30,"tabW":1689,"selected":false},"timestamp":1780312409299}
{"sessionId":"0d0cc8","hypothesisId":"A","location":"StatisticsUiHelper.OnStatisticsTabDrawItem","message":"draw","data":{"index":1,"bw":124,"bh":30,"tabW":1689,"selected":false},"timestamp":1780312409305}
{"sessionId":"0d0cc8","hypothesisId":"A","location":"StatisticsUiHelper.OnStatisticsTabDrawItem","message":"draw","data":{"index":2,"bw":124,"bh":30,"tabW":1689,"selected":false},"timestamp":1780312409307}
{"sessionId":"0d0cc8","hypothesisId":"A","location":"StatisticsUiHelper.OnStatisticsTabDrawItem","message":"draw","data":{"index":4,"bw":124,"bh":30,"tabW":1689,"selected":false},"timestamp":1780312409308}
{"sessionId":"0d0cc8","hypothesisId":"A","location":"StatisticsUiHelper.OnStatisticsTabDrawItem","message":"draw","data":{"index":5,"bw":124,"bh":30,"tabW":1689,"selected":false},"timestamp":1780312409310}
{"sessionId":"0d0cc8","hypothesisId":"A","location":"StatisticsUiHelper.OnStatisticsTabDrawItem","message":"draw","data":{"index":3,"bw":132,"bh":36,"tabW":1689,"selected":true},"timestamp":1780312409312}
{"sessionId":"0d0cc8","hypothesisId":"A","location":"StatisticsUiHelper.OnStatisticsTabDrawItem","message":"draw","data":{"index":2,"bw":124,"bh":30,"tabW":1689,"selected":false},"timestamp":1780312410674}
{"sessionId":"0d0cc8","hypothesisId":"A","location":"StatisticsUiHelper.OnStatisticsTabDrawItem","message":"draw","data":{"index":3,"bw":124,"bh":30,"tabW":1689,"selected":false},"timestamp":1780312410678}
{"sessionId":"0d0cc8","hypothesisId":"A","location":"StatisticsUiHelper.OnStatisticsTabDrawItem","message":"draw","data":{"index":4,"bw":124,"bh":30,"tabW":1689,"selected":false},"timestamp":1780312410680}
{"sessionId":"0d0cc8","hypothesisId":"A","location":"StatisticsUiHelper.OnStatisticsTabDrawItem","message":"draw","data":{"index":1,"bw":124,"bh":30,"tabW":1689,"selected":false},"timestamp":1780312410683}
{"sessionId":"0d0cc8","hypothesisId":"A","location":"StatisticsUiHelper.OnStatisticsTabDrawItem","message":"draw","data":{"index":2,"bw":124,"bh":30,"tabW":1689,"selected":false},"timestamp":1780312410685}
{"sessionId":"0d0cc8","hypothesisId":"A","location":"StatisticsUiHelper.OnStatisticsTabDrawItem","message":"draw","data":{"index":3,"bw":124,"bh":30,"tabW":1689,"selected":false},"timestamp":1780312410688}
{"sessionId":"0d0cc8","hypothesisId":"A","location":"StatisticsUiHelper.OnStatisticsTabDrawItem","message":"draw","data":{"index":4,"bw":124,"bh":30,"tabW":1689,"selected":false},"timestamp":1780312410690}
{"sessionId":"0d0cc8","hypothesisId":"A","location":"StatisticsUiHelper.OnStatisticsTabDrawItem","message":"draw","data":{"index":0,"bw":132,"bh":36,"tabW":1689,"selected":true},"timestamp":1780312410691}
{"sessionId":"0d0cc8","hypothesisId":"A","location":"StatisticsUiHelper.OnStatisticsTabDrawItem","message":"draw","data":{"index":0,"bw":124,"bh":30,"tabW":1689,"selected":false},"timestamp":1780312411257}
{"sessionId":"0d0cc8","hypothesisId":"A","location":"StatisticsUiHelper.OnStatisticsTabDrawItem","message":"draw","data":{"index":2,"bw":124,"bh":30,"tabW":1689,"selected":false},"timestamp":1780312411260}
{"sessionId":"0d0cc8","hypothesisId":"A","location":"StatisticsUiHelper.OnStatisticsTabDrawItem","message":"draw","data":{"index":1,"bw":132,"bh":36,"tabW":1689,"selected":true},"timestamp":1780312411262}
{"sessionId":"0d0cc8","hypothesisId":"A","location":"StatisticsUiHelper.OnStatisticsTabDrawItem","message":"draw","data":{"index":0,"bw":124,"bh":30,"tabW":1689,"selected":false},"timestamp":1780312411606}
{"sessionId":"0d0cc8","hypothesisId":"A","location":"StatisticsUiHelper.OnStatisticsTabDrawItem","message":"draw","data":{"index":1,"bw":124,"bh":30,"tabW":1689,"selected":false},"timestamp":1780312411609}
{"sessionId":"0d0cc8","hypothesisId":"A","location":"StatisticsUiHelper.OnStatisticsTabDrawItem","message":"draw","data":{"index":3,"bw":124,"bh":30,"tabW":1689,"selected":false},"timestamp":1780312411611}
{"sessionId":"0d0cc8","hypothesisId":"A","location":"StatisticsUiHelper.OnStatisticsTabDrawItem","message":"draw","data":{"index":2,"bw":132,"bh":36,"tabW":1689,"selected":true},"timestamp":1780312411616}
{"sessionId":"0d0cc8","hypothesisId":"A","location":"StatisticsUiHelper.OnStatisticsTabDrawItem","message":"draw","data":{"index":1,"bw":124,"bh":30,"tabW":1689,"selected":false},"timestamp":1780312412045}
{"sessionId":"0d0cc8","hypothesisId":"A","location":"StatisticsUiHelper.OnStatisticsTabDrawItem","message":"draw","data":{"index":2,"bw":124,"bh":30,"tabW":1689,"selected":false},"timestamp":1780312412048}
{"sessionId":"0d0cc8","hypothesisId":"A","location":"StatisticsUiHelper.OnStatisticsTabDrawItem","message":"draw","data":{"index":4,"bw":124,"bh":30,"tabW":1689,"selected":false},"timestamp":1780312412050}
{"sessionId":"0d0cc8","hypothesisId":"A","location":"StatisticsUiHelper.OnStatisticsTabDrawItem","message":"draw","data":{"index":3,"bw":132,"bh":36,"tabW":1689,"selected":true},"timestamp":1780312412052}
{"sessionId":"0d0cc8","hypothesisId":"A","location":"StatisticsUiHelper.OnStatisticsTabDrawItem","message":"draw","data":{"index":2,"bw":124,"bh":30,"tabW":1689,"selected":false},"timestamp":1780312413080}
{"sessionId":"0d0cc8","hypothesisId":"A","location":"StatisticsUiHelper.OnStatisticsTabDrawItem","message":"draw","data":{"index":3,"bw":124,"bh":30,"tabW":1689,"selected":false},"timestamp":1780312413083}
{"sessionId":"0d0cc8","hypothesisId":"A","location":"StatisticsUiHelper.OnStatisticsTabDrawItem","message":"draw","data":{"index":5,"bw":124,"bh":30,"tabW":1689,"selected":false},"timestamp":1780312413086}
{"sessionId":"0d0cc8","hypothesisId":"A","location":"StatisticsUiHelper.OnStatisticsTabDrawItem","message":"draw","data":{"index":4,"bw":132,"bh":36,"tabW":1689,"selected":true},"timestamp":1780312413088}
{"sessionId":"0d0cc8","hypothesisId":"A","location":"StatisticsUiHelper.OnStatisticsTabDrawItem","message":"draw","data":{"index":3,"bw":124,"bh":30,"tabW":1689,"selected":false},"timestamp":1780312413981}
{"sessionId":"0d0cc8","hypothesisId":"A","location":"StatisticsUiHelper.OnStatisticsTabDrawItem","message":"draw","data":{"index":4,"bw":124,"bh":30,"tabW":1689,"selected":false},"timestamp":1780312413985}
{"sessionId":"0d0cc8","hypothesisId":"A","location":"StatisticsUiHelper.OnStatisticsTabDrawItem","message":"draw","data":{"index":5,"bw":132,"bh":36,"tabW":1689,"selected":true},"timestamp":1780312413987}
{"sessionId":"0d0cc8","hypothesisId":"B","location":"StatisticsUiHelper.ApplyPremiumGridStyle","message":"ok","data":{"grid":"","colCount":0},"timestamp":1780312494421}
{"sessionId":"0d0cc8","hypothesisId":"B","location":"StatisticsUiHelper.ApplyPremiumGridStyle","message":"ok","data":{"grid":"","colCount":0},"timestamp":1780312502453}
{"sessionId":"0d0cc8","hypothesisId":"B","location":"StatisticsUiHelper.ApplyPremiumGridStyle","message":"ok","data":{"grid":"","colCount":0},"timestamp":1780312607088}
{"sessionId":"0d0cc8","hypothesisId":"B","location":"StatisticsUiHelper.ApplyPremiumGridStyle","message":"ok","data":{"grid":"","colCount":0},"timestamp":1780312611072}
{"sessionId":"0d0cc8","hypothesisId":"B","location":"StatisticsUiHelper.ApplyPremiumGridStyle","message":"ok","data":{"grid":"","colCount":0},"timestamp":1780312613188}
{"sessionId":"0d0cc8","hypothesisId":"B","location":"StatisticsUiHelper.ApplyPremiumGridStyle","message":"ok","data":{"grid":"","colCount":0},"timestamp":1780312788326}
{"sessionId":"0d0cc8","hypothesisId":"B","location":"StatisticsUiHelper.ApplyPremiumGridStyle","message":"ok","data":{"grid":"","colCount":0},"timestamp":1780312792040}
{"sessionId":"0d0cc8","hypothesisId":"B","location":"StatisticsUiHelper.ApplyPremiumGridStyle","message":"ok","data":{"grid":"","colCount":0},"timestamp":1780312796096}
{"sessionId":"0d0cc8","hypothesisId":"B","location":"StatisticsUiHelper.ApplyPremiumGridStyle","message":"ok","data":{"grid":"","colCount":0},"timestamp":1780312798656}
{"sessionId":"0d0cc8","hypothesisId":"B","location":"StatisticsUiHelper.ApplyPremiumGridStyle","message":"ok","data":{"grid":"","colCount":0},"timestamp":1780312819574}
{"sessionId":"0d0cc8","hypothesisId":"B","location":"StatisticsUiHelper.ApplyPremiumGridStyle","message":"ok","data":{"grid":"","colCount":0},"timestamp":1780312825291}
{"sessionId":"0d0cc8","hypothesisId":"B","location":"StatisticsUiHelper.ApplyPremiumGridStyle","message":"ok","data":{"grid":"","colCount":0},"timestamp":1780312842570}
{"sessionId":"0d0cc8","hypothesisId":"B","location":"StatisticsUiHelper.ApplyPremiumGridStyle","message":"ok","data":{"grid":"","colCount":0},"timestamp":1780312844286}
{"sessionId":"0d0cc8","hypothesisId":"B","location":"StatisticsUiHelper.ApplyPremiumGridStyle","message":"ok","data":{"grid":"","colCount":0},"timestamp":1780312860160}
{"sessionId":"0d0cc8","hypothesisId":"B","location":"StatisticsUiHelper.ApplyPremiumGridStyle","message":"ok","data":{"grid":"","colCount":0},"timestamp":1780313079893}
{"sessionId":"0d0cc8","hypothesisId":"B","location":"StatisticsUiHelper.ApplyPremiumGridStyle","message":"ok","data":{"grid":"","colCount":0},"timestamp":1780313083597}
{"sessionId":"0d0cc8","hypothesisId":"B","location":"StatisticsUiHelper.ApplyPremiumGridStyle","message":"ok","data":{"grid":"","colCount":0},"timestamp":1780313085126}
{"sessionId":"0d0cc8","hypothesisId":"B","location":"StatisticsUiHelper.ApplyPremiumGridStyle","message":"ok","data":{"grid":"","colCount":0},"timestamp":1780313088071}
{"sessionId":"0d0cc8","hypothesisId":"C","location":"StatisticsForm.InitializeForm","message":"start","data":{},"timestamp":1780313094867}
{"sessionId":"0d0cc8","hypothesisId":"C","location":"StatisticsForm.InitializeForm","message":"afterPopulate","data":{"tabCount":6},"timestamp":1780313094889}
{"sessionId":"0d0cc8","hypothesisId":"C","location":"StatisticsForm.InitializeForm","message":"afterChrome","data":{},"timestamp":1780313094891}
{"sessionId":"0d0cc8","hypothesisId":"B","location":"StatisticsUiHelper.ApplyPremiumGridStyle","message":"ok","data":{"grid":"","colCount":3},"timestamp":1780313094895}
{"sessionId":"0d0cc8","hypothesisId":"B","location":"StatisticsUiHelper.ApplyPremiumGridStyle","message":"ok","data":{"grid":"","colCount":6},"timestamp":1780313094896}
{"sessionId":"0d0cc8","hypothesisId":"B","location":"StatisticsUiHelper.ApplyPremiumGridStyle","message":"ok","data":{"grid":"","colCount":6},"timestamp":1780313094897}
{"sessionId":"0d0cc8","hypothesisId":"B","location":"StatisticsUiHelper.ApplyPremiumGridStyle","message":"ok","data":{"grid":"","colCount":8},"timestamp":1780313094898}
{"sessionId":"0d0cc8","hypothesisId":"B","location":"StatisticsUiHelper.ApplyPremiumGridStyle","message":"ok","data":{"grid":"","colCount":7},"timestamp":1780313094901}
{"sessionId":"0d0cc8","hypothesisId":"B","location":"StatisticsUiHelper.ApplyPremiumGridStyle","message":"ok","data":{"grid":"dgvByClient","colCount":13},"timestamp":1780313094906}
{"sessionId":"0d0cc8","hypothesisId":"B","location":"StatisticsUiHelper.ApplyPremiumGridStyle","message":"ok","data":{"grid":"dgvByClient","colCount":13},"timestamp":1780313094907}
{"sessionId":"0d0cc8","hypothesisId":"C","location":"StatisticsForm.InitializeForm","message":"afterGridStyles","data":{"runId":"post-fix"},"timestamp":1780313094907}
{"sessionId":"0d0cc8","hypothesisId":"C","location":"StatisticsForm.InitializeForm","message":"complete","data":{},"timestamp":1780313094909}
{"sessionId":"0d0cc8","hypothesisId":"B","location":"StatisticsUiHelper.ApplyPremiumGridStyle","message":"ok","data":{"grid":"","colCount":3},"timestamp":1780313095015}
{"sessionId":"0d0cc8","hypothesisId":"B","location":"StatisticsUiHelper.ApplyPremiumGridStyle","message":"ok","data":{"grid":"","colCount":6},"timestamp":1780313095018}
{"sessionId":"0d0cc8","hypothesisId":"B","location":"StatisticsUiHelper.ApplyPremiumGridStyle","message":"ok","data":{"grid":"","colCount":6},"timestamp":1780313095023}
{"sessionId":"0d0cc8","hypothesisId":"B","location":"StatisticsUiHelper.ApplyPremiumGridStyle","message":"ok","data":{"grid":"","colCount":8},"timestamp":1780313095030}
{"sessionId":"0d0cc8","hypothesisId":"B","location":"StatisticsUiHelper.ApplyPremiumGridStyle","message":"ok","data":{"grid":"","colCount":7},"timestamp":1780313095096}
{"sessionId":"0d0cc8","hypothesisId":"B","location":"StatisticsUiHelper.ApplyPremiumGridStyle","message":"ok","data":{"grid":"dgvByClient","colCount":13},"timestamp":1780313095106}
{"sessionId":"0d0cc8","hypothesisId":"A","location":"StatisticsUiHelper.OnStatisticsTabDrawItem","message":"draw","data":{"index":0,"bw":124,"bh":30,"tabW":1689,"selected":false},"timestamp":1780313095124}
{"sessionId":"0d0cc8","hypothesisId":"A","location":"StatisticsUiHelper.OnStatisticsTabDrawItem","message":"draw","data":{"index":1,"bw":124,"bh":30,"tabW":1689,"selected":false},"timestamp":1780313095133}
{"sessionId":"0d0cc8","hypothesisId":"A","location":"StatisticsUiHelper.OnStatisticsTabDrawItem","message":"draw","data":{"index":2,"bw":124,"bh":30,"tabW":1689,"selected":false},"timestamp":1780313095136}
{"sessionId":"0d0cc8","hypothesisId":"A","location":"StatisticsUiHelper.OnStatisticsTabDrawItem","message":"draw","data":{"index":4,"bw":124,"bh":30,"tabW":1689,"selected":false},"timestamp":1780313095138}
{"sessionId":"0d0cc8","hypothesisId":"A","location":"StatisticsUiHelper.OnStatisticsTabDrawItem","message":"draw","data":{"index":5,"bw":124,"bh":30,"tabW":1689,"selected":false},"timestamp":1780313095140}
{"sessionId":"0d0cc8","hypothesisId":"A","location":"StatisticsUiHelper.OnStatisticsTabDrawItem","message":"draw","data":{"index":3,"bw":132,"bh":36,"tabW":1689,"selected":true},"timestamp":1780313095142}
{"sessionId":"0d0cc8","hypothesisId":"A","location":"StatisticsUiHelper.OnStatisticsTabDrawItem","message":"draw","data":{"index":2,"bw":124,"bh":30,"tabW":1689,"selected":false},"timestamp":1780313096386}
{"sessionId":"0d0cc8","hypothesisId":"A","location":"StatisticsUiHelper.OnStatisticsTabDrawItem","message":"draw","data":{"index":3,"bw":124,"bh":30,"tabW":1689,"selected":false},"timestamp":1780313096388}
{"sessionId":"0d0cc8","hypothesisId":"A","location":"StatisticsUiHelper.OnStatisticsTabDrawItem","message":"draw","data":{"index":4,"bw":124,"bh":30,"tabW":1689,"selected":false},"timestamp":1780313096391}
{"sessionId":"0d0cc8","hypothesisId":"A","location":"StatisticsUiHelper.OnStatisticsTabDrawItem","message":"draw","data":{"index":2,"bw":124,"bh":30,"tabW":1689,"selected":false},"timestamp":1780313096392}
{"sessionId":"0d0cc8","hypothesisId":"A","location":"StatisticsUiHelper.OnStatisticsTabDrawItem","message":"draw","data":{"index":3,"bw":124,"bh":30,"tabW":1689,"selected":false},"timestamp":1780313096394}
{"sessionId":"0d0cc8","hypothesisId":"A","location":"StatisticsUiHelper.OnStatisticsTabDrawItem","message":"draw","data":{"index":4,"bw":124,"bh":30,"tabW":1689,"selected":false},"timestamp":1780313096397}
{"sessionId":"0d0cc8","hypothesisId":"A","location":"StatisticsUiHelper.OnStatisticsTabDrawItem","message":"draw","data":{"index":5,"bw":132,"bh":36,"tabW":1689,"selected":true},"timestamp":1780313096398}
{"sessionId":"0d0cc8","hypothesisId":"A","location":"StatisticsUiHelper.OnStatisticsTabDrawItem","message":"draw","data":{"index":3,"bw":124,"bh":30,"tabW":1689,"selected":false},"timestamp":1780313096800}
{"sessionId":"0d0cc8","hypothesisId":"A","location":"StatisticsUiHelper.OnStatisticsTabDrawItem","message":"draw","data":{"index":5,"bw":124,"bh":30,"tabW":1689,"selected":false},"timestamp":1780313096804}
{"sessionId":"0d0cc8","hypothesisId":"A","location":"StatisticsUiHelper.OnStatisticsTabDrawItem","message":"draw","data":{"index":4,"bw":132,"bh":36,"tabW":1689,"selected":true},"timestamp":1780313096806}
{"sessionId":"0d0cc8","hypothesisId":"A","location":"StatisticsUiHelper.OnStatisticsTabDrawItem","message":"draw","data":{"index":2,"bw":124,"bh":30,"tabW":1689,"selected":false},"timestamp":1780313097745}
{"sessionId":"0d0cc8","hypothesisId":"A","location":"StatisticsUiHelper.OnStatisticsTabDrawItem","message":"draw","data":{"index":4,"bw":124,"bh":30,"tabW":1689,"selected":false},"timestamp":1780313097751}
{"sessionId":"0d0cc8","hypothesisId":"A","location":"StatisticsUiHelper.OnStatisticsTabDrawItem","message":"draw","data":{"index":5,"bw":124,"bh":30,"tabW":1689,"selected":false},"timestamp":1780313097753}
{"sessionId":"0d0cc8","hypothesisId":"A","location":"StatisticsUiHelper.OnStatisticsTabDrawItem","message":"draw","data":{"index":3,"bw":132,"bh":36,"tabW":1689,"selected":true},"timestamp":1780313097755}
{"sessionId":"0d0cc8","hypothesisId":"B","location":"StatisticsUiHelper.ApplyPremiumGridStyle","message":"ok","data":{"grid":"","colCount":0},"timestamp":1780313105228}
{"sessionId":"0d0cc8","hypothesisId":"C","location":"StatisticsForm.InitializeForm","message":"start","data":{},"timestamp":1780313107894}
{"sessionId":"0d0cc8","hypothesisId":"C","location":"StatisticsForm.InitializeForm","message":"afterPopulate","data":{"tabCount":6},"timestamp":1780313107905}
{"sessionId":"0d0cc8","hypothesisId":"C","location":"StatisticsForm.InitializeForm","message":"afterChrome","data":{},"timestamp":1780313107907}
{"sessionId":"0d0cc8","hypothesisId":"B","location":"StatisticsUiHelper.ApplyPremiumGridStyle","message":"ok","data":{"grid":"","colCount":3},"timestamp":1780313107912}
{"sessionId":"0d0cc8","hypothesisId":"B","location":"StatisticsUiHelper.ApplyPremiumGridStyle","message":"ok","data":{"grid":"","colCount":6},"timestamp":1780313107914}
{"sessionId":"0d0cc8","hypothesisId":"B","location":"StatisticsUiHelper.ApplyPremiumGridStyle","message":"ok","data":{"grid":"","colCount":6},"timestamp":1780313107915}
{"sessionId":"0d0cc8","hypothesisId":"B","location":"StatisticsUiHelper.ApplyPremiumGridStyle","message":"ok","data":{"grid":"","colCount":8},"timestamp":1780313107917}
{"sessionId":"0d0cc8","hypothesisId":"B","location":"StatisticsUiHelper.ApplyPremiumGridStyle","message":"ok","data":{"grid":"","colCount":7},"timestamp":1780313107918}
{"sessionId":"0d0cc8","hypothesisId":"B","location":"StatisticsUiHelper.ApplyPremiumGridStyle","message":"ok","data":{"grid":"dgvByClient","colCount":13},"timestamp":1780313107923}
{"sessionId":"0d0cc8","hypothesisId":"B","location":"StatisticsUiHelper.ApplyPremiumGridStyle","message":"ok","data":{"grid":"dgvByClient","colCount":13},"timestamp":1780313107925}
{"sessionId":"0d0cc8","hypothesisId":"C","location":"StatisticsForm.InitializeForm","message":"afterGridStyles","data":{"runId":"post-fix"},"timestamp":1780313107927}
{"sessionId":"0d0cc8","hypothesisId":"C","location":"StatisticsForm.InitializeForm","message":"complete","data":{},"timestamp":1780313107929}
{"sessionId":"0d0cc8","hypothesisId":"B","location":"StatisticsUiHelper.ApplyPremiumGridStyle","message":"ok","data":{"grid":"","colCount":3},"timestamp":1780313108087}
{"sessionId":"0d0cc8","hypothesisId":"B","location":"StatisticsUiHelper.ApplyPremiumGridStyle","message":"ok","data":{"grid":"","colCount":6},"timestamp":1780313108099}
{"sessionId":"0d0cc8","hypothesisId":"B","location":"StatisticsUiHelper.ApplyPremiumGridStyle","message":"ok","data":{"grid":"","colCount":6},"timestamp":1780313108106}
{"sessionId":"0d0cc8","hypothesisId":"B","location":"StatisticsUiHelper.ApplyPremiumGridStyle","message":"ok","data":{"grid":"","colCount":8},"timestamp":1780313108116}
{"sessionId":"0d0cc8","hypothesisId":"B","location":"StatisticsUiHelper.ApplyPremiumGridStyle","message":"ok","data":{"grid":"","colCount":7},"timestamp":1780313108203}
{"sessionId":"0d0cc8","hypothesisId":"B","location":"StatisticsUiHelper.ApplyPremiumGridStyle","message":"ok","data":{"grid":"dgvByClient","colCount":13},"timestamp":1780313108212}
{"sessionId":"0d0cc8","hypothesisId":"A","location":"StatisticsUiHelper.OnStatisticsTabDrawItem","message":"draw","data":{"index":0,"bw":124,"bh":30,"tabW":1689,"selected":false},"timestamp":1780313108230}
{"sessionId":"0d0cc8","hypothesisId":"A","location":"StatisticsUiHelper.OnStatisticsTabDrawItem","message":"draw","data":{"index":1,"bw":124,"bh":30,"tabW":1689,"selected":false},"timestamp":1780313108237}
{"sessionId":"0d0cc8","hypothesisId":"A","location":"StatisticsUiHelper.OnStatisticsTabDrawItem","message":"draw","data":{"index":2,"bw":124,"bh":30,"tabW":1689,"selected":false},"timestamp":1780313108240}
{"sessionId":"0d0cc8","hypothesisId":"A","location":"StatisticsUiHelper.OnStatisticsTabDrawItem","message":"draw","data":{"index":4,"bw":124,"bh":30,"tabW":1689,"selected":false},"timestamp":1780313108243}
{"sessionId":"0d0cc8","hypothesisId":"A","location":"StatisticsUiHelper.OnStatisticsTabDrawItem","message":"draw","data":{"index":5,"bw":124,"bh":30,"tabW":1689,"selected":false},"timestamp":1780313108247}
{"sessionId":"0d0cc8","hypothesisId":"A","location":"StatisticsUiHelper.OnStatisticsTabDrawItem","message":"draw","data":{"index":3,"bw":132,"bh":36,"tabW":1689,"selected":true},"timestamp":1780313108255}
{"sessionId":"0d0cc8","hypothesisId":"B","location":"StatisticsUiHelper.ApplyPremiumGridStyle","message":"ok","data":{"grid":"","colCount":0},"timestamp":1780313173382}
{"sessionId":"0d0cc8","hypothesisId":"B","location":"StatisticsUiHelper.ApplyPremiumGridStyle","message":"ok","data":{"grid":"","colCount":0},"timestamp":1780313175710}
{"sessionId":"0d0cc8","hypothesisId":"B","location":"StatisticsUiHelper.ApplyPremiumGridStyle","message":"ok","data":{"grid":"","colCount":0},"timestamp":1780313198104}
{"sessionId":"0d0cc8","hypothesisId":"B","location":"StatisticsUiHelper.ApplyPremiumGridStyle","message":"ok","data":{"grid":"","colCount":0},"timestamp":1780313200561}
{"sessionId":"0d0cc8","hypothesisId":"B","location":"StatisticsUiHelper.ApplyPremiumGridStyle","message":"ok","data":{"grid":"","colCount":0},"timestamp":1780313202688}
{"sessionId":"0d0cc8","hypothesisId":"B","location":"StatisticsUiHelper.ApplyPremiumGridStyle","message":"ok","data":{"grid":"","colCount":0},"timestamp":1780313210045}
{"sessionId":"0d0cc8","hypothesisId":"B","location":"StatisticsUiHelper.ApplyPremiumGridStyle","message":"ok","data":{"grid":"","colCount":0},"timestamp":1780313213675}
{"sessionId":"0d0cc8","hypothesisId":"B","location":"StatisticsUiHelper.ApplyPremiumGridStyle","message":"ok","data":{"grid":"","colCount":0},"timestamp":1780313224139}
{"sessionId":"0d0cc8","hypothesisId":"B","location":"StatisticsUiHelper.ApplyPremiumGridStyle","message":"ok","data":{"grid":"","colCount":0},"timestamp":1780313226345}
{"sessionId":"0d0cc8","hypothesisId":"B","location":"StatisticsUiHelper.ApplyPremiumGridStyle","message":"ok","data":{"grid":"","colCount":0},"timestamp":1780313228975}
{"sessionId":"0d0cc8","hypothesisId":"B","location":"StatisticsUiHelper.ApplyPremiumGridStyle","message":"ok","data":{"grid":"","colCount":0},"timestamp":1780313279377}
{"sessionId":"0d0cc8","hypothesisId":"B","location":"StatisticsUiHelper.ApplyPremiumGridStyle","message":"ok","data":{"grid":"","colCount":0},"timestamp":1780313282034}
{"sessionId":"0d0cc8","hypothesisId":"B","location":"StatisticsUiHelper.ApplyPremiumGridStyle","message":"ok","data":{"grid":"","colCount":0},"timestamp":1780313284542}
{"sessionId":"0d0cc8","hypothesisId":"B","location":"StatisticsUiHelper.ApplyPremiumGridStyle","message":"ok","data":{"grid":"","colCount":0},"timestamp":1780313288125}
{"sessionId":"0d0cc8","hypothesisId":"B","location":"StatisticsUiHelper.ApplyPremiumGridStyle","message":"ok","data":{"grid":"","colCount":0},"timestamp":1780313290765}
{"sessionId":"0d0cc8","hypothesisId":"B","location":"StatisticsUiHelper.ApplyPremiumGridStyle","message":"ok","data":{"grid":"","colCount":0},"timestamp":1780313292765}
{"sessionId":"0d0cc8","hypothesisId":"C","location":"StatisticsForm.InitializeForm","message":"start","data":{},"timestamp":1780313295239}
{"sessionId":"0d0cc8","hypothesisId":"C","location":"StatisticsForm.InitializeForm","message":"afterPopulate","data":{"tabCount":6},"timestamp":1780313295260}
{"sessionId":"0d0cc8","hypothesisId":"C","location":"StatisticsForm.InitializeForm","message":"afterChrome","data":{},"timestamp":1780313295263}
{"sessionId":"0d0cc8","hypothesisId":"B","location":"StatisticsUiHelper.ApplyPremiumGridStyle","message":"ok","data":{"grid":"","colCount":3},"timestamp":1780313295267}
{"sessionId":"0d0cc8","hypothesisId":"B","location":"StatisticsUiHelper.ApplyPremiumGridStyle","message":"ok","data":{"grid":"","colCount":6},"timestamp":1780313295269}
{"sessionId":"0d0cc8","hypothesisId":"B","location":"StatisticsUiHelper.ApplyPremiumGridStyle","message":"ok","data":{"grid":"","colCount":6},"timestamp":1780313295269}
{"sessionId":"0d0cc8","hypothesisId":"B","location":"StatisticsUiHelper.ApplyPremiumGridStyle","message":"ok","data":{"grid":"","colCount":8},"timestamp":1780313295271}
{"sessionId":"0d0cc8","hypothesisId":"B","location":"StatisticsUiHelper.ApplyPremiumGridStyle","message":"ok","data":{"grid":"","colCount":7},"timestamp":1780313295272}
{"sessionId":"0d0cc8","hypothesisId":"B","location":"StatisticsUiHelper.ApplyPremiumGridStyle","message":"ok","data":{"grid":"dgvByClient","colCount":13},"timestamp":1780313295276}
{"sessionId":"0d0cc8","hypothesisId":"B","location":"StatisticsUiHelper.ApplyPremiumGridStyle","message":"ok","data":{"grid":"dgvByClient","colCount":13},"timestamp":1780313295277}
{"sessionId":"0d0cc8","hypothesisId":"C","location":"StatisticsForm.InitializeForm","message":"afterGridStyles","data":{"runId":"post-fix"},"timestamp":1780313295278}
{"sessionId":"0d0cc8","hypothesisId":"C","location":"StatisticsForm.InitializeForm","message":"complete","data":{},"timestamp":1780313295280}
{"sessionId":"0d0cc8","hypothesisId":"B","location":"StatisticsUiHelper.ApplyPremiumGridStyle","message":"ok","data":{"grid":"","colCount":3},"timestamp":1780313295386}
{"sessionId":"0d0cc8","hypothesisId":"B","location":"StatisticsUiHelper.ApplyPremiumGridStyle","message":"ok","data":{"grid":"","colCount":6},"timestamp":1780313295394}
{"sessionId":"0d0cc8","hypothesisId":"B","location":"StatisticsUiHelper.ApplyPremiumGridStyle","message":"ok","data":{"grid":"","colCount":6},"timestamp":1780313295400}
{"sessionId":"0d0cc8","hypothesisId":"B","location":"StatisticsUiHelper.ApplyPremiumGridStyle","message":"ok","data":{"grid":"","colCount":8},"timestamp":1780313295407}
{"sessionId":"0d0cc8","hypothesisId":"B","location":"StatisticsUiHelper.ApplyPremiumGridStyle","message":"ok","data":{"grid":"","colCount":7},"timestamp":1780313295460}
{"sessionId":"0d0cc8","hypothesisId":"B","location":"StatisticsUiHelper.ApplyPremiumGridStyle","message":"ok","data":{"grid":"dgvByClient","colCount":13},"timestamp":1780313295470}
{"sessionId":"0d0cc8","hypothesisId":"A","location":"StatisticsUiHelper.OnStatisticsTabDrawItem","message":"draw","data":{"index":0,"bw":124,"bh":30,"tabW":1689,"selected":false},"timestamp":1780313295501}
{"sessionId":"0d0cc8","hypothesisId":"A","location":"StatisticsUiHelper.OnStatisticsTabDrawItem","message":"draw","data":{"index":1,"bw":124,"bh":30,"tabW":1689,"selected":false},"timestamp":1780313295511}
{"sessionId":"0d0cc8","hypothesisId":"A","location":"StatisticsUiHelper.OnStatisticsTabDrawItem","message":"draw","data":{"index":2,"bw":124,"bh":30,"tabW":1689,"selected":false},"timestamp":1780313295513}
{"sessionId":"0d0cc8","hypothesisId":"A","location":"StatisticsUiHelper.OnStatisticsTabDrawItem","message":"draw","data":{"index":4,"bw":124,"bh":30,"tabW":1689,"selected":false},"timestamp":1780313295515}
{"sessionId":"0d0cc8","hypothesisId":"A","location":"StatisticsUiHelper.OnStatisticsTabDrawItem","message":"draw","data":{"index":5,"bw":124,"bh":30,"tabW":1689,"selected":false},"timestamp":1780313295518}
{"sessionId":"0d0cc8","hypothesisId":"A","location":"StatisticsUiHelper.OnStatisticsTabDrawItem","message":"draw","data":{"index":3,"bw":132,"bh":36,"tabW":1689,"selected":true},"timestamp":1780313295521}
{"sessionId":"0d0cc8","hypothesisId":"A","location":"StatisticsUiHelper.OnStatisticsTabDrawItem","message":"draw","data":{"index":3,"bw":124,"bh":30,"tabW":1689,"selected":false},"timestamp":1780313296927}
{"sessionId":"0d0cc8","hypothesisId":"A","location":"StatisticsUiHelper.OnStatisticsTabDrawItem","message":"draw","data":{"index":4,"bw":124,"bh":30,"tabW":1689,"selected":false},"timestamp":1780313296930}
{"sessionId":"0d0cc8","hypothesisId":"A","location":"StatisticsUiHelper.OnStatisticsTabDrawItem","message":"draw","data":{"index":2,"bw":132,"bh":36,"tabW":1689,"selected":true},"timestamp":1780313296932}
{"sessionId":"0d0cc8","hypothesisId":"A","location":"StatisticsUiHelper.OnStatisticsTabDrawItem","message":"draw","data":{"index":1,"bw":124,"bh":30,"tabW":1689,"selected":false},"timestamp":1780313296937}
{"sessionId":"0d0cc8","hypothesisId":"A","location":"StatisticsUiHelper.OnStatisticsTabDrawItem","message":"draw","data":{"index":3,"bw":124,"bh":30,"tabW":1689,"selected":false},"timestamp":1780313296938}
{"sessionId":"0d0cc8","hypothesisId":"A","location":"StatisticsUiHelper.OnStatisticsTabDrawItem","message":"draw","data":{"index":4,"bw":124,"bh":30,"tabW":1689,"selected":false},"timestamp":1780313296940}
{"sessionId":"0d0cc8","hypothesisId":"A","location":"StatisticsUiHelper.OnStatisticsTabDrawItem","message":"draw","data":{"index":2,"bw":132,"bh":36,"tabW":1689,"selected":true},"timestamp":1780313296943}
{"sessionId":"0d0cc8","hypothesisId":"A","location":"StatisticsUiHelper.OnStatisticsTabDrawItem","message":"draw","data":{"index":0,"bw":124,"bh":30,"tabW":1689,"selected":false},"timestamp":1780313297982}
{"sessionId":"0d0cc8","hypothesisId":"A","location":"StatisticsUiHelper.OnStatisticsTabDrawItem","message":"draw","data":{"index":2,"bw":124,"bh":30,"tabW":1689,"selected":false},"timestamp":1780313297985}
{"sessionId":"0d0cc8","hypothesisId":"A","location":"StatisticsUiHelper.OnStatisticsTabDrawItem","message":"draw","data":{"index":3,"bw":124,"bh":30,"tabW":1689,"selected":false},"timestamp":1780313297991}
{"sessionId":"0d0cc8","hypothesisId":"A","location":"StatisticsUiHelper.OnStatisticsTabDrawItem","message":"draw","data":{"index":1,"bw":132,"bh":36,"tabW":1689,"selected":true},"timestamp":1780313297993}
{"sessionId":"0d0cc8","hypothesisId":"A","location":"StatisticsUiHelper.OnStatisticsTabDrawItem","message":"draw","data":{"index":1,"bw":124,"bh":30,"tabW":1689,"selected":false},"timestamp":1780313300099}
{"sessionId":"0d0cc8","hypothesisId":"A","location":"StatisticsUiHelper.OnStatisticsTabDrawItem","message":"draw","data":{"index":2,"bw":124,"bh":30,"tabW":1689,"selected":false},"timestamp":1780313300102}
{"sessionId":"0d0cc8","hypothesisId":"A","location":"StatisticsUiHelper.OnStatisticsTabDrawItem","message":"draw","data":{"index":0,"bw":132,"bh":36,"tabW":1689,"selected":true},"timestamp":1780313300105}
{"sessionId":"0d0cc8","hypothesisId":"A","location":"StatisticsUiHelper.OnStatisticsTabDrawItem","message":"draw","data":{"index":0,"bw":124,"bh":30,"tabW":1689,"selected":false},"timestamp":1780313301133}
{"sessionId":"0d0cc8","hypothesisId":"A","location":"StatisticsUiHelper.OnStatisticsTabDrawItem","message":"draw","data":{"index":1,"bw":124,"bh":30,"tabW":1689,"selected":false},"timestamp":1780313301137}
{"sessionId":"0d0cc8","hypothesisId":"A","location":"StatisticsUiHelper.OnStatisticsTabDrawItem","message":"draw","data":{"index":2,"bw":124,"bh":30,"tabW":1689,"selected":false},"timestamp":1780313301139}
{"sessionId":"0d0cc8","hypothesisId":"A","location":"StatisticsUiHelper.OnStatisticsTabDrawItem","message":"draw","data":{"index":3,"bw":124,"bh":30,"tabW":1689,"selected":false},"timestamp":1780313301141}
{"sessionId":"0d0cc8","hypothesisId":"A","location":"StatisticsUiHelper.OnStatisticsTabDrawItem","message":"draw","data":{"index":5,"bw":124,"bh":30,"tabW":1689,"selected":false},"timestamp":1780313301144}
{"sessionId":"0d0cc8","hypothesisId":"A","location":"StatisticsUiHelper.OnStatisticsTabDrawItem","message":"draw","data":{"index":4,"bw":132,"bh":36,"tabW":1689,"selected":true},"timestamp":1780313301145}
{"sessionId":"0d0cc8","hypothesisId":"A","location":"StatisticsUiHelper.OnStatisticsTabDrawItem","message":"draw","data":{"index":3,"bw":124,"bh":30,"tabW":1689,"selected":false},"timestamp":1780313305677}
{"sessionId":"0d0cc8","hypothesisId":"A","location":"StatisticsUiHelper.OnStatisticsTabDrawItem","message":"draw","data":{"index":4,"bw":124,"bh":30,"tabW":1689,"selected":false},"timestamp":1780313305680}
{"sessionId":"0d0cc8","hypothesisId":"A","location":"StatisticsUiHelper.OnStatisticsTabDrawItem","message":"draw","data":{"index":5,"bw":132,"bh":36,"tabW":1689,"selected":true},"timestamp":1780313305682}
{"sessionId":"0d0cc8","hypothesisId":"A","location":"StatisticsUiHelper.OnStatisticsTabDrawItem","message":"draw","data":{"index":4,"bw":124,"bh":30,"tabW":1689,"selected":false},"timestamp":1780313319818}
{"sessionId":"0d0cc8","hypothesisId":"A","location":"StatisticsUiHelper.OnStatisticsTabDrawItem","message":"draw","data":{"index":5,"bw":132,"bh":36,"tabW":1689,"selected":true},"timestamp":1780313319820}
{"sessionId":"0d0cc8","hypothesisId":"A","location":"StatisticsUiHelper.OnStatisticsTabDrawItem","message":"draw","data":{"index":0,"bw":124,"bh":30,"tabW":1689,"selected":false},"timestamp":1780313325653}
{"sessionId":"0d0cc8","hypothesisId":"A","location":"StatisticsUiHelper.OnStatisticsTabDrawItem","message":"draw","data":{"index":1,"bw":124,"bh":30,"tabW":1689,"selected":false},"timestamp":1780313325655}
{"sessionId":"0d0cc8","hypothesisId":"A","location":"StatisticsUiHelper.OnStatisticsTabDrawItem","message":"draw","data":{"index":2,"bw":124,"bh":30,"tabW":1689,"selected":false},"timestamp":1780313325661}
{"sessionId":"0d0cc8","hypothesisId":"A","location":"StatisticsUiHelper.OnStatisticsTabDrawItem","message":"draw","data":{"index":3,"bw":124,"bh":30,"tabW":1689,"selected":false},"timestamp":1780313325663}
{"sessionId":"0d0cc8","hypothesisId":"A","location":"StatisticsUiHelper.OnStatisticsTabDrawItem","message":"draw","data":{"index":4,"bw":124,"bh":30,"tabW":1689,"selected":false},"timestamp":1780313325665}
{"sessionId":"0d0cc8","hypothesisId":"A","location":"StatisticsUiHelper.OnStatisticsTabDrawItem","message":"draw","data":{"index":5,"bw":132,"bh":36,"tabW":1689,"selected":true},"timestamp":1780313325667}
{"sessionId":"0d0cc8","hypothesisId":"B","location":"StatisticsUiHelper.ApplyPremiumGridStyle","message":"ok","data":{"grid":"dgvByClient","colCount":13},"timestamp":1780313325798}
{"sessionId":"0d0cc8","hypothesisId":"B","location":"StatisticsUiHelper.ApplyPremiumGridStyle","message":"ok","data":{"grid":"dgvByClient","colCount":13},"timestamp":1780313330198}
{"sessionId":"0d0cc8","hypothesisId":"C","location":"StatisticsForm.InitializeForm","message":"start","data":{},"timestamp":1780313334434}
{"sessionId":"0d0cc8","hypothesisId":"C","location":"StatisticsForm.InitializeForm","message":"afterPopulate","data":{"tabCount":6},"timestamp":1780313334435}
{"sessionId":"0d0cc8","hypothesisId":"C","location":"StatisticsForm.InitializeForm","message":"afterChrome","data":{},"timestamp":1780313334436}
{"sessionId":"0d0cc8","hypothesisId":"B","location":"StatisticsUiHelper.ApplyPremiumGridStyle","message":"ok","data":{"grid":"","colCount":3},"timestamp":1780313334438}
{"sessionId":"0d0cc8","hypothesisId":"B","location":"StatisticsUiHelper.ApplyPremiumGridStyle","message":"ok","data":{"grid":"","colCount":6},"timestamp":1780313334439}
{"sessionId":"0d0cc8","hypothesisId":"B","location":"StatisticsUiHelper.ApplyPremiumGridStyle","message":"ok","data":{"grid":"","colCount":6},"timestamp":1780313334440}
{"sessionId":"0d0cc8","hypothesisId":"B","location":"StatisticsUiHelper.ApplyPremiumGridStyle","message":"ok","data":{"grid":"","colCount":8},"timestamp":1780313334441}
{"sessionId":"0d0cc8","hypothesisId":"B","location":"StatisticsUiHelper.ApplyPremiumGridStyle","message":"ok","data":{"grid":"","colCount":7},"timestamp":1780313334442}
{"sessionId":"0d0cc8","hypothesisId":"B","location":"StatisticsUiHelper.ApplyPremiumGridStyle","message":"ok","data":{"grid":"dgvByClient","colCount":13},"timestamp":1780313334445}
{"sessionId":"0d0cc8","hypothesisId":"B","location":"StatisticsUiHelper.ApplyPremiumGridStyle","message":"ok","data":{"grid":"dgvByClient","colCount":13},"timestamp":1780313334446}
{"sessionId":"0d0cc8","hypothesisId":"C","location":"StatisticsForm.InitializeForm","message":"afterGridStyles","data":{"runId":"post-fix"},"timestamp":1780313334447}
{"sessionId":"0d0cc8","hypothesisId":"C","location":"StatisticsForm.InitializeForm","message":"complete","data":{},"timestamp":1780313334448}
{"sessionId":"0d0cc8","hypothesisId":"B","location":"StatisticsUiHelper.ApplyPremiumGridStyle","message":"ok","data":{"grid":"","colCount":3},"timestamp":1780313334503}
{"sessionId":"0d0cc8","hypothesisId":"B","location":"StatisticsUiHelper.ApplyPremiumGridStyle","message":"ok","data":{"grid":"","colCount":6},"timestamp":1780313334506}
{"sessionId":"0d0cc8","hypothesisId":"B","location":"StatisticsUiHelper.ApplyPremiumGridStyle","message":"ok","data":{"grid":"","colCount":6},"timestamp":1780313334513}
{"sessionId":"0d0cc8","hypothesisId":"B","location":"StatisticsUiHelper.ApplyPremiumGridStyle","message":"ok","data":{"grid":"","colCount":8},"timestamp":1780313334519}
{"sessionId":"0d0cc8","hypothesisId":"B","location":"StatisticsUiHelper.ApplyPremiumGridStyle","message":"ok","data":{"grid":"","colCount":7},"timestamp":1780313334551}
{"sessionId":"0d0cc8","hypothesisId":"B","location":"StatisticsUiHelper.ApplyPremiumGridStyle","message":"ok","data":{"grid":"dgvByClient","colCount":13},"timestamp":1780313334555}
{"sessionId":"0d0cc8","hypothesisId":"A","location":"StatisticsUiHelper.OnStatisticsTabDrawItem","message":"draw","data":{"index":0,"bw":124,"bh":30,"tabW":1689,"selected":false},"timestamp":1780313334565}
{"sessionId":"0d0cc8","hypothesisId":"A","location":"StatisticsUiHelper.OnStatisticsTabDrawItem","message":"draw","data":{"index":1,"bw":124,"bh":30,"tabW":1689,"selected":false},"timestamp":1780313334566}
{"sessionId":"0d0cc8","hypothesisId":"A","location":"StatisticsUiHelper.OnStatisticsTabDrawItem","message":"draw","data":{"index":2,"bw":124,"bh":30,"tabW":1689,"selected":false},"timestamp":1780313334568}
{"sessionId":"0d0cc8","hypothesisId":"A","location":"StatisticsUiHelper.OnStatisticsTabDrawItem","message":"draw","data":{"index":4,"bw":124,"bh":30,"tabW":1689,"selected":false},"timestamp":1780313334570}
{"sessionId":"0d0cc8","hypothesisId":"A","location":"StatisticsUiHelper.OnStatisticsTabDrawItem","message":"draw","data":{"index":5,"bw":124,"bh":30,"tabW":1689,"selected":false},"timestamp":1780313334571}
{"sessionId":"0d0cc8","hypothesisId":"A","location":"StatisticsUiHelper.OnStatisticsTabDrawItem","message":"draw","data":{"index":3,"bw":132,"bh":36,"tabW":1689,"selected":true},"timestamp":1780313334572}
{"sessionId":"0d0cc8","hypothesisId":"A","location":"StatisticsUiHelper.OnStatisticsTabDrawItem","message":"draw","data":{"index":2,"bw":124,"bh":30,"tabW":1689,"selected":false},"timestamp":1780313335593}
{"sessionId":"0d0cc8","hypothesisId":"A","location":"StatisticsUiHelper.OnStatisticsTabDrawItem","message":"draw","data":{"index":3,"bw":124,"bh":30,"tabW":1689,"selected":false},"timestamp":1780313335596}
{"sessionId":"0d0cc8","hypothesisId":"A","location":"StatisticsUiHelper.OnStatisticsTabDrawItem","message":"draw","data":{"index":4,"bw":124,"bh":30,"tabW":1689,"selected":false},"timestamp":1780313335598}
{"sessionId":"0d0cc8","hypothesisId":"A","location":"StatisticsUiHelper.OnStatisticsTabDrawItem","message":"draw","data":{"index":2,"bw":124,"bh":30,"tabW":1689,"selected":false},"timestamp":1780313335600}
{"sessionId":"0d0cc8","hypothesisId":"A","location":"StatisticsUiHelper.OnStatisticsTabDrawItem","message":"draw","data":{"index":3,"bw":124,"bh":30,"tabW":1689,"selected":false},"timestamp":1780313335601}
{"sessionId":"0d0cc8","hypothesisId":"A","location":"StatisticsUiHelper.OnStatisticsTabDrawItem","message":"draw","data":{"index":4,"bw":124,"bh":30,"tabW":1689,"selected":false},"timestamp":1780313335602}
{"sessionId":"0d0cc8","hypothesisId":"A","location":"StatisticsUiHelper.OnStatisticsTabDrawItem","message":"draw","data":{"index":5,"bw":132,"bh":36,"tabW":1689,"selected":true},"timestamp":1780313335603}
{"sessionId":"0d0cc8","hypothesisId":"A","location":"StatisticsUiHelper.OnStatisticsTabDrawItem","message":"draw","data":{"index":4,"bw":124,"bh":30,"tabW":1689,"selected":false},"timestamp":1780313337316}
{"sessionId":"0d0cc8","hypothesisId":"A","location":"StatisticsUiHelper.OnStatisticsTabDrawItem","message":"draw","data":{"index":5,"bw":132,"bh":36,"tabW":1689,"selected":true},"timestamp":1780313337319}
{"sessionId":"0d0cc8","hypothesisId":"A","location":"StatisticsUiHelper.OnStatisticsTabDrawItem","message":"draw","data":{"index":0,"bw":124,"bh":30,"tabW":1689,"selected":false},"timestamp":1780313337324}
{"sessionId":"0d0cc8","hypothesisId":"A","location":"StatisticsUiHelper.OnStatisticsTabDrawItem","message":"draw","data":{"index":1,"bw":124,"bh":30,"tabW":1689,"selected":false},"timestamp":1780313337325}
{"sessionId":"0d0cc8","hypothesisId":"A","location":"StatisticsUiHelper.OnStatisticsTabDrawItem","message":"draw","data":{"index":2,"bw":124,"bh":30,"tabW":1689,"selected":false},"timestamp":1780313337331}
{"sessionId":"0d0cc8","hypothesisId":"A","location":"StatisticsUiHelper.OnStatisticsTabDrawItem","message":"draw","data":{"index":3,"bw":124,"bh":30,"tabW":1689,"selected":false},"timestamp":1780313337332}
{"sessionId":"0d0cc8","hypothesisId":"A","location":"StatisticsUiHelper.OnStatisticsTabDrawItem","message":"draw","data":{"index":4,"bw":124,"bh":30,"tabW":1689,"selected":false},"timestamp":1780313337334}
{"sessionId":"0d0cc8","hypothesisId":"A","location":"StatisticsUiHelper.OnStatisticsTabDrawItem","message":"draw","data":{"index":5,"bw":132,"bh":36,"tabW":1689,"selected":true},"timestamp":1780313337336}
{"sessionId":"0d0cc8","hypothesisId":"B","location":"StatisticsUiHelper.ApplyPremiumGridStyle","message":"ok","data":{"grid":"dgvByClient","colCount":13},"timestamp":1780313337444}
{"sessionId":"0d0cc8","hypothesisId":"C","location":"StatisticsForm.InitializeForm","message":"start","data":{},"timestamp":1780313358252}
{"sessionId":"0d0cc8","hypothesisId":"C","location":"StatisticsForm.InitializeForm","message":"afterPopulate","data":{"tabCount":6},"timestamp":1780313358308}
{"sessionId":"0d0cc8","hypothesisId":"C","location":"StatisticsForm.InitializeForm","message":"afterChrome","data":{},"timestamp":1780313358312}
{"sessionId":"0d0cc8","hypothesisId":"B","location":"StatisticsUiHelper.ApplyPremiumGridStyle","message":"ok","data":{"grid":"","colCount":3},"timestamp":1780313358345}
{"sessionId":"0d0cc8","hypothesisId":"B","location":"StatisticsUiHelper.ApplyPremiumGridStyle","message":"ok","data":{"grid":"","colCount":6},"timestamp":1780313358349}
{"sessionId":"0d0cc8","hypothesisId":"B","location":"StatisticsUiHelper.ApplyPremiumGridStyle","message":"ok","data":{"grid":"","colCount":6},"timestamp":1780313358351}
{"sessionId":"0d0cc8","hypothesisId":"B","location":"StatisticsUiHelper.ApplyPremiumGridStyle","message":"ok","data":{"grid":"","colCount":8},"timestamp":1780313358353}
{"sessionId":"0d0cc8","hypothesisId":"B","location":"StatisticsUiHelper.ApplyPremiumGridStyle","message":"ok","data":{"grid":"","colCount":7},"timestamp":1780313358356}
{"sessionId":"0d0cc8","hypothesisId":"B","location":"StatisticsUiHelper.ApplyPremiumGridStyle","message":"ok","data":{"grid":"dgvByClient","colCount":13},"timestamp":1780313358362}
{"sessionId":"0d0cc8","hypothesisId":"B","location":"StatisticsUiHelper.ApplyPremiumGridStyle","message":"ok","data":{"grid":"dgvByClient","colCount":13},"timestamp":1780313358364}
{"sessionId":"0d0cc8","hypothesisId":"C","location":"StatisticsForm.InitializeForm","message":"afterGridStyles","data":{"runId":"post-fix"},"timestamp":1780313358366}
{"sessionId":"0d0cc8","hypothesisId":"C","location":"StatisticsForm.InitializeForm","message":"complete","data":{},"timestamp":1780313358368}
{"sessionId":"0d0cc8","hypothesisId":"B","location":"StatisticsUiHelper.ApplyPremiumGridStyle","message":"ok","data":{"grid":"","colCount":3},"timestamp":1780313358604}
{"sessionId":"0d0cc8","hypothesisId":"B","location":"StatisticsUiHelper.ApplyPremiumGridStyle","message":"ok","data":{"grid":"","colCount":6},"timestamp":1780313358612}
{"sessionId":"0d0cc8","hypothesisId":"B","location":"StatisticsUiHelper.ApplyPremiumGridStyle","message":"ok","data":{"grid":"","colCount":6},"timestamp":1780313358618}
{"sessionId":"0d0cc8","hypothesisId":"B","location":"StatisticsUiHelper.ApplyPremiumGridStyle","message":"ok","data":{"grid":"","colCount":8},"timestamp":1780313358625}
{"sessionId":"0d0cc8","hypothesisId":"B","location":"StatisticsUiHelper.ApplyPremiumGridStyle","message":"ok","data":{"grid":"","colCount":7},"timestamp":1780313358677}
{"sessionId":"0d0cc8","hypothesisId":"B","location":"StatisticsUiHelper.ApplyPremiumGridStyle","message":"ok","data":{"grid":"dgvByClient","colCount":13},"timestamp":1780313358684}
{"sessionId":"0d0cc8","hypothesisId":"A","location":"StatisticsUiHelper.OnStatisticsTabDrawItem","message":"draw","data":{"index":0,"bw":124,"bh":30,"tabW":1689,"selected":false},"timestamp":1780313358704}
{"sessionId":"0d0cc8","hypothesisId":"A","location":"StatisticsUiHelper.OnStatisticsTabDrawItem","message":"draw","data":{"index":1,"bw":124,"bh":30,"tabW":1689,"selected":false},"timestamp":1780313358709}
{"sessionId":"0d0cc8","hypothesisId":"A","location":"StatisticsUiHelper.OnStatisticsTabDrawItem","message":"draw","data":{"index":2,"bw":124,"bh":30,"tabW":1689,"selected":false},"timestamp":1780313358711}
{"sessionId":"0d0cc8","hypothesisId":"A","location":"StatisticsUiHelper.OnStatisticsTabDrawItem","message":"draw","data":{"index":4,"bw":124,"bh":30,"tabW":1689,"selected":false},"timestamp":1780313358712}
{"sessionId":"0d0cc8","hypothesisId":"A","location":"StatisticsUiHelper.OnStatisticsTabDrawItem","message":"draw","data":{"index":5,"bw":124,"bh":30,"tabW":1689,"selected":false},"timestamp":1780313358714}
{"sessionId":"0d0cc8","hypothesisId":"A","location":"StatisticsUiHelper.OnStatisticsTabDrawItem","message":"draw","data":{"index":3,"bw":132,"bh":36,"tabW":1689,"selected":true},"timestamp":1780313358716}
{"sessionId":"0d0cc8","hypothesisId":"A","location":"StatisticsUiHelper.OnStatisticsTabDrawItem","message":"draw","data":{"index":2,"bw":124,"bh":30,"tabW":1689,"selected":false},"timestamp":1780313359300}
{"sessionId":"0d0cc8","hypothesisId":"A","location":"StatisticsUiHelper.OnStatisticsTabDrawItem","message":"draw","data":{"index":3,"bw":124,"bh":30,"tabW":1689,"selected":false},"timestamp":1780313359302}
{"sessionId":"0d0cc8","hypothesisId":"A","location":"StatisticsUiHelper.OnStatisticsTabDrawItem","message":"draw","data":{"index":4,"bw":124,"bh":30,"tabW":1689,"selected":false},"timestamp":1780313359304}
{"sessionId":"0d0cc8","hypothesisId":"A","location":"StatisticsUiHelper.OnStatisticsTabDrawItem","message":"draw","data":{"index":2,"bw":124,"bh":30,"tabW":1689,"selected":false},"timestamp":1780313359305}
{"sessionId":"0d0cc8","hypothesisId":"A","location":"StatisticsUiHelper.OnStatisticsTabDrawItem","message":"draw","data":{"index":3,"bw":124,"bh":30,"tabW":1689,"selected":false},"timestamp":1780313359307}
{"sessionId":"0d0cc8","hypothesisId":"A","location":"StatisticsUiHelper.OnStatisticsTabDrawItem","message":"draw","data":{"index":4,"bw":124,"bh":30,"tabW":1689,"selected":false},"timestamp":1780313359308}
{"sessionId":"0d0cc8","hypothesisId":"A","location":"StatisticsUiHelper.OnStatisticsTabDrawItem","message":"draw","data":{"index":5,"bw":132,"bh":36,"tabW":1689,"selected":true},"timestamp":1780313359310}
{"sessionId":"0d0cc8","hypothesisId":"A","location":"StatisticsUiHelper.OnStatisticsTabDrawItem","message":"draw","data":{"index":4,"bw":124,"bh":30,"tabW":1689,"selected":false},"timestamp":1780313361624}
{"sessionId":"0d0cc8","hypothesisId":"A","location":"StatisticsUiHelper.OnStatisticsTabDrawItem","message":"draw","data":{"index":5,"bw":132,"bh":36,"tabW":1689,"selected":true},"timestamp":1780313361626}
{"sessionId":"0d0cc8","hypothesisId":"C","location":"StatisticsForm.InitializeForm","message":"start","data":{},"timestamp":1780313425952}
{"sessionId":"0d0cc8","hypothesisId":"C","location":"StatisticsForm.InitializeForm","message":"afterPopulate","data":{"tabCount":6},"timestamp":1780313425954}
{"sessionId":"0d0cc8","hypothesisId":"C","location":"StatisticsForm.InitializeForm","message":"afterChrome","data":{},"timestamp":1780313425956}
{"sessionId":"0d0cc8","hypothesisId":"B","location":"StatisticsUiHelper.ApplyPremiumGridStyle","message":"ok","data":{"grid":"","colCount":3},"timestamp":1780313425958}
{"sessionId":"0d0cc8","hypothesisId":"B","location":"StatisticsUiHelper.ApplyPremiumGridStyle","message":"ok","data":{"grid":"","colCount":6},"timestamp":1780313425960}
{"sessionId":"0d0cc8","hypothesisId":"B","location":"StatisticsUiHelper.ApplyPremiumGridStyle","message":"ok","data":{"grid":"","colCount":6},"timestamp":1780313425962}
{"sessionId":"0d0cc8","hypothesisId":"B","location":"StatisticsUiHelper.ApplyPremiumGridStyle","message":"ok","data":{"grid":"","colCount":8},"timestamp":1780313425963}
{"sessionId":"0d0cc8","hypothesisId":"B","location":"StatisticsUiHelper.ApplyPremiumGridStyle","message":"ok","data":{"grid":"","colCount":7},"timestamp":1780313425965}
{"sessionId":"0d0cc8","hypothesisId":"B","location":"StatisticsUiHelper.ApplyPremiumGridStyle","message":"ok","data":{"grid":"dgvByClient","colCount":13},"timestamp":1780313425967}
{"sessionId":"0d0cc8","hypothesisId":"B","location":"StatisticsUiHelper.ApplyPremiumGridStyle","message":"ok","data":{"grid":"dgvByClient","colCount":13},"timestamp":1780313425968}
{"sessionId":"0d0cc8","hypothesisId":"C","location":"StatisticsForm.InitializeForm","message":"afterGridStyles","data":{"runId":"post-fix"},"timestamp":1780313425969}
{"sessionId":"0d0cc8","hypothesisId":"C","location":"StatisticsForm.InitializeForm","message":"complete","data":{},"timestamp":1780313425970}
{"sessionId":"0d0cc8","hypothesisId":"B","location":"StatisticsUiHelper.ApplyPremiumGridStyle","message":"ok","data":{"grid":"","colCount":3},"timestamp":1780313426057}
{"sessionId":"0d0cc8","hypothesisId":"B","location":"StatisticsUiHelper.ApplyPremiumGridStyle","message":"ok","data":{"grid":"","colCount":6},"timestamp":1780313426060}
{"sessionId":"0d0cc8","hypothesisId":"B","location":"StatisticsUiHelper.ApplyPremiumGridStyle","message":"ok","data":{"grid":"","colCount":6},"timestamp":1780313426064}
{"sessionId":"0d0cc8","hypothesisId":"B","location":"StatisticsUiHelper.ApplyPremiumGridStyle","message":"ok","data":{"grid":"","colCount":8},"timestamp":1780313426070}
{"sessionId":"0d0cc8","hypothesisId":"B","location":"StatisticsUiHelper.ApplyPremiumGridStyle","message":"ok","data":{"grid":"","colCount":7},"timestamp":1780313426101}
{"sessionId":"0d0cc8","hypothesisId":"B","location":"StatisticsUiHelper.ApplyPremiumGridStyle","message":"ok","data":{"grid":"dgvByClient","colCount":13},"timestamp":1780313426109}
{"sessionId":"0d0cc8","hypothesisId":"A","location":"StatisticsUiHelper.OnStatisticsTabDrawItem","message":"draw","data":{"index":0,"bw":124,"bh":30,"tabW":1689,"selected":false},"timestamp":1780313426120}
{"sessionId":"0d0cc8","hypothesisId":"A","location":"StatisticsUiHelper.OnStatisticsTabDrawItem","message":"draw","data":{"index":1,"bw":124,"bh":30,"tabW":1689,"selected":false},"timestamp":1780313426122}
{"sessionId":"0d0cc8","hypothesisId":"A","location":"StatisticsUiHelper.OnStatisticsTabDrawItem","message":"draw","data":{"index":2,"bw":124,"bh":30,"tabW":1689,"selected":false},"timestamp":1780313426124}
{"sessionId":"0d0cc8","hypothesisId":"A","location":"StatisticsUiHelper.OnStatisticsTabDrawItem","message":"draw","data":{"index":4,"bw":124,"bh":30,"tabW":1689,"selected":false},"timestamp":1780313426125}
{"sessionId":"0d0cc8","hypothesisId":"A","location":"StatisticsUiHelper.OnStatisticsTabDrawItem","message":"draw","data":{"index":5,"bw":124,"bh":30,"tabW":1689,"selected":false},"timestamp":1780313426126}
{"sessionId":"0d0cc8","hypothesisId":"A","location":"StatisticsUiHelper.OnStatisticsTabDrawItem","message":"draw","data":{"index":3,"bw":132,"bh":36,"tabW":1689,"selected":true},"timestamp":1780313426129}
{"sessionId":"0d0cc8","hypothesisId":"A","location":"StatisticsUiHelper.OnStatisticsTabDrawItem","message":"draw","data":{"index":2,"bw":124,"bh":30,"tabW":1689,"selected":false},"timestamp":1780313427078}
{"sessionId":"0d0cc8","hypothesisId":"A","location":"StatisticsUiHelper.OnStatisticsTabDrawItem","message":"draw","data":{"index":3,"bw":124,"bh":30,"tabW":1689,"selected":false},"timestamp":1780313427085}
{"sessionId":"0d0cc8","hypothesisId":"A","location":"StatisticsUiHelper.OnStatisticsTabDrawItem","message":"draw","data":{"index":4,"bw":124,"bh":30,"tabW":1689,"selected":false},"timestamp":1780313427087}
{"sessionId":"0d0cc8","hypothesisId":"A","location":"StatisticsUiHelper.OnStatisticsTabDrawItem","message":"draw","data":{"index":2,"bw":124,"bh":30,"tabW":1689,"selected":false},"timestamp":1780313427088}
{"sessionId":"0d0cc8","hypothesisId":"A","location":"StatisticsUiHelper.OnStatisticsTabDrawItem","message":"draw","data":{"index":3,"bw":124,"bh":30,"tabW":1689,"selected":false},"timestamp":1780313427090}
{"sessionId":"0d0cc8","hypothesisId":"A","location":"StatisticsUiHelper.OnStatisticsTabDrawItem","message":"draw","data":{"index":4,"bw":124,"bh":30,"tabW":1689,"selected":false},"timestamp":1780313427091}
{"sessionId":"0d0cc8","hypothesisId":"A","location":"StatisticsUiHelper.OnStatisticsTabDrawItem","message":"draw","data":{"index":5,"bw":132,"bh":36,"tabW":1689,"selected":true},"timestamp":1780313427093}
{"sessionId":"0d0cc8","hypothesisId":"A","location":"StatisticsUiHelper.OnStatisticsTabDrawItem","message":"draw","data":{"index":4,"bw":124,"bh":30,"tabW":1689,"selected":false},"timestamp":1780313429057}
{"sessionId":"0d0cc8","hypothesisId":"A","location":"StatisticsUiHelper.OnStatisticsTabDrawItem","message":"draw","data":{"index":5,"bw":132,"bh":36,"tabW":1689,"selected":true},"timestamp":1780313429060}
{"sessionId":"0d0cc8","hypothesisId":"A","location":"StatisticsUiHelper.OnStatisticsTabDrawItem","message":"draw","data":{"index":5,"bw":124,"bh":30,"tabW":1689,"selected":false},"timestamp":1780313443482}
{"sessionId":"0d0cc8","hypothesisId":"A","location":"StatisticsUiHelper.OnStatisticsTabDrawItem","message":"draw","data":{"index":4,"bw":132,"bh":36,"tabW":1689,"selected":true},"timestamp":1780313443489}
{"sessionId":"0d0cc8","hypothesisId":"A","location":"StatisticsUiHelper.OnStatisticsTabDrawItem","message":"draw","data":{"index":3,"bw":124,"bh":30,"tabW":1689,"selected":false},"timestamp":1780313443492}
{"sessionId":"0d0cc8","hypothesisId":"A","location":"StatisticsUiHelper.OnStatisticsTabDrawItem","message":"draw","data":{"index":5,"bw":124,"bh":30,"tabW":1689,"selected":false},"timestamp":1780313443494}
{"sessionId":"0d0cc8","hypothesisId":"A","location":"StatisticsUiHelper.OnStatisticsTabDrawItem","message":"draw","data":{"index":4,"bw":132,"bh":36,"tabW":1689,"selected":true},"timestamp":1780313443496}
{"sessionId":"0d0cc8","hypothesisId":"A","location":"StatisticsUiHelper.OnStatisticsTabDrawItem","message":"draw","data":{"index":3,"bw":124,"bh":30,"tabW":1689,"selected":false},"timestamp":1780313446910}
{"sessionId":"0d0cc8","hypothesisId":"A","location":"StatisticsUiHelper.OnStatisticsTabDrawItem","message":"draw","data":{"index":4,"bw":124,"bh":30,"tabW":1689,"selected":false},"timestamp":1780313446916}
{"sessionId":"0d0cc8","hypothesisId":"A","location":"StatisticsUiHelper.OnStatisticsTabDrawItem","message":"draw","data":{"index":5,"bw":132,"bh":36,"tabW":1689,"selected":true},"timestamp":1780313446919}
{"sessionId":"0d0cc8","hypothesisId":"A","location":"StatisticsUiHelper.OnStatisticsTabDrawItem","message":"draw","data":{"index":4,"bw":124,"bh":30,"tabW":1689,"selected":false},"timestamp":1780313448792}
{"sessionId":"0d0cc8","hypothesisId":"A","location":"StatisticsUiHelper.OnStatisticsTabDrawItem","message":"draw","data":{"index":5,"bw":132,"bh":36,"tabW":1689,"selected":true},"timestamp":1780313448795}
{"sessionId":"0d0cc8","hypothesisId":"A","location":"StatisticsUiHelper.OnStatisticsTabDrawItem","message":"draw","data":{"index":0,"bw":124,"bh":30,"tabW":1689,"selected":false},"timestamp":1780313531529}
{"sessionId":"0d0cc8","hypothesisId":"A","location":"StatisticsUiHelper.OnStatisticsTabDrawItem","message":"draw","data":{"index":1,"bw":124,"bh":30,"tabW":1689,"selected":false},"timestamp":1780313531532}
{"sessionId":"0d0cc8","hypothesisId":"A","location":"StatisticsUiHelper.OnStatisticsTabDrawItem","message":"draw","data":{"index":2,"bw":124,"bh":30,"tabW":1689,"selected":false},"timestamp":1780313531535}
{"sessionId":"0d0cc8","hypothesisId":"A","location":"StatisticsUiHelper.OnStatisticsTabDrawItem","message":"draw","data":{"index":3,"bw":124,"bh":30,"tabW":1689,"selected":false},"timestamp":1780313531538}
{"sessionId":"0d0cc8","hypothesisId":"A","location":"StatisticsUiHelper.OnStatisticsTabDrawItem","message":"draw","data":{"index":4,"bw":124,"bh":30,"tabW":1689,"selected":false},"timestamp":1780313531540}
{"sessionId":"0d0cc8","hypothesisId":"A","location":"StatisticsUiHelper.OnStatisticsTabDrawItem","message":"draw","data":{"index":5,"bw":132,"bh":36,"tabW":1689,"selected":true},"timestamp":1780313531542}
{"sessionId":"0d0cc8","hypothesisId":"B","location":"StatisticsUiHelper.ApplyPremiumGridStyle","message":"ok","data":{"grid":"dgvByClient","colCount":13},"timestamp":1780313531673}
{"sessionId":"0d0cc8","hypothesisId":"A","location":"StatisticsUiHelper.OnStatisticsTabDrawItem","message":"draw","data":{"index":5,"bw":124,"bh":30,"tabW":1689,"selected":false},"timestamp":1780313535741}
{"sessionId":"0d0cc8","hypothesisId":"A","location":"StatisticsUiHelper.OnStatisticsTabDrawItem","message":"draw","data":{"index":4,"bw":132,"bh":36,"tabW":1689,"selected":true},"timestamp":1780313535744}
{"sessionId":"0d0cc8","hypothesisId":"A","location":"StatisticsUiHelper.OnStatisticsTabDrawItem","message":"draw","data":{"index":3,"bw":124,"bh":30,"tabW":1689,"selected":false},"timestamp":1780313535748}
{"sessionId":"0d0cc8","hypothesisId":"A","location":"StatisticsUiHelper.OnStatisticsTabDrawItem","message":"draw","data":{"index":5,"bw":124,"bh":30,"tabW":1689,"selected":false},"timestamp":1780313535750}
{"sessionId":"0d0cc8","hypothesisId":"A","location":"StatisticsUiHelper.OnStatisticsTabDrawItem","message":"draw","data":{"index":4,"bw":132,"bh":36,"tabW":1689,"selected":true},"timestamp":1780313535752}
{"sessionId":"0d0cc8","hypothesisId":"B","location":"StatisticsUiHelper.ApplyPremiumGridStyle","message":"ok","data":{"grid":"","colCount":0},"timestamp":1780481848147}
{"sessionId":"0d0cc8","hypothesisId":"B","location":"StatisticsUiHelper.ApplyPremiumGridStyle","message":"ok","data":{"grid":"","colCount":0},"timestamp":1780481944547}
{"sessionId":"0d0cc8","hypothesisId":"B","location":"StatisticsUiHelper.ApplyPremiumGridStyle","message":"ok","data":{"grid":"","colCount":0},"timestamp":1780482289452}
{"sessionId":"0d0cc8","hypothesisId":"B","location":"StatisticsUiHelper.ApplyPremiumGridStyle","message":"ok","data":{"grid":"","colCount":0},"timestamp":1780482304723}
{"sessionId":"0d0cc8","hypothesisId":"B","location":"StatisticsUiHelper.ApplyPremiumGridStyle","message":"ok","data":{"grid":"","colCount":0},"timestamp":1780482306781}
{"sessionId":"0d0cc8","hypothesisId":"C","location":"StatisticsForm.InitializeForm","message":"start","data":{},"timestamp":1780482311830}
{"sessionId":"0d0cc8","hypothesisId":"C","location":"StatisticsForm.InitializeForm","message":"afterPopulate","data":{"tabCount":6},"timestamp":1780482311852}
{"sessionId":"0d0cc8","hypothesisId":"C","location":"StatisticsForm.InitializeForm","message":"afterChrome","data":{},"timestamp":1780482311855}
{"sessionId":"0d0cc8","hypothesisId":"B","location":"StatisticsUiHelper.ApplyPremiumGridStyle","message":"ok","data":{"grid":"","colCount":3},"timestamp":1780482311858}
{"sessionId":"0d0cc8","hypothesisId":"B","location":"StatisticsUiHelper.ApplyPremiumGridStyle","message":"ok","data":{"grid":"","colCount":6},"timestamp":1780482311859}
{"sessionId":"0d0cc8","hypothesisId":"B","location":"StatisticsUiHelper.ApplyPremiumGridStyle","message":"ok","data":{"grid":"","colCount":6},"timestamp":1780482311860}
{"sessionId":"0d0cc8","hypothesisId":"B","location":"StatisticsUiHelper.ApplyPremiumGridStyle","message":"ok","data":{"grid":"","colCount":8},"timestamp":1780482311861}
{"sessionId":"0d0cc8","hypothesisId":"B","location":"StatisticsUiHelper.ApplyPremiumGridStyle","message":"ok","data":{"grid":"","colCount":7},"timestamp":1780482311862}
{"sessionId":"0d0cc8","hypothesisId":"B","location":"StatisticsUiHelper.ApplyPremiumGridStyle","message":"ok","data":{"grid":"dgvByClient","colCount":13},"timestamp":1780482311866}
{"sessionId":"0d0cc8","hypothesisId":"B","location":"StatisticsUiHelper.ApplyPremiumGridStyle","message":"ok","data":{"grid":"dgvByClient","colCount":13},"timestamp":1780482311867}
{"sessionId":"0d0cc8","hypothesisId":"C","location":"StatisticsForm.InitializeForm","message":"afterGridStyles","data":{"runId":"post-fix"},"timestamp":1780482311867}
{"sessionId":"0d0cc8","hypothesisId":"C","location":"StatisticsForm.InitializeForm","message":"complete","data":{},"timestamp":1780482311869}
{"sessionId":"0d0cc8","hypothesisId":"B","location":"StatisticsUiHelper.ApplyPremiumGridStyle","message":"ok","data":{"grid":"","colCount":3},"timestamp":1780482311997}
{"sessionId":"0d0cc8","hypothesisId":"B","location":"StatisticsUiHelper.ApplyPremiumGridStyle","message":"ok","data":{"grid":"","colCount":6},"timestamp":1780482312002}
{"sessionId":"0d0cc8","hypothesisId":"B","location":"StatisticsUiHelper.ApplyPremiumGridStyle","message":"ok","data":{"grid":"","colCount":6},"timestamp":1780482312005}
{"sessionId":"0d0cc8","hypothesisId":"B","location":"StatisticsUiHelper.ApplyPremiumGridStyle","message":"ok","data":{"grid":"","colCount":8},"timestamp":1780482312013}
{"sessionId":"0d0cc8","hypothesisId":"B","location":"StatisticsUiHelper.ApplyPremiumGridStyle","message":"ok","data":{"grid":"","colCount":7},"timestamp":1780482312076}
{"sessionId":"0d0cc8","hypothesisId":"B","location":"StatisticsUiHelper.ApplyPremiumGridStyle","message":"ok","data":{"grid":"dgvByClient","colCount":13},"timestamp":1780482312084}
{"sessionId":"0d0cc8","hypothesisId":"A","location":"StatisticsUiHelper.OnStatisticsTabDrawItem","message":"draw","data":{"index":0,"bw":124,"bh":30,"tabW":1689,"selected":false},"timestamp":1780482312104}
{"sessionId":"0d0cc8","hypothesisId":"A","location":"StatisticsUiHelper.OnStatisticsTabDrawItem","message":"draw","data":{"index":1,"bw":124,"bh":30,"tabW":1689,"selected":false},"timestamp":1780482312115}
{"sessionId":"0d0cc8","hypothesisId":"A","location":"StatisticsUiHelper.OnStatisticsTabDrawItem","message":"draw","data":{"index":2,"bw":124,"bh":30,"tabW":1689,"selected":false},"timestamp":1780482312118}
{"sessionId":"0d0cc8","hypothesisId":"A","location":"StatisticsUiHelper.OnStatisticsTabDrawItem","message":"draw","data":{"index":4,"bw":124,"bh":30,"tabW":1689,"selected":false},"timestamp":1780482312120}
{"sessionId":"0d0cc8","hypothesisId":"A","location":"StatisticsUiHelper.OnStatisticsTabDrawItem","message":"draw","data":{"index":5,"bw":124,"bh":30,"tabW":1689,"selected":false},"timestamp":1780482312122}
{"sessionId":"0d0cc8","hypothesisId":"A","location":"StatisticsUiHelper.OnStatisticsTabDrawItem","message":"draw","data":{"index":3,"bw":132,"bh":36,"tabW":1689,"selected":true},"timestamp":1780482312127}
{"sessionId":"0d0cc8","hypothesisId":"B","location":"StatisticsUiHelper.ApplyPremiumGridStyle","message":"ok","data":{"grid":"","colCount":0},"timestamp":1780482314476}
{"sessionId":"0d0cc8","hypothesisId":"C","location":"StatisticsForm.InitializeForm","message":"start","data":{},"timestamp":1780482318759}
{"sessionId":"0d0cc8","hypothesisId":"C","location":"StatisticsForm.InitializeForm","message":"afterPopulate","data":{"tabCount":6},"timestamp":1780482318762}
{"sessionId":"0d0cc8","hypothesisId":"C","location":"StatisticsForm.InitializeForm","message":"afterChrome","data":{},"timestamp":1780482318762}
{"sessionId":"0d0cc8","hypothesisId":"B","location":"StatisticsUiHelper.ApplyPremiumGridStyle","message":"ok","data":{"grid":"","colCount":3},"timestamp":1780482318764}
{"sessionId":"0d0cc8","hypothesisId":"B","location":"StatisticsUiHelper.ApplyPremiumGridStyle","message":"ok","data":{"grid":"","colCount":6},"timestamp":1780482318766}
{"sessionId":"0d0cc8","hypothesisId":"B","location":"StatisticsUiHelper.ApplyPremiumGridStyle","message":"ok","data":{"grid":"","colCount":6},"timestamp":1780482318767}
{"sessionId":"0d0cc8","hypothesisId":"B","location":"StatisticsUiHelper.ApplyPremiumGridStyle","message":"ok","data":{"grid":"","colCount":8},"timestamp":1780482318768}
{"sessionId":"0d0cc8","hypothesisId":"B","location":"StatisticsUiHelper.ApplyPremiumGridStyle","message":"ok","data":{"grid":"","colCount":7},"timestamp":1780482318769}
{"sessionId":"0d0cc8","hypothesisId":"B","location":"StatisticsUiHelper.ApplyPremiumGridStyle","message":"ok","data":{"grid":"dgvByClient","colCount":13},"timestamp":1780482318771}
{"sessionId":"0d0cc8","hypothesisId":"B","location":"StatisticsUiHelper.ApplyPremiumGridStyle","message":"ok","data":{"grid":"dgvByClient","colCount":13},"timestamp":1780482318772}
{"sessionId":"0d0cc8","hypothesisId":"C","location":"StatisticsForm.InitializeForm","message":"afterGridStyles","data":{"runId":"post-fix"},"timestamp":1780482318773}
{"sessionId":"0d0cc8","hypothesisId":"C","location":"StatisticsForm.InitializeForm","message":"complete","data":{},"timestamp":1780482318774}
{"sessionId":"0d0cc8","hypothesisId":"B","location":"StatisticsUiHelper.ApplyPremiumGridStyle","message":"ok","data":{"grid":"","colCount":3},"timestamp":1780482318859}
{"sessionId":"0d0cc8","hypothesisId":"B","location":"StatisticsUiHelper.ApplyPremiumGridStyle","message":"ok","data":{"grid":"","colCount":6},"timestamp":1780482318862}
{"sessionId":"0d0cc8","hypothesisId":"B","location":"StatisticsUiHelper.ApplyPremiumGridStyle","message":"ok","data":{"grid":"","colCount":6},"timestamp":1780482318866}
{"sessionId":"0d0cc8","hypothesisId":"B","location":"StatisticsUiHelper.ApplyPremiumGridStyle","message":"ok","data":{"grid":"","colCount":8},"timestamp":1780482318871}
{"sessionId":"0d0cc8","hypothesisId":"B","location":"StatisticsUiHelper.ApplyPremiumGridStyle","message":"ok","data":{"grid":"","colCount":7},"timestamp":1780482318906}
{"sessionId":"0d0cc8","hypothesisId":"B","location":"StatisticsUiHelper.ApplyPremiumGridStyle","message":"ok","data":{"grid":"dgvByClient","colCount":13},"timestamp":1780482318911}
{"sessionId":"0d0cc8","hypothesisId":"A","location":"StatisticsUiHelper.OnStatisticsTabDrawItem","message":"draw","data":{"index":0,"bw":124,"bh":30,"tabW":1689,"selected":false},"timestamp":1780482318923}
{"sessionId":"0d0cc8","hypothesisId":"A","location":"StatisticsUiHelper.OnStatisticsTabDrawItem","message":"draw","data":{"index":1,"bw":124,"bh":30,"tabW":1689,"selected":false},"timestamp":1780482318925}
{"sessionId":"0d0cc8","hypothesisId":"A","location":"StatisticsUiHelper.OnStatisticsTabDrawItem","message":"draw","data":{"index":2,"bw":124,"bh":30,"tabW":1689,"selected":false},"timestamp":1780482318926}
{"sessionId":"0d0cc8","hypothesisId":"A","location":"StatisticsUiHelper.OnStatisticsTabDrawItem","message":"draw","data":{"index":4,"bw":124,"bh":30,"tabW":1689,"selected":false},"timestamp":1780482318928}
{"sessionId":"0d0cc8","hypothesisId":"A","location":"StatisticsUiHelper.OnStatisticsTabDrawItem","message":"draw","data":{"index":5,"bw":124,"bh":30,"tabW":1689,"selected":false},"timestamp":1780482318929}
{"sessionId":"0d0cc8","hypothesisId":"A","location":"StatisticsUiHelper.OnStatisticsTabDrawItem","message":"draw","data":{"index":3,"bw":132,"bh":36,"tabW":1689,"selected":true},"timestamp":1780482318930}
{"sessionId":"0d0cc8","hypothesisId":"A","location":"StatisticsUiHelper.OnStatisticsTabDrawItem","message":"draw","data":{"index":2,"bw":124,"bh":30,"tabW":1689,"selected":false},"timestamp":1780482321024}
{"sessionId":"0d0cc8","hypothesisId":"A","location":"StatisticsUiHelper.OnStatisticsTabDrawItem","message":"draw","data":{"index":3,"bw":124,"bh":30,"tabW":1689,"selected":false},"timestamp":1780482321026}
{"sessionId":"0d0cc8","hypothesisId":"A","location":"StatisticsUiHelper.OnStatisticsTabDrawItem","message":"draw","data":{"index":4,"bw":124,"bh":30,"tabW":1689,"selected":false},"timestamp":1780482321028}
{"sessionId":"0d0cc8","hypothesisId":"A","location":"StatisticsUiHelper.OnStatisticsTabDrawItem","message":"draw","data":{"index":2,"bw":124,"bh":30,"tabW":1689,"selected":false},"timestamp":1780482321029}
{"sessionId":"0d0cc8","hypothesisId":"A","location":"StatisticsUiHelper.OnStatisticsTabDrawItem","message":"draw","data":{"index":3,"bw":124,"bh":30,"tabW":1689,"selected":false},"timestamp":1780482321031}
{"sessionId":"0d0cc8","hypothesisId":"A","location":"StatisticsUiHelper.OnStatisticsTabDrawItem","message":"draw","data":{"index":4,"bw":124,"bh":30,"tabW":1689,"selected":false},"timestamp":1780482321033}
{"sessionId":"0d0cc8","hypothesisId":"A","location":"StatisticsUiHelper.OnStatisticsTabDrawItem","message":"draw","data":{"index":5,"bw":132,"bh":36,"tabW":1689,"selected":true},"timestamp":1780482321034}
{"sessionId":"0d0cc8","hypothesisId":"A","location":"StatisticsUiHelper.OnStatisticsTabDrawItem","message":"draw","data":{"index":4,"bw":124,"bh":30,"tabW":1689,"selected":false},"timestamp":1780482322868}
{"sessionId":"0d0cc8","hypothesisId":"A","location":"StatisticsUiHelper.OnStatisticsTabDrawItem","message":"draw","data":{"index":5,"bw":132,"bh":36,"tabW":1689,"selected":true},"timestamp":1780482322871}
{"sessionId":"0d0cc8","hypothesisId":"A","location":"StatisticsUiHelper.OnStatisticsTabDrawItem","message":"draw","data":{"index":0,"bw":124,"bh":30,"tabW":1689,"selected":false},"timestamp":1780482322881}
{"sessionId":"0d0cc8","hypothesisId":"A","location":"StatisticsUiHelper.OnStatisticsTabDrawItem","message":"draw","data":{"index":1,"bw":124,"bh":30,"tabW":1689,"selected":false},"timestamp":1780482322884}
{"sessionId":"0d0cc8","hypothesisId":"A","location":"StatisticsUiHelper.OnStatisticsTabDrawItem","message":"draw","data":{"index":2,"bw":124,"bh":30,"tabW":1689,"selected":false},"timestamp":1780482322886}
{"sessionId":"0d0cc8","hypothesisId":"A","location":"StatisticsUiHelper.OnStatisticsTabDrawItem","message":"draw","data":{"index":3,"bw":124,"bh":30,"tabW":1689,"selected":false},"timestamp":1780482322888}
{"sessionId":"0d0cc8","hypothesisId":"A","location":"StatisticsUiHelper.OnStatisticsTabDrawItem","message":"draw","data":{"index":4,"bw":124,"bh":30,"tabW":1689,"selected":false},"timestamp":1780482322889}
{"sessionId":"0d0cc8","hypothesisId":"A","location":"StatisticsUiHelper.OnStatisticsTabDrawItem","message":"draw","data":{"index":5,"bw":132,"bh":36,"tabW":1689,"selected":true},"timestamp":1780482322897}
{"sessionId":"0d0cc8","hypothesisId":"B","location":"StatisticsUiHelper.ApplyPremiumGridStyle","message":"ok","data":{"grid":"dgvByClient","colCount":13},"timestamp":1780482323073}
{"sessionId":"0d0cc8","hypothesisId":"B","location":"StatisticsUiHelper.ApplyPremiumGridStyle","message":"ok","data":{"grid":"dgvByClient","colCount":13},"timestamp":1780482330856}
{"sessionId":"0d0cc8","hypothesisId":"B","location":"StatisticsUiHelper.ApplyPremiumGridStyle","message":"ok","data":{"grid":"dgvByClient","colCount":13},"timestamp":1780482337027}
{"sessionId":"0d0cc8","hypothesisId":"B","location":"StatisticsUiHelper.ApplyPremiumGridStyle","message":"ok","data":{"grid":"","colCount":0},"timestamp":1780482396736}
{"sessionId":"0d0cc8","hypothesisId":"B","location":"StatisticsUiHelper.ApplyPremiumGridStyle","message":"ok","data":{"grid":"","colCount":0},"timestamp":1780482399876}
{"sessionId":"0d0cc8","hypothesisId":"B","location":"StatisticsUiHelper.ApplyPremiumGridStyle","message":"ok","data":{"grid":"","colCount":0},"timestamp":1780482449037}
{"sessionId":"0d0cc8","hypothesisId":"B","location":"StatisticsUiHelper.ApplyPremiumGridStyle","message":"ok","data":{"grid":"","colCount":0},"timestamp":1780482467006}
{"sessionId":"0d0cc8","hypothesisId":"B","location":"StatisticsUiHelper.ApplyPremiumGridStyle","message":"ok","data":{"grid":"","colCount":0},"timestamp":1780482711111}
{"sessionId":"0d0cc8","hypothesisId":"B","location":"StatisticsUiHelper.ApplyPremiumGridStyle","message":"ok","data":{"grid":"","colCount":0},"timestamp":1780482725900}
{"sessionId":"0d0cc8","hypothesisId":"B","location":"StatisticsUiHelper.ApplyPremiumGridStyle","message":"ok","data":{"grid":"","colCount":0},"timestamp":1780482745392}
{"sessionId":"0d0cc8","hypothesisId":"B","location":"StatisticsUiHelper.ApplyPremiumGridStyle","message":"ok","data":{"grid":"","colCount":0},"timestamp":1780482747016}
{"sessionId":"0d0cc8","hypothesisId":"B","location":"StatisticsUiHelper.ApplyPremiumGridStyle","message":"ok","data":{"grid":"","colCount":0},"timestamp":1780485663759}
{"sessionId":"0d0cc8","hypothesisId":"C","location":"StatisticsForm.InitializeForm","message":"start","data":{},"timestamp":1780485696081}
{"sessionId":"0d0cc8","hypothesisId":"C","location":"StatisticsForm.InitializeForm","message":"afterPopulate","data":{"tabCount":6},"timestamp":1780485696103}
{"sessionId":"0d0cc8","hypothesisId":"C","location":"StatisticsForm.InitializeForm","message":"afterChrome","data":{},"timestamp":1780485696105}
{"sessionId":"0d0cc8","hypothesisId":"B","location":"StatisticsUiHelper.ApplyPremiumGridStyle","message":"ok","data":{"grid":"","colCount":3},"timestamp":1780485696108}
{"sessionId":"0d0cc8","hypothesisId":"B","location":"StatisticsUiHelper.ApplyPremiumGridStyle","message":"ok","data":{"grid":"","colCount":6},"timestamp":1780485696110}
{"sessionId":"0d0cc8","hypothesisId":"B","location":"StatisticsUiHelper.ApplyPremiumGridStyle","message":"ok","data":{"grid":"","colCount":6},"timestamp":1780485696111}
{"sessionId":"0d0cc8","hypothesisId":"B","location":"StatisticsUiHelper.ApplyPremiumGridStyle","message":"ok","data":{"grid":"","colCount":8},"timestamp":1780485696112}
{"sessionId":"0d0cc8","hypothesisId":"B","location":"StatisticsUiHelper.ApplyPremiumGridStyle","message":"ok","data":{"grid":"","colCount":7},"timestamp":1780485696113}
{"sessionId":"0d0cc8","hypothesisId":"B","location":"StatisticsUiHelper.ApplyPremiumGridStyle","message":"ok","data":{"grid":"dgvByClient","colCount":13},"timestamp":1780485696116}
{"sessionId":"0d0cc8","hypothesisId":"B","location":"StatisticsUiHelper.ApplyPremiumGridStyle","message":"ok","data":{"grid":"dgvByClient","colCount":13},"timestamp":1780485696118}
{"sessionId":"0d0cc8","hypothesisId":"C","location":"StatisticsForm.InitializeForm","message":"afterGridStyles","data":{"runId":"post-fix"},"timestamp":1780485696118}
{"sessionId":"0d0cc8","hypothesisId":"C","location":"StatisticsForm.InitializeForm","message":"complete","data":{},"timestamp":1780485696120}
{"sessionId":"0d0cc8","hypothesisId":"B","location":"StatisticsUiHelper.ApplyPremiumGridStyle","message":"ok","data":{"grid":"","colCount":3},"timestamp":1780485696239}
{"sessionId":"0d0cc8","hypothesisId":"B","location":"StatisticsUiHelper.ApplyPremiumGridStyle","message":"ok","data":{"grid":"","colCount":6},"timestamp":1780485696245}
{"sessionId":"0d0cc8","hypothesisId":"B","location":"StatisticsUiHelper.ApplyPremiumGridStyle","message":"ok","data":{"grid":"","colCount":6},"timestamp":1780485696249}
{"sessionId":"0d0cc8","hypothesisId":"B","location":"StatisticsUiHelper.ApplyPremiumGridStyle","message":"ok","data":{"grid":"","colCount":8},"timestamp":1780485696254}
{"sessionId":"0d0cc8","hypothesisId":"B","location":"StatisticsUiHelper.ApplyPremiumGridStyle","message":"ok","data":{"grid":"","colCount":7},"timestamp":1780485696300}
{"sessionId":"0d0cc8","hypothesisId":"B","location":"StatisticsUiHelper.ApplyPremiumGridStyle","message":"ok","data":{"grid":"dgvByClient","colCount":13},"timestamp":1780485696308}
{"sessionId":"0d0cc8","hypothesisId":"A","location":"StatisticsUiHelper.OnStatisticsTabDrawItem","message":"draw","data":{"index":0,"bw":124,"bh":30,"tabW":1689,"selected":false},"timestamp":1780485696327}
{"sessionId":"0d0cc8","hypothesisId":"A","location":"StatisticsUiHelper.OnStatisticsTabDrawItem","message":"draw","data":{"index":1,"bw":124,"bh":30,"tabW":1689,"selected":false},"timestamp":1780485696337}
{"sessionId":"0d0cc8","hypothesisId":"A","location":"StatisticsUiHelper.OnStatisticsTabDrawItem","message":"draw","data":{"index":2,"bw":124,"bh":30,"tabW":1689,"selected":false},"timestamp":1780485696339}
{"sessionId":"0d0cc8","hypothesisId":"A","location":"StatisticsUiHelper.OnStatisticsTabDrawItem","message":"draw","data":{"index":4,"bw":124,"bh":30,"tabW":1689,"selected":false},"timestamp":1780485696341}
{"sessionId":"0d0cc8","hypothesisId":"A","location":"StatisticsUiHelper.OnStatisticsTabDrawItem","message":"draw","data":{"index":5,"bw":124,"bh":30,"tabW":1689,"selected":false},"timestamp":1780485696343}
{"sessionId":"0d0cc8","hypothesisId":"A","location":"StatisticsUiHelper.OnStatisticsTabDrawItem","message":"draw","data":{"index":3,"bw":132,"bh":36,"tabW":1689,"selected":true},"timestamp":1780485696344}
{"sessionId":"0d0cc8","hypothesisId":"A","location":"StatisticsUiHelper.OnStatisticsTabDrawItem","message":"draw","data":{"index":2,"bw":124,"bh":30,"tabW":1689,"selected":false},"timestamp":1780485697891}
{"sessionId":"0d0cc8","hypothesisId":"A","location":"StatisticsUiHelper.OnStatisticsTabDrawItem","message":"draw","data":{"index":3,"bw":124,"bh":30,"tabW":1689,"selected":false},"timestamp":1780485697893}
{"sessionId":"0d0cc8","hypothesisId":"A","location":"StatisticsUiHelper.OnStatisticsTabDrawItem","message":"draw","data":{"index":4,"bw":132,"bh":36,"tabW":1689,"selected":true},"timestamp":1780485697895}
{"sessionId":"0d0cc8","hypothesisId":"A","location":"StatisticsUiHelper.OnStatisticsTabDrawItem","message":"draw","data":{"index":2,"bw":124,"bh":30,"tabW":1689,"selected":false},"timestamp":1780485697905}
{"sessionId":"0d0cc8","hypothesisId":"A","location":"StatisticsUiHelper.OnStatisticsTabDrawItem","message":"draw","data":{"index":3,"bw":124,"bh":30,"tabW":1689,"selected":false},"timestamp":1780485697907}
{"sessionId":"0d0cc8","hypothesisId":"A","location":"StatisticsUiHelper.OnStatisticsTabDrawItem","message":"draw","data":{"index":5,"bw":124,"bh":30,"tabW":1689,"selected":false},"timestamp":1780485697908}
{"sessionId":"0d0cc8","hypothesisId":"A","location":"StatisticsUiHelper.OnStatisticsTabDrawItem","message":"draw","data":{"index":4,"bw":132,"bh":36,"tabW":1689,"selected":true},"timestamp":1780485697910}
{"sessionId":"0d0cc8","hypothesisId":"A","location":"StatisticsUiHelper.OnStatisticsTabDrawItem","message":"draw","data":{"index":3,"bw":124,"bh":30,"tabW":1689,"selected":false},"timestamp":1780485698282}
{"sessionId":"0d0cc8","hypothesisId":"A","location":"StatisticsUiHelper.OnStatisticsTabDrawItem","message":"draw","data":{"index":4,"bw":124,"bh":30,"tabW":1689,"selected":false},"timestamp":1780485698286}
{"sessionId":"0d0cc8","hypothesisId":"A","location":"StatisticsUiHelper.OnStatisticsTabDrawItem","message":"draw","data":{"index":5,"bw":132,"bh":36,"tabW":1689,"selected":true},"timestamp":1780485698288}
{"sessionId":"0d0cc8","hypothesisId":"A","location":"StatisticsUiHelper.OnStatisticsTabDrawItem","message":"draw","data":{"index":4,"bw":124,"bh":30,"tabW":1689,"selected":false},"timestamp":1780485699703}
{"sessionId":"0d0cc8","hypothesisId":"A","location":"StatisticsUiHelper.OnStatisticsTabDrawItem","message":"draw","data":{"index":5,"bw":132,"bh":36,"tabW":1689,"selected":true},"timestamp":1780485699707}
{"sessionId":"0d0cc8","hypothesisId":"A","location":"StatisticsUiHelper.OnStatisticsTabDrawItem","message":"draw","data":{"index":0,"bw":124,"bh":30,"tabW":1689,"selected":false},"timestamp":1780485705230}
{"sessionId":"0d0cc8","hypothesisId":"A","location":"StatisticsUiHelper.OnStatisticsTabDrawItem","message":"draw","data":{"index":1,"bw":124,"bh":30,"tabW":1689,"selected":false},"timestamp":1780485705232}
{"sessionId":"0d0cc8","hypothesisId":"A","location":"StatisticsUiHelper.OnStatisticsTabDrawItem","message":"draw","data":{"index":2,"bw":124,"bh":30,"tabW":1689,"selected":false},"timestamp":1780485705234}
{"sessionId":"0d0cc8","hypothesisId":"A","location":"StatisticsUiHelper.OnStatisticsTabDrawItem","message":"draw","data":{"index":3,"bw":124,"bh":30,"tabW":1689,"selected":false},"timestamp":1780485705239}
{"sessionId":"0d0cc8","hypothesisId":"A","location":"StatisticsUiHelper.OnStatisticsTabDrawItem","message":"draw","data":{"index":4,"bw":124,"bh":30,"tabW":1689,"selected":false},"timestamp":1780485705240}
{"sessionId":"0d0cc8","hypothesisId":"A","location":"StatisticsUiHelper.OnStatisticsTabDrawItem","message":"draw","data":{"index":5,"bw":132,"bh":36,"tabW":1689,"selected":true},"timestamp":1780485705242}
{"sessionId":"0d0cc8","hypothesisId":"B","location":"StatisticsUiHelper.ApplyPremiumGridStyle","message":"ok","data":{"grid":"dgvByClient","colCount":13},"timestamp":1780485705399}
{"sessionId":"0d0cc8","hypothesisId":"C","location":"StatisticsForm.InitializeForm","message":"start","data":{},"timestamp":1780485760142}
{"sessionId":"0d0cc8","hypothesisId":"C","location":"StatisticsForm.InitializeForm","message":"afterPopulate","data":{"tabCount":6},"timestamp":1780485760144}
{"sessionId":"0d0cc8","hypothesisId":"C","location":"StatisticsForm.InitializeForm","message":"afterChrome","data":{},"timestamp":1780485760145}
{"sessionId":"0d0cc8","hypothesisId":"B","location":"StatisticsUiHelper.ApplyPremiumGridStyle","message":"ok","data":{"grid":"","colCount":3},"timestamp":1780485760146}
{"sessionId":"0d0cc8","hypothesisId":"B","location":"StatisticsUiHelper.ApplyPremiumGridStyle","message":"ok","data":{"grid":"","colCount":6},"timestamp":1780485760148}
{"sessionId":"0d0cc8","hypothesisId":"B","location":"StatisticsUiHelper.ApplyPremiumGridStyle","message":"ok","data":{"grid":"","colCount":6},"timestamp":1780485760149}
{"sessionId":"0d0cc8","hypothesisId":"B","location":"StatisticsUiHelper.ApplyPremiumGridStyle","message":"ok","data":{"grid":"","colCount":8},"timestamp":1780485760150}
{"sessionId":"0d0cc8","hypothesisId":"B","location":"StatisticsUiHelper.ApplyPremiumGridStyle","message":"ok","data":{"grid":"","colCount":7},"timestamp":1780485760152}
{"sessionId":"0d0cc8","hypothesisId":"B","location":"StatisticsUiHelper.ApplyPremiumGridStyle","message":"ok","data":{"grid":"dgvByClient","colCount":13},"timestamp":1780485760155}
{"sessionId":"0d0cc8","hypothesisId":"B","location":"StatisticsUiHelper.ApplyPremiumGridStyle","message":"ok","data":{"grid":"dgvByClient","colCount":13},"timestamp":1780485760156}
{"sessionId":"0d0cc8","hypothesisId":"C","location":"StatisticsForm.InitializeForm","message":"afterGridStyles","data":{"runId":"post-fix"},"timestamp":1780485760156}
{"sessionId":"0d0cc8","hypothesisId":"C","location":"StatisticsForm.InitializeForm","message":"complete","data":{},"timestamp":1780485760157}
{"sessionId":"0d0cc8","hypothesisId":"B","location":"StatisticsUiHelper.ApplyPremiumGridStyle","message":"ok","data":{"grid":"","colCount":3},"timestamp":1780485760250}
{"sessionId":"0d0cc8","hypothesisId":"B","location":"StatisticsUiHelper.ApplyPremiumGridStyle","message":"ok","data":{"grid":"","colCount":6},"timestamp":1780485760253}
{"sessionId":"0d0cc8","hypothesisId":"B","location":"StatisticsUiHelper.ApplyPremiumGridStyle","message":"ok","data":{"grid":"","colCount":6},"timestamp":1780485760256}
{"sessionId":"0d0cc8","hypothesisId":"B","location":"StatisticsUiHelper.ApplyPremiumGridStyle","message":"ok","data":{"grid":"","colCount":8},"timestamp":1780485760263}
{"sessionId":"0d0cc8","hypothesisId":"B","location":"StatisticsUiHelper.ApplyPremiumGridStyle","message":"ok","data":{"grid":"","colCount":7},"timestamp":1780485760291}
{"sessionId":"0d0cc8","hypothesisId":"B","location":"StatisticsUiHelper.ApplyPremiumGridStyle","message":"ok","data":{"grid":"dgvByClient","colCount":13},"timestamp":1780485760297}
{"sessionId":"0d0cc8","hypothesisId":"A","location":"StatisticsUiHelper.OnStatisticsTabDrawItem","message":"draw","data":{"index":0,"bw":124,"bh":30,"tabW":1689,"selected":false},"timestamp":1780485760309}
{"sessionId":"0d0cc8","hypothesisId":"A","location":"StatisticsUiHelper.OnStatisticsTabDrawItem","message":"draw","data":{"index":1,"bw":124,"bh":30,"tabW":1689,"selected":false},"timestamp":1780485760311}
{"sessionId":"0d0cc8","hypothesisId":"A","location":"StatisticsUiHelper.OnStatisticsTabDrawItem","message":"draw","data":{"index":2,"bw":124,"bh":30,"tabW":1689,"selected":false},"timestamp":1780485760312}
{"sessionId":"0d0cc8","hypothesisId":"A","location":"StatisticsUiHelper.OnStatisticsTabDrawItem","message":"draw","data":{"index":4,"bw":124,"bh":30,"tabW":1689,"selected":false},"timestamp":1780485760313}
{"sessionId":"0d0cc8","hypothesisId":"A","location":"StatisticsUiHelper.OnStatisticsTabDrawItem","message":"draw","data":{"index":5,"bw":124,"bh":30,"tabW":1689,"selected":false},"timestamp":1780485760314}
{"sessionId":"0d0cc8","hypothesisId":"A","location":"StatisticsUiHelper.OnStatisticsTabDrawItem","message":"draw","data":{"index":3,"bw":132,"bh":36,"tabW":1689,"selected":true},"timestamp":1780485760315}
{"sessionId":"0d0cc8","hypothesisId":"A","location":"StatisticsUiHelper.OnStatisticsTabDrawItem","message":"draw","data":{"index":2,"bw":124,"bh":30,"tabW":1689,"selected":false},"timestamp":1780485762305}
{"sessionId":"0d0cc8","hypothesisId":"A","location":"StatisticsUiHelper.OnStatisticsTabDrawItem","message":"draw","data":{"index":3,"bw":124,"bh":30,"tabW":1689,"selected":false},"timestamp":1780485762307}
{"sessionId":"0d0cc8","hypothesisId":"A","location":"StatisticsUiHelper.OnStatisticsTabDrawItem","message":"draw","data":{"index":4,"bw":124,"bh":30,"tabW":1689,"selected":false},"timestamp":1780485762309}
{"sessionId":"0d0cc8","hypothesisId":"A","location":"StatisticsUiHelper.OnStatisticsTabDrawItem","message":"draw","data":{"index":2,"bw":124,"bh":30,"tabW":1689,"selected":false},"timestamp":1780485762310}
{"sessionId":"0d0cc8","hypothesisId":"A","location":"StatisticsUiHelper.OnStatisticsTabDrawItem","message":"draw","data":{"index":3,"bw":124,"bh":30,"tabW":1689,"selected":false},"timestamp":1780485762311}
{"sessionId":"0d0cc8","hypothesisId":"A","location":"StatisticsUiHelper.OnStatisticsTabDrawItem","message":"draw","data":{"index":4,"bw":124,"bh":30,"tabW":1689,"selected":false},"timestamp":1780485762312}
{"sessionId":"0d0cc8","hypothesisId":"A","location":"StatisticsUiHelper.OnStatisticsTabDrawItem","message":"draw","data":{"index":5,"bw":132,"bh":36,"tabW":1689,"selected":true},"timestamp":1780485762313}
{"sessionId":"0d0cc8","hypothesisId":"A","location":"StatisticsUiHelper.OnStatisticsTabDrawItem","message":"draw","data":{"index":4,"bw":124,"bh":30,"tabW":1689,"selected":false},"timestamp":1780485767081}
{"sessionId":"0d0cc8","hypothesisId":"A","location":"StatisticsUiHelper.OnStatisticsTabDrawItem","message":"draw","data":{"index":5,"bw":132,"bh":36,"tabW":1689,"selected":true},"timestamp":1780485767084}
{"sessionId":"0d0cc8","hypothesisId":"A","location":"StatisticsUiHelper.OnStatisticsTabDrawItem","message":"draw","data":{"index":4,"bw":124,"bh":30,"tabW":1689,"selected":false},"timestamp":1780485849412}
{"sessionId":"0d0cc8","hypothesisId":"A","location":"StatisticsUiHelper.OnStatisticsTabDrawItem","message":"draw","data":{"index":5,"bw":132,"bh":36,"tabW":1689,"selected":true},"timestamp":1780485849420}
{"sessionId":"0d0cc8","hypothesisId":"B","location":"StatisticsUiHelper.ApplyPremiumGridStyle","message":"ok","data":{"grid":"gridCustomers","colCount":4},"timestamp":1780485923816}
{"sessionId":"0d0cc8","hypothesisId":"B","location":"StatisticsUiHelper.ApplyPremiumGridStyle","message":"ok","data":{"grid":"","colCount":0},"timestamp":1780485923830}
{"sessionId":"0d0cc8","hypothesisId":"B","location":"StatisticsUiHelper.ApplyPremiumGridStyle","message":"ok","data":{"grid":"","colCount":0},"timestamp":1780485923833}
{"sessionId":"0d0cc8","hypothesisId":"B","location":"StatisticsUiHelper.ApplyPremiumGridStyle","message":"ok","data":{"grid":"gridLocations","colCount":3},"timestamp":1780485923836}
{"sessionId":"0d0cc8","hypothesisId":"B","location":"StatisticsUiHelper.ApplyPremiumGridStyle","message":"ok","data":{"grid":"gridHandlers","colCount":3},"timestamp":1780485923858}
{"sessionId":"0d0cc8","hypothesisId":"B","location":"StatisticsUiHelper.ApplyPremiumGridStyle","message":"ok","data":{"grid":"gridHandlers","colCount":3},"timestamp":1780485923861}
{"sessionId":"0d0cc8","hypothesisId":"B","location":"StatisticsUiHelper.ApplyPremiumGridStyle","message":"ok","data":{"grid":"gridCustomers","colCount":4},"timestamp":1780485923863}
{"sessionId":"0d0cc8","hypothesisId":"B","location":"StatisticsUiHelper.ApplyPremiumGridStyle","message":"ok","data":{"grid":"","colCount":0},"timestamp":1780485923864}
{"sessionId":"0d0cc8","hypothesisId":"B","location":"StatisticsUiHelper.ApplyPremiumGridStyle","message":"ok","data":{"grid":"","colCount":0},"timestamp":1780485923864}
{"sessionId":"0d0cc8","hypothesisId":"B","location":"StatisticsUiHelper.ApplyPremiumGridStyle","message":"ok","data":{"grid":"gridLocations","colCount":3},"timestamp":1780485923865}
{"sessionId":"0d0cc8","hypothesisId":"B","location":"StatisticsUiHelper.ApplyPremiumGridStyle","message":"ok","data":{"grid":"gridHandlers","colCount":3},"timestamp":1780485923865}
{"sessionId":"0d0cc8","hypothesisId":"B","location":"StatisticsUiHelper.ApplyPremiumGridStyle","message":"ok","data":{"grid":"","colCount":0},"timestamp":1780485939045}
{"sessionId":"0d0cc8","hypothesisId":"B","location":"StatisticsUiHelper.ApplyPremiumGridStyle","message":"ok","data":{"grid":"","colCount":0},"timestamp":1780485946246}
{"sessionId":"0d0cc8","hypothesisId":"B","location":"StatisticsUiHelper.ApplyPremiumGridStyle","message":"ok","data":{"grid":"","colCount":0},"timestamp":1780486089005}
{"sessionId":"0d0cc8","hypothesisId":"B","location":"StatisticsUiHelper.ApplyPremiumGridStyle","message":"ok","data":{"grid":"","colCount":0},"timestamp":1780487359044}
{"sessionId":"0d0cc8","hypothesisId":"B","location":"StatisticsUiHelper.ApplyPremiumGridStyle","message":"ok","data":{"grid":"","colCount":0},"timestamp":1780487472194}
{"sessionId":"0d0cc8","hypothesisId":"B","location":"StatisticsUiHelper.ApplyPremiumGridStyle","message":"ok","data":{"grid":"","colCount":0},"timestamp":1780487577726}
{"sessionId":"0d0cc8","hypothesisId":"B","location":"StatisticsUiHelper.ApplyPremiumGridStyle","message":"ok","data":{"grid":"","colCount":0},"timestamp":1780487941592}
{"sessionId":"0d0cc8","hypothesisId":"B","location":"StatisticsUiHelper.ApplyPremiumGridStyle","message":"ok","data":{"grid":"","colCount":0},"timestamp":1780487969447}
{"sessionId":"0d0cc8","hypothesisId":"C","location":"StatisticsForm.InitializeForm","message":"start","data":{},"timestamp":1780491057114}
{"sessionId":"0d0cc8","hypothesisId":"C","location":"StatisticsForm.InitializeForm","message":"afterPopulate","data":{"tabCount":6},"timestamp":1780491057143}
{"sessionId":"0d0cc8","hypothesisId":"C","location":"StatisticsForm.InitializeForm","message":"afterChrome","data":{},"timestamp":1780491057145}
{"sessionId":"0d0cc8","hypothesisId":"B","location":"StatisticsUiHelper.ApplyPremiumGridStyle","message":"ok","data":{"grid":"","colCount":3},"timestamp":1780491057148}
{"sessionId":"0d0cc8","hypothesisId":"B","location":"StatisticsUiHelper.ApplyPremiumGridStyle","message":"ok","data":{"grid":"","colCount":6},"timestamp":1780491057150}
{"sessionId":"0d0cc8","hypothesisId":"B","location":"StatisticsUiHelper.ApplyPremiumGridStyle","message":"ok","data":{"grid":"","colCount":6},"timestamp":1780491057151}
{"sessionId":"0d0cc8","hypothesisId":"B","location":"StatisticsUiHelper.ApplyPremiumGridStyle","message":"ok","data":{"grid":"","colCount":8},"timestamp":1780491057152}
{"sessionId":"0d0cc8","hypothesisId":"B","location":"StatisticsUiHelper.ApplyPremiumGridStyle","message":"ok","data":{"grid":"","colCount":7},"timestamp":1780491057154}
{"sessionId":"0d0cc8","hypothesisId":"B","location":"StatisticsUiHelper.ApplyPremiumGridStyle","message":"ok","data":{"grid":"dgvByClient","colCount":13},"timestamp":1780491057159}
{"sessionId":"0d0cc8","hypothesisId":"B","location":"StatisticsUiHelper.ApplyPremiumGridStyle","message":"ok","data":{"grid":"dgvByClient","colCount":13},"timestamp":1780491057161}
{"sessionId":"0d0cc8","hypothesisId":"C","location":"StatisticsForm.InitializeForm","message":"afterGridStyles","data":{"runId":"post-fix"},"timestamp":1780491057161}
{"sessionId":"0d0cc8","hypothesisId":"C","location":"StatisticsForm.InitializeForm","message":"complete","data":{},"timestamp":1780491057163}
{"sessionId":"0d0cc8","hypothesisId":"B","location":"StatisticsUiHelper.ApplyPremiumGridStyle","message":"ok","data":{"grid":"","colCount":3},"timestamp":1780491057300}
{"sessionId":"0d0cc8","hypothesisId":"B","location":"StatisticsUiHelper.ApplyPremiumGridStyle","message":"ok","data":{"grid":"","colCount":6},"timestamp":1780491057305}
{"sessionId":"0d0cc8","hypothesisId":"B","location":"StatisticsUiHelper.ApplyPremiumGridStyle","message":"ok","data":{"grid":"","colCount":6},"timestamp":1780491057309}
{"sessionId":"0d0cc8","hypothesisId":"B","location":"StatisticsUiHelper.ApplyPremiumGridStyle","message":"ok","data":{"grid":"","colCount":8},"timestamp":1780491057316}
{"sessionId":"0d0cc8","hypothesisId":"B","location":"StatisticsUiHelper.ApplyPremiumGridStyle","message":"ok","data":{"grid":"","colCount":7},"timestamp":1780491057381}
{"sessionId":"0d0cc8","hypothesisId":"B","location":"StatisticsUiHelper.ApplyPremiumGridStyle","message":"ok","data":{"grid":"dgvByClient","colCount":13},"timestamp":1780491057389}
{"sessionId":"0d0cc8","hypothesisId":"A","location":"StatisticsUiHelper.OnStatisticsTabDrawItem","message":"draw","data":{"index":0,"bw":124,"bh":30,"tabW":1689,"selected":false},"timestamp":1780491057409}
{"sessionId":"0d0cc8","hypothesisId":"A","location":"StatisticsUiHelper.OnStatisticsTabDrawItem","message":"draw","data":{"index":1,"bw":124,"bh":30,"tabW":1689,"selected":false},"timestamp":1780491057415}
{"sessionId":"0d0cc8","hypothesisId":"A","location":"StatisticsUiHelper.OnStatisticsTabDrawItem","message":"draw","data":{"index":2,"bw":124,"bh":30,"tabW":1689,"selected":false},"timestamp":1780491057417}
{"sessionId":"0d0cc8","hypothesisId":"A","location":"StatisticsUiHelper.OnStatisticsTabDrawItem","message":"draw","data":{"index":4,"bw":124,"bh":30,"tabW":1689,"selected":false},"timestamp":1780491057418}
{"sessionId":"0d0cc8","hypothesisId":"A","location":"StatisticsUiHelper.OnStatisticsTabDrawItem","message":"draw","data":{"index":5,"bw":124,"bh":30,"tabW":1689,"selected":false},"timestamp":1780491057420}
{"sessionId":"0d0cc8","hypothesisId":"A","location":"StatisticsUiHelper.OnStatisticsTabDrawItem","message":"draw","data":{"index":3,"bw":132,"bh":36,"tabW":1689,"selected":true},"timestamp":1780491057421}
{"sessionId":"0d0cc8","hypothesisId":"A","location":"StatisticsUiHelper.OnStatisticsTabDrawItem","message":"draw","data":{"index":2,"bw":124,"bh":30,"tabW":1689,"selected":false},"timestamp":1780491058456}
{"sessionId":"0d0cc8","hypothesisId":"A","location":"StatisticsUiHelper.OnStatisticsTabDrawItem","message":"draw","data":{"index":3,"bw":124,"bh":30,"tabW":1689,"selected":false},"timestamp":1780491058458}
{"sessionId":"0d0cc8","hypothesisId":"A","location":"StatisticsUiHelper.OnStatisticsTabDrawItem","message":"draw","data":{"index":4,"bw":124,"bh":30,"tabW":1689,"selected":false},"timestamp":1780491058460}
{"sessionId":"0d0cc8","hypothesisId":"A","location":"StatisticsUiHelper.OnStatisticsTabDrawItem","message":"draw","data":{"index":2,"bw":124,"bh":30,"tabW":1689,"selected":false},"timestamp":1780491058462}
{"sessionId":"0d0cc8","hypothesisId":"A","location":"StatisticsUiHelper.OnStatisticsTabDrawItem","message":"draw","data":{"index":3,"bw":124,"bh":30,"tabW":1689,"selected":false},"timestamp":1780491058463}
{"sessionId":"0d0cc8","hypothesisId":"A","location":"StatisticsUiHelper.OnStatisticsTabDrawItem","message":"draw","data":{"index":4,"bw":124,"bh":30,"tabW":1689,"selected":false},"timestamp":1780491058464}
{"sessionId":"0d0cc8","hypothesisId":"A","location":"StatisticsUiHelper.OnStatisticsTabDrawItem","message":"draw","data":{"index":5,"bw":132,"bh":36,"tabW":1689,"selected":true},"timestamp":1780491058466}
{"sessionId":"0d0cc8","hypothesisId":"A","location":"StatisticsUiHelper.OnStatisticsTabDrawItem","message":"draw","data":{"index":3,"bw":124,"bh":30,"tabW":1689,"selected":false},"timestamp":1780491058972}
{"sessionId":"0d0cc8","hypothesisId":"A","location":"StatisticsUiHelper.OnStatisticsTabDrawItem","message":"draw","data":{"index":5,"bw":124,"bh":30,"tabW":1689,"selected":false},"timestamp":1780491058973}
{"sessionId":"0d0cc8","hypothesisId":"A","location":"StatisticsUiHelper.OnStatisticsTabDrawItem","message":"draw","data":{"index":4,"bw":132,"bh":36,"tabW":1689,"selected":true},"timestamp":1780491058975}
{"sessionId":"0d0cc8","hypothesisId":"A","location":"StatisticsUiHelper.OnStatisticsTabDrawItem","message":"draw","data":{"index":3,"bw":124,"bh":30,"tabW":1689,"selected":false},"timestamp":1780491059431}
{"sessionId":"0d0cc8","hypothesisId":"A","location":"StatisticsUiHelper.OnStatisticsTabDrawItem","message":"draw","data":{"index":5,"bw":124,"bh":30,"tabW":1689,"selected":false},"timestamp":1780491059434}
{"sessionId":"0d0cc8","hypothesisId":"A","location":"StatisticsUiHelper.OnStatisticsTabDrawItem","message":"draw","data":{"index":4,"bw":132,"bh":36,"tabW":1689,"selected":true},"timestamp":1780491059435}
{"sessionId":"0d0cc8","hypothesisId":"A","location":"StatisticsUiHelper.OnStatisticsTabDrawItem","message":"draw","data":{"index":3,"bw":124,"bh":30,"tabW":1689,"selected":false},"timestamp":1780491060447}
{"sessionId":"0d0cc8","hypothesisId":"A","location":"StatisticsUiHelper.OnStatisticsTabDrawItem","message":"draw","data":{"index":4,"bw":124,"bh":30,"tabW":1689,"selected":false},"timestamp":1780491060449}
{"sessionId":"0d0cc8","hypothesisId":"A","location":"StatisticsUiHelper.OnStatisticsTabDrawItem","message":"draw","data":{"index":5,"bw":132,"bh":36,"tabW":1689,"selected":true},"timestamp":1780491060451}
{"sessionId":"0d0cc8","hypothesisId":"A","location":"StatisticsUiHelper.OnStatisticsTabDrawItem","message":"draw","data":{"index":3,"bw":124,"bh":30,"tabW":1689,"selected":false},"timestamp":1780491060454}
{"sessionId":"0d0cc8","hypothesisId":"A","location":"StatisticsUiHelper.OnStatisticsTabDrawItem","message":"draw","data":{"index":4,"bw":124,"bh":30,"tabW":1689,"selected":false},"timestamp":1780491060457}
{"sessionId":"0d0cc8","hypothesisId":"A","location":"StatisticsUiHelper.OnStatisticsTabDrawItem","message":"draw","data":{"index":5,"bw":132,"bh":36,"tabW":1689,"selected":true},"timestamp":1780491060463}
{"sessionId":"0d0cc8","hypothesisId":"B","location":"StatisticsUiHelper.ApplyPremiumGridStyle","message":"ok","data":{"grid":"","colCount":0},"timestamp":1780491664241}
{"sessionId":"0d0cc8","hypothesisId":"B","location":"StatisticsUiHelper.ApplyPremiumGridStyle","message":"ok","data":{"grid":"gridCustomers","colCount":4},"timestamp":1780746326344}
{"sessionId":"0d0cc8","hypothesisId":"B","location":"StatisticsUiHelper.ApplyPremiumGridStyle","message":"ok","data":{"grid":"","colCount":0},"timestamp":1780746326377}
{"sessionId":"0d0cc8","hypothesisId":"B","location":"StatisticsUiHelper.ApplyPremiumGridStyle","message":"ok","data":{"grid":"","colCount":0},"timestamp":1780746326391}
{"sessionId":"0d0cc8","hypothesisId":"B","location":"StatisticsUiHelper.ApplyPremiumGridStyle","message":"ok","data":{"grid":"gridLocations","colCount":3},"timestamp":1780746326396}
{"sessionId":"0d0cc8","hypothesisId":"B","location":"StatisticsUiHelper.ApplyPremiumGridStyle","message":"ok","data":{"grid":"gridHandlers","colCount":3},"timestamp":1780746326431}
{"sessionId":"0d0cc8","hypothesisId":"B","location":"StatisticsUiHelper.ApplyPremiumGridStyle","message":"ok","data":{"grid":"gridHandlers","colCount":3},"timestamp":1780746326436}
{"sessionId":"0d0cc8","hypothesisId":"B","location":"StatisticsUiHelper.ApplyPremiumGridStyle","message":"ok","data":{"grid":"gridCustomers","colCount":4},"timestamp":1780746326441}
{"sessionId":"0d0cc8","hypothesisId":"B","location":"StatisticsUiHelper.ApplyPremiumGridStyle","message":"ok","data":{"grid":"","colCount":0},"timestamp":1780746326442}
{"sessionId":"0d0cc8","hypothesisId":"B","location":"StatisticsUiHelper.ApplyPremiumGridStyle","message":"ok","data":{"grid":"","colCount":0},"timestamp":1780746326443}
{"sessionId":"0d0cc8","hypothesisId":"B","location":"StatisticsUiHelper.ApplyPremiumGridStyle","message":"ok","data":{"grid":"gridLocations","colCount":3},"timestamp":1780746326444}
{"sessionId":"0d0cc8","hypothesisId":"B","location":"StatisticsUiHelper.ApplyPremiumGridStyle","message":"ok","data":{"grid":"gridHandlers","colCount":3},"timestamp":1780746326444}
{"sessionId":"0d0cc8","hypothesisId":"B","location":"StatisticsUiHelper.ApplyPremiumGridStyle","message":"ok","data":{"grid":"","colCount":0},"timestamp":1780746374325}
{"sessionId":"0d0cc8","hypothesisId":"B","location":"StatisticsUiHelper.ApplyPremiumGridStyle","message":"ok","data":{"grid":"","colCount":0},"timestamp":1780747259697}
{"sessionId":"0d0cc8","hypothesisId":"B","location":"StatisticsUiHelper.ApplyPremiumGridStyle","message":"ok","data":{"grid":"","colCount":0},"timestamp":1780747329683}
{"sessionId":"0d0cc8","hypothesisId":"B","location":"StatisticsUiHelper.ApplyPremiumGridStyle","message":"ok","data":{"grid":"","colCount":0},"timestamp":1780747421691}
{"sessionId":"0d0cc8","hypothesisId":"B","location":"StatisticsUiHelper.ApplyPremiumGridStyle","message":"ok","data":{"grid":"","colCount":0},"timestamp":1780747433284}
{"sessionId":"0d0cc8","hypothesisId":"B","location":"StatisticsUiHelper.ApplyPremiumGridStyle","message":"ok","data":{"grid":"","colCount":0},"timestamp":1780747822307}
{"sessionId":"0d0cc8","hypothesisId":"B","location":"StatisticsUiHelper.ApplyPremiumGridStyle","message":"ok","data":{"grid":"","colCount":0},"timestamp":1780747838535}
{"sessionId":"0d0cc8","hypothesisId":"B","location":"StatisticsUiHelper.ApplyPremiumGridStyle","message":"ok","data":{"grid":"","colCount":0},"timestamp":1780747922777}
{"sessionId":"0d0cc8","hypothesisId":"B","location":"StatisticsUiHelper.ApplyPremiumGridStyle","message":"ok","data":{"grid":"","colCount":0},"timestamp":1780748410521}
{"sessionId":"0d0cc8","hypothesisId":"B","location":"StatisticsUiHelper.ApplyPremiumGridStyle","message":"ok","data":{"grid":"","colCount":0},"timestamp":1780755043132}
{"sessionId":"0d0cc8","hypothesisId":"B","location":"StatisticsUiHelper.ApplyPremiumGridStyle","message":"ok","data":{"grid":"","colCount":0},"timestamp":1780755046532}
{"sessionId":"0d0cc8","hypothesisId":"B","location":"StatisticsUiHelper.ApplyPremiumGridStyle","message":"ok","data":{"grid":"","colCount":0},"timestamp":1780755986003}
{"sessionId":"0d0cc8","hypothesisId":"B","location":"StatisticsUiHelper.ApplyPremiumGridStyle","message":"ok","data":{"grid":"","colCount":0},"timestamp":1780756014165}
{"sessionId":"0d0cc8","hypothesisId":"B","location":"StatisticsUiHelper.ApplyPremiumGridStyle","message":"ok","data":{"grid":"","colCount":0},"timestamp":1780756017171}
{"sessionId":"0d0cc8","hypothesisId":"B","location":"StatisticsUiHelper.ApplyPremiumGridStyle","message":"ok","data":{"grid":"","colCount":0},"timestamp":1780756183659}
{"sessionId":"0d0cc8","hypothesisId":"B","location":"StatisticsUiHelper.ApplyPremiumGridStyle","message":"ok","data":{"grid":"","colCount":0},"timestamp":1780756186254}
{"sessionId":"0d0cc8","hypothesisId":"B","location":"StatisticsUiHelper.ApplyPremiumGridStyle","message":"ok","data":{"grid":"","colCount":0},"timestamp":1780756198453}
{"sessionId":"0d0cc8","hypothesisId":"B","location":"StatisticsUiHelper.ApplyPremiumGridStyle","message":"ok","data":{"grid":"","colCount":0},"timestamp":1780756231125}
{"sessionId":"0d0cc8","hypothesisId":"B","location":"StatisticsUiHelper.ApplyPremiumGridStyle","message":"ok","data":{"grid":"","colCount":0},"timestamp":1780756298603}
{"sessionId":"0d0cc8","hypothesisId":"B","location":"StatisticsUiHelper.ApplyPremiumGridStyle","message":"ok","data":{"grid":"","colCount":0},"timestamp":1780756597368}
{"sessionId":"0d0cc8","hypothesisId":"B","location":"StatisticsUiHelper.ApplyPremiumGridStyle","message":"ok","data":{"grid":"","colCount":0},"timestamp":1780757006668}
{"sessionId":"0d0cc8","hypothesisId":"B","location":"StatisticsUiHelper.ApplyPremiumGridStyle","message":"ok","data":{"grid":"","colCount":0},"timestamp":1780757262705}
{"sessionId":"0d0cc8","hypothesisId":"B","location":"StatisticsUiHelper.ApplyPremiumGridStyle","message":"ok","data":{"grid":"","colCount":0},"timestamp":1780757270760}
{"sessionId":"0d0cc8","hypothesisId":"B","location":"StatisticsUiHelper.ApplyPremiumGridStyle","message":"ok","data":{"grid":"","colCount":0},"timestamp":1780757900088}
{"sessionId":"0d0cc8","hypothesisId":"B","location":"StatisticsUiHelper.ApplyPremiumGridStyle","message":"ok","data":{"grid":"","colCount":0},"timestamp":1780757924621}
{"sessionId":"0d0cc8","hypothesisId":"B","location":"StatisticsUiHelper.ApplyPremiumGridStyle","message":"ok","data":{"grid":"","colCount":0},"timestamp":1780757926887}
{"sessionId":"0d0cc8","hypothesisId":"B","location":"StatisticsUiHelper.ApplyPremiumGridStyle","message":"ok","data":{"grid":"","colCount":0},"timestamp":1780757948153}
{"sessionId":"0d0cc8","hypothesisId":"B","location":"StatisticsUiHelper.ApplyPremiumGridStyle","message":"ok","data":{"grid":"","colCount":0},"timestamp":1780757975166}
{"sessionId":"0d0cc8","hypothesisId":"B","location":"StatisticsUiHelper.ApplyPremiumGridStyle","message":"ok","data":{"grid":"","colCount":0},"timestamp":1780757976850}
{"sessionId":"0d0cc8","hypothesisId":"B","location":"StatisticsUiHelper.ApplyPremiumGridStyle","message":"ok","data":{"grid":"","colCount":0},"timestamp":1780758014541}
{"sessionId":"0d0cc8","hypothesisId":"B","location":"StatisticsUiHelper.ApplyPremiumGridStyle","message":"ok","data":{"grid":"","colCount":0},"timestamp":1780758233217}
{"sessionId":"0d0cc8","hypothesisId":"B","location":"StatisticsUiHelper.ApplyPremiumGridStyle","message":"ok","data":{"grid":"","colCount":0},"timestamp":1780758235044}
{"sessionId":"0d0cc8","hypothesisId":"B","location":"StatisticsUiHelper.ApplyPremiumGridStyle","message":"ok","data":{"grid":"","colCount":0},"timestamp":1780758242701}
{"sessionId":"0d0cc8","hypothesisId":"B","location":"StatisticsUiHelper.ApplyPremiumGridStyle","message":"ok","data":{"grid":"","colCount":0},"timestamp":1780758290650}
{"sessionId":"0d0cc8","hypothesisId":"B","location":"StatisticsUiHelper.ApplyPremiumGridStyle","message":"ok","data":{"grid":"","colCount":0},"timestamp":1780758292246}
{"sessionId":"0d0cc8","hypothesisId":"B","location":"StatisticsUiHelper.ApplyPremiumGridStyle","message":"ok","data":{"grid":"","colCount":0},"timestamp":1780758309761}
{"sessionId":"0d0cc8","hypothesisId":"B","location":"StatisticsUiHelper.ApplyPremiumGridStyle","message":"ok","data":{"grid":"","colCount":0},"timestamp":1780758335583}
{"sessionId":"0d0cc8","hypothesisId":"B","location":"StatisticsUiHelper.ApplyPremiumGridStyle","message":"ok","data":{"grid":"","colCount":0},"timestamp":1780758337112}
{"sessionId":"0d0cc8","hypothesisId":"B","location":"StatisticsUiHelper.ApplyPremiumGridStyle","message":"ok","data":{"grid":"","colCount":0},"timestamp":1780758430679}
{"sessionId":"0d0cc8","hypothesisId":"B","location":"StatisticsUiHelper.ApplyPremiumGridStyle","message":"ok","data":{"grid":"","colCount":0},"timestamp":1780758523571}
{"sessionId":"0d0cc8","hypothesisId":"B","location":"StatisticsUiHelper.ApplyPremiumGridStyle","message":"ok","data":{"grid":"","colCount":0},"timestamp":1780758586255}
{"sessionId":"0d0cc8","hypothesisId":"B","location":"StatisticsUiHelper.ApplyPremiumGridStyle","message":"ok","data":{"grid":"","colCount":0},"timestamp":1780758588019}
{"sessionId":"0d0cc8","hypothesisId":"B","location":"StatisticsUiHelper.ApplyPremiumGridStyle","message":"ok","data":{"grid":"","colCount":0},"timestamp":1780758628851}
{"sessionId":"0d0cc8","hypothesisId":"B","location":"StatisticsUiHelper.ApplyPremiumGridStyle","message":"ok","data":{"grid":"","colCount":0},"timestamp":1780758639298}
{"sessionId":"0d0cc8","hypothesisId":"B","location":"StatisticsUiHelper.ApplyPremiumGridStyle","message":"ok","data":{"grid":"","colCount":0},"timestamp":1780758641714}
{"sessionId":"0d0cc8","hypothesisId":"B","location":"StatisticsUiHelper.ApplyPremiumGridStyle","message":"ok","data":{"grid":"","colCount":0},"timestamp":1780758935502}
{"sessionId":"0d0cc8","hypothesisId":"B","location":"StatisticsUiHelper.ApplyPremiumGridStyle","message":"ok","data":{"grid":"","colCount":0},"timestamp":1780759203500}
{"sessionId":"0d0cc8","hypothesisId":"B","location":"StatisticsUiHelper.ApplyPremiumGridStyle","message":"ok","data":{"grid":"","colCount":0},"timestamp":1780759214882}
{"sessionId":"0d0cc8","hypothesisId":"B","location":"StatisticsUiHelper.ApplyPremiumGridStyle","message":"ok","data":{"grid":"","colCount":0},"timestamp":1780759240234}
{"sessionId":"0d0cc8","hypothesisId":"B","location":"StatisticsUiHelper.ApplyPremiumGridStyle","message":"ok","data":{"grid":"","colCount":0},"timestamp":1780759269491}
{"sessionId":"0d0cc8","hypothesisId":"B","location":"StatisticsUiHelper.ApplyPremiumGridStyle","message":"ok","data":{"grid":"","colCount":0},"timestamp":1780759289504}
{"sessionId":"0d0cc8","hypothesisId":"B","location":"StatisticsUiHelper.ApplyPremiumGridStyle","message":"ok","data":{"grid":"","colCount":0},"timestamp":1780759290970}
{"sessionId":"0d0cc8","hypothesisId":"B","location":"StatisticsUiHelper.ApplyPremiumGridStyle","message":"ok","data":{"grid":"","colCount":0},"timestamp":1780759326050}
{"sessionId":"0d0cc8","hypothesisId":"B","location":"StatisticsUiHelper.ApplyPremiumGridStyle","message":"ok","data":{"grid":"","colCount":0},"timestamp":1780759327460}
{"sessionId":"0d0cc8","hypothesisId":"B","location":"StatisticsUiHelper.ApplyPremiumGridStyle","message":"ok","data":{"grid":"","colCount":0},"timestamp":1780759422153}
{"sessionId":"0d0cc8","hypothesisId":"B","location":"StatisticsUiHelper.ApplyPremiumGridStyle","message":"ok","data":{"grid":"","colCount":0},"timestamp":1780759552266}
{"sessionId":"0d0cc8","hypothesisId":"B","location":"StatisticsUiHelper.ApplyPremiumGridStyle","message":"ok","data":{"grid":"","colCount":0},"timestamp":1780759553800}
{"sessionId":"0d0cc8","hypothesisId":"B","location":"StatisticsUiHelper.ApplyPremiumGridStyle","message":"ok","data":{"grid":"","colCount":0},"timestamp":1780759711160}
{"sessionId":"0d0cc8","hypothesisId":"B","location":"StatisticsUiHelper.ApplyPremiumGridStyle","message":"ok","data":{"grid":"","colCount":0},"timestamp":1780759713317}
{"sessionId":"0d0cc8","hypothesisId":"B","location":"StatisticsUiHelper.ApplyPremiumGridStyle","message":"ok","data":{"grid":"","colCount":0},"timestamp":1780759773232}
{"sessionId":"0d0cc8","hypothesisId":"B","location":"StatisticsUiHelper.ApplyPremiumGridStyle","message":"ok","data":{"grid":"","colCount":0},"timestamp":1780759811877}
{"sessionId":"0d0cc8","hypothesisId":"B","location":"StatisticsUiHelper.ApplyPremiumGridStyle","message":"ok","data":{"grid":"","colCount":0},"timestamp":1780759829381}
{"sessionId":"0d0cc8","hypothesisId":"B","location":"StatisticsUiHelper.ApplyPremiumGridStyle","message":"ok","data":{"grid":"","colCount":0},"timestamp":1780760114946}
{"sessionId":"0d0cc8","hypothesisId":"B","location":"StatisticsUiHelper.ApplyPremiumGridStyle","message":"ok","data":{"grid":"","colCount":0},"timestamp":1780760164383}
{"sessionId":"0d0cc8","hypothesisId":"B","location":"StatisticsUiHelper.ApplyPremiumGridStyle","message":"ok","data":{"grid":"","colCount":0},"timestamp":1780760167665}
{"sessionId":"0d0cc8","hypothesisId":"B","location":"StatisticsUiHelper.ApplyPremiumGridStyle","message":"ok","data":{"grid":"","colCount":0},"timestamp":1780760172947}
{"sessionId":"0d0cc8","hypothesisId":"B","location":"StatisticsUiHelper.ApplyPremiumGridStyle","message":"ok","data":{"grid":"","colCount":0},"timestamp":1780760209797}
{"sessionId":"0d0cc8","hypothesisId":"B","location":"StatisticsUiHelper.ApplyPremiumGridStyle","message":"ok","data":{"grid":"","colCount":0},"timestamp":1780760211362}
{"sessionId":"0d0cc8","hypothesisId":"C","location":"StatisticsForm.InitializeForm","message":"start","data":{},"timestamp":1780760320161}
{"sessionId":"0d0cc8","hypothesisId":"C","location":"StatisticsForm.InitializeForm","message":"afterPopulate","data":{"tabCount":6},"timestamp":1780760320183}
{"sessionId":"0d0cc8","hypothesisId":"C","location":"StatisticsForm.InitializeForm","message":"afterChrome","data":{},"timestamp":1780760320184}
{"sessionId":"0d0cc8","hypothesisId":"B","location":"StatisticsUiHelper.ApplyPremiumGridStyle","message":"ok","data":{"grid":"","colCount":3},"timestamp":1780760320188}
{"sessionId":"0d0cc8","hypothesisId":"B","location":"StatisticsUiHelper.ApplyPremiumGridStyle","message":"ok","data":{"grid":"","colCount":6},"timestamp":1780760320190}
{"sessionId":"0d0cc8","hypothesisId":"B","location":"StatisticsUiHelper.ApplyPremiumGridStyle","message":"ok","data":{"grid":"","colCount":6},"timestamp":1780760320191}
{"sessionId":"0d0cc8","hypothesisId":"B","location":"StatisticsUiHelper.ApplyPremiumGridStyle","message":"ok","data":{"grid":"","colCount":8},"timestamp":1780760320192}
{"sessionId":"0d0cc8","hypothesisId":"B","location":"StatisticsUiHelper.ApplyPremiumGridStyle","message":"ok","data":{"grid":"","colCount":7},"timestamp":1780760320193}
{"sessionId":"0d0cc8","hypothesisId":"B","location":"StatisticsUiHelper.ApplyPremiumGridStyle","message":"ok","data":{"grid":"dgvByClient","colCount":13},"timestamp":1780760320197}
{"sessionId":"0d0cc8","hypothesisId":"B","location":"StatisticsUiHelper.ApplyPremiumGridStyle","message":"ok","data":{"grid":"dgvByClient","colCount":13},"timestamp":1780760320198}
{"sessionId":"0d0cc8","hypothesisId":"C","location":"StatisticsForm.InitializeForm","message":"afterGridStyles","data":{"runId":"post-fix"},"timestamp":1780760320199}
{"sessionId":"0d0cc8","hypothesisId":"C","location":"StatisticsForm.InitializeForm","message":"complete","data":{},"timestamp":1780760320200}
{"sessionId":"0d0cc8","hypothesisId":"B","location":"StatisticsUiHelper.ApplyPremiumGridStyle","message":"ok","data":{"grid":"","colCount":3},"timestamp":1780760320298}
{"sessionId":"0d0cc8","hypothesisId":"B","location":"StatisticsUiHelper.ApplyPremiumGridStyle","message":"ok","data":{"grid":"","colCount":6},"timestamp":1780760320303}
{"sessionId":"0d0cc8","hypothesisId":"B","location":"StatisticsUiHelper.ApplyPremiumGridStyle","message":"ok","data":{"grid":"","colCount":6},"timestamp":1780760320311}
{"sessionId":"0d0cc8","hypothesisId":"B","location":"StatisticsUiHelper.ApplyPremiumGridStyle","message":"ok","data":{"grid":"","colCount":8},"timestamp":1780760320317}
{"sessionId":"0d0cc8","hypothesisId":"B","location":"StatisticsUiHelper.ApplyPremiumGridStyle","message":"ok","data":{"grid":"","colCount":7},"timestamp":1780760320370}
{"sessionId":"0d0cc8","hypothesisId":"B","location":"StatisticsUiHelper.ApplyPremiumGridStyle","message":"ok","data":{"grid":"dgvByClient","colCount":13},"timestamp":1780760320376}
{"sessionId":"0d0cc8","hypothesisId":"A","location":"StatisticsUiHelper.OnStatisticsTabDrawItem","message":"draw","data":{"index":0,"bw":124,"bh":30,"tabW":1689,"selected":false},"timestamp":1780760320396}
{"sessionId":"0d0cc8","hypothesisId":"A","location":"StatisticsUiHelper.OnStatisticsTabDrawItem","message":"draw","data":{"index":1,"bw":124,"bh":30,"tabW":1689,"selected":false},"timestamp":1780760320406}
{"sessionId":"0d0cc8","hypothesisId":"A","location":"StatisticsUiHelper.OnStatisticsTabDrawItem","message":"draw","data":{"index":2,"bw":124,"bh":30,"tabW":1689,"selected":false},"timestamp":1780760320413}
{"sessionId":"0d0cc8","hypothesisId":"A","location":"StatisticsUiHelper.OnStatisticsTabDrawItem","message":"draw","data":{"index":4,"bw":124,"bh":30,"tabW":1689,"selected":false},"timestamp":1780760320414}
{"sessionId":"0d0cc8","hypothesisId":"A","location":"StatisticsUiHelper.OnStatisticsTabDrawItem","message":"draw","data":{"index":5,"bw":124,"bh":30,"tabW":1689,"selected":false},"timestamp":1780760320416}
{"sessionId":"0d0cc8","hypothesisId":"A","location":"StatisticsUiHelper.OnStatisticsTabDrawItem","message":"draw","data":{"index":3,"bw":132,"bh":36,"tabW":1689,"selected":true},"timestamp":1780760320419}
{"sessionId":"0d0cc8","hypothesisId":"A","location":"StatisticsUiHelper.OnStatisticsTabDrawItem","message":"draw","data":{"index":2,"bw":124,"bh":30,"tabW":1689,"selected":false},"timestamp":1780760321128}
{"sessionId":"0d0cc8","hypothesisId":"A","location":"StatisticsUiHelper.OnStatisticsTabDrawItem","message":"draw","data":{"index":3,"bw":124,"bh":30,"tabW":1689,"selected":false},"timestamp":1780760321130}
{"sessionId":"0d0cc8","hypothesisId":"A","location":"StatisticsUiHelper.OnStatisticsTabDrawItem","message":"draw","data":{"index":4,"bw":124,"bh":30,"tabW":1689,"selected":false},"timestamp":1780760321131}
{"sessionId":"0d0cc8","hypothesisId":"A","location":"StatisticsUiHelper.OnStatisticsTabDrawItem","message":"draw","data":{"index":2,"bw":124,"bh":30,"tabW":1689,"selected":false},"timestamp":1780760321133}
{"sessionId":"0d0cc8","hypothesisId":"A","location":"StatisticsUiHelper.OnStatisticsTabDrawItem","message":"draw","data":{"index":3,"bw":124,"bh":30,"tabW":1689,"selected":false},"timestamp":1780760321134}
{"sessionId":"0d0cc8","hypothesisId":"A","location":"StatisticsUiHelper.OnStatisticsTabDrawItem","message":"draw","data":{"index":4,"bw":124,"bh":30,"tabW":1689,"selected":false},"timestamp":1780760321135}
{"sessionId":"0d0cc8","hypothesisId":"A","location":"StatisticsUiHelper.OnStatisticsTabDrawItem","message":"draw","data":{"index":5,"bw":132,"bh":36,"tabW":1689,"selected":true},"timestamp":1780760321136}
{"sessionId":"0d0cc8","hypothesisId":"A","location":"StatisticsUiHelper.OnStatisticsTabDrawItem","message":"draw","data":{"index":4,"bw":124,"bh":30,"tabW":1689,"selected":false},"timestamp":1780760324919}
{"sessionId":"0d0cc8","hypothesisId":"A","location":"StatisticsUiHelper.OnStatisticsTabDrawItem","message":"draw","data":{"index":5,"bw":132,"bh":36,"tabW":1689,"selected":true},"timestamp":1780760324921}
{"sessionId":"0d0cc8","hypothesisId":"A","location":"StatisticsUiHelper.OnStatisticsTabDrawItem","message":"draw","data":{"index":0,"bw":124,"bh":30,"tabW":1689,"selected":false},"timestamp":1780760324926}
{"sessionId":"0d0cc8","hypothesisId":"A","location":"StatisticsUiHelper.OnStatisticsTabDrawItem","message":"draw","data":{"index":1,"bw":124,"bh":30,"tabW":1689,"selected":false},"timestamp":1780760324928}
{"sessionId":"0d0cc8","hypothesisId":"A","location":"StatisticsUiHelper.OnStatisticsTabDrawItem","message":"draw","data":{"index":2,"bw":124,"bh":30,"tabW":1689,"selected":false},"timestamp":1780760324929}
{"sessionId":"0d0cc8","hypothesisId":"A","location":"StatisticsUiHelper.OnStatisticsTabDrawItem","message":"draw","data":{"index":3,"bw":124,"bh":30,"tabW":1689,"selected":false},"timestamp":1780760324931}
{"sessionId":"0d0cc8","hypothesisId":"A","location":"StatisticsUiHelper.OnStatisticsTabDrawItem","message":"draw","data":{"index":4,"bw":124,"bh":30,"tabW":1689,"selected":false},"timestamp":1780760324933}
{"sessionId":"0d0cc8","hypothesisId":"A","location":"StatisticsUiHelper.OnStatisticsTabDrawItem","message":"draw","data":{"index":5,"bw":132,"bh":36,"tabW":1689,"selected":true},"timestamp":1780760324934}
{"sessionId":"0d0cc8","hypothesisId":"B","location":"StatisticsUiHelper.ApplyPremiumGridStyle","message":"ok","data":{"grid":"dgvByClient","colCount":13},"timestamp":1780760325092}
{"sessionId":"0d0cc8","hypothesisId":"A","location":"StatisticsUiHelper.OnStatisticsTabDrawItem","message":"draw","data":{"index":5,"bw":124,"bh":30,"tabW":1689,"selected":false},"timestamp":1780760326921}
{"sessionId":"0d0cc8","hypothesisId":"A","location":"StatisticsUiHelper.OnStatisticsTabDrawItem","message":"draw","data":{"index":4,"bw":132,"bh":36,"tabW":1689,"selected":true},"timestamp":1780760326923}
{"sessionId":"0d0cc8","hypothesisId":"A","location":"StatisticsUiHelper.OnStatisticsTabDrawItem","message":"draw","data":{"index":3,"bw":124,"bh":30,"tabW":1689,"selected":false},"timestamp":1780760326927}
{"sessionId":"0d0cc8","hypothesisId":"A","location":"StatisticsUiHelper.OnStatisticsTabDrawItem","message":"draw","data":{"index":5,"bw":124,"bh":30,"tabW":1689,"selected":false},"timestamp":1780760326930}
{"sessionId":"0d0cc8","hypothesisId":"A","location":"StatisticsUiHelper.OnStatisticsTabDrawItem","message":"draw","data":{"index":4,"bw":132,"bh":36,"tabW":1689,"selected":true},"timestamp":1780760326932}
{"sessionId":"0d0cc8","hypothesisId":"A","location":"StatisticsUiHelper.OnStatisticsTabDrawItem","message":"draw","data":{"index":3,"bw":124,"bh":30,"tabW":1689,"selected":false},"timestamp":1780760328168}
{"sessionId":"0d0cc8","hypothesisId":"A","location":"StatisticsUiHelper.OnStatisticsTabDrawItem","message":"draw","data":{"index":4,"bw":124,"bh":30,"tabW":1689,"selected":false},"timestamp":1780760328174}
{"sessionId":"0d0cc8","hypothesisId":"A","location":"StatisticsUiHelper.OnStatisticsTabDrawItem","message":"draw","data":{"index":5,"bw":132,"bh":36,"tabW":1689,"selected":true},"timestamp":1780760328175}
{"sessionId":"0d0cc8","hypothesisId":"B","location":"StatisticsUiHelper.ApplyPremiumGridStyle","message":"ok","data":{"grid":"","colCount":0},"timestamp":1780760379085}
{"sessionId":"0d0cc8","hypothesisId":"B","location":"StatisticsUiHelper.ApplyPremiumGridStyle","message":"ok","data":{"grid":"","colCount":0},"timestamp":1780760399339}
{"sessionId":"0d0cc8","hypothesisId":"B","location":"StatisticsUiHelper.ApplyPremiumGridStyle","message":"ok","data":{"grid":"","colCount":0},"timestamp":1780760400756}
{"sessionId":"0d0cc8","hypothesisId":"B","location":"StatisticsUiHelper.ApplyPremiumGridStyle","message":"ok","data":{"grid":"","colCount":0},"timestamp":1780760438250}
{"sessionId":"0d0cc8","hypothesisId":"B","location":"StatisticsUiHelper.ApplyPremiumGridStyle","message":"ok","data":{"grid":"","colCount":0},"timestamp":1780760467332}
{"sessionId":"0d0cc8","hypothesisId":"B","location":"StatisticsUiHelper.ApplyPremiumGridStyle","message":"ok","data":{"grid":"","colCount":0},"timestamp":1780760514414}
{"sessionId":"0d0cc8","hypothesisId":"B","location":"StatisticsUiHelper.ApplyPremiumGridStyle","message":"ok","data":{"grid":"","colCount":0},"timestamp":1780760516642}
{"sessionId":"0d0cc8","hypothesisId":"B","location":"StatisticsUiHelper.ApplyPremiumGridStyle","message":"ok","data":{"grid":"","colCount":0},"timestamp":1780760682415}
{"sessionId":"0d0cc8","hypothesisId":"B","location":"StatisticsUiHelper.ApplyPremiumGridStyle","message":"ok","data":{"grid":"","colCount":0},"timestamp":1780760683941}
{"sessionId":"0d0cc8","hypothesisId":"B","location":"StatisticsUiHelper.ApplyPremiumGridStyle","message":"ok","data":{"grid":"","colCount":0},"timestamp":1780760707925}
{"sessionId":"0d0cc8","hypothesisId":"B","location":"StatisticsUiHelper.ApplyPremiumGridStyle","message":"ok","data":{"grid":"","colCount":0},"timestamp":1780760726826}
{"sessionId":"0d0cc8","hypothesisId":"B","location":"StatisticsUiHelper.ApplyPremiumGridStyle","message":"ok","data":{"grid":"","colCount":0},"timestamp":1780760728043}
{"sessionId":"0d0cc8","hypothesisId":"B","location":"StatisticsUiHelper.ApplyPremiumGridStyle","message":"ok","data":{"grid":"","colCount":0},"timestamp":1780761306218}
{"sessionId":"0d0cc8","hypothesisId":"B","location":"StatisticsUiHelper.ApplyPremiumGridStyle","message":"ok","data":{"grid":"","colCount":0},"timestamp":1780761309170}
{"sessionId":"0d0cc8","hypothesisId":"B","location":"StatisticsUiHelper.ApplyPremiumGridStyle","message":"ok","data":{"grid":"","colCount":0},"timestamp":1780761544889}
{"sessionId":"0d0cc8","hypothesisId":"B","location":"StatisticsUiHelper.ApplyPremiumGridStyle","message":"ok","data":{"grid":"","colCount":0},"timestamp":1780761546492}
{"sessionId":"0d0cc8","hypothesisId":"B","location":"StatisticsUiHelper.ApplyPremiumGridStyle","message":"ok","data":{"grid":"","colCount":0},"timestamp":1780804094689}
{"sessionId":"0d0cc8","hypothesisId":"B","location":"StatisticsUiHelper.ApplyPremiumGridStyle","message":"ok","data":{"grid":"","colCount":0},"timestamp":1780804717082}
{"sessionId":"0d0cc8","hypothesisId":"B","location":"StatisticsUiHelper.ApplyPremiumGridStyle","message":"ok","data":{"grid":"","colCount":0},"timestamp":1780805174135}
{"sessionId":"0d0cc8","hypothesisId":"B","location":"StatisticsUiHelper.ApplyPremiumGridStyle","message":"ok","data":{"grid":"","colCount":0},"timestamp":1780806344981}
{"sessionId":"0d0cc8","hypothesisId":"B","location":"StatisticsUiHelper.ApplyPremiumGridStyle","message":"ok","data":{"grid":"","colCount":0},"timestamp":1780806488352}
{"sessionId":"0d0cc8","hypothesisId":"B","location":"StatisticsUiHelper.ApplyPremiumGridStyle","message":"ok","data":{"grid":"","colCount":0},"timestamp":1780806643368}
{"sessionId":"0d0cc8","hypothesisId":"B","location":"StatisticsUiHelper.ApplyPremiumGridStyle","message":"ok","data":{"grid":"","colCount":0},"timestamp":1780806717126}
{"sessionId":"0d0cc8","hypothesisId":"B","location":"StatisticsUiHelper.ApplyPremiumGridStyle","message":"ok","data":{"grid":"","colCount":0},"timestamp":1780806981043}
{"sessionId":"0d0cc8","hypothesisId":"B","location":"StatisticsUiHelper.ApplyPremiumGridStyle","message":"ok","data":{"grid":"","colCount":0},"timestamp":1780806983813}
{"sessionId":"0d0cc8","hypothesisId":"B","location":"StatisticsUiHelper.ApplyPremiumGridStyle","message":"ok","data":{"grid":"","colCount":0},"timestamp":1780807728446}
{"sessionId":"0d0cc8","hypothesisId":"B","location":"StatisticsUiHelper.ApplyPremiumGridStyle","message":"ok","data":{"grid":"","colCount":0},"timestamp":1780811218082}
{"sessionId":"0d0cc8","hypothesisId":"B","location":"StatisticsUiHelper.ApplyPremiumGridStyle","message":"ok","data":{"grid":"","colCount":0},"timestamp":1780811234713}
{"sessionId":"0d0cc8","hypothesisId":"B","location":"StatisticsUiHelper.ApplyPremiumGridStyle","message":"ok","data":{"grid":"","colCount":0},"timestamp":1780811243410}
{"sessionId":"0d0cc8","hypothesisId":"B","location":"StatisticsUiHelper.ApplyPremiumGridStyle","message":"ok","data":{"grid":"","colCount":0},"timestamp":1780812276121}
{"sessionId":"0d0cc8","hypothesisId":"B","location":"StatisticsUiHelper.ApplyPremiumGridStyle","message":"ok","data":{"grid":"","colCount":0},"timestamp":1780812319291}
{"sessionId":"0d0cc8","hypothesisId":"B","location":"StatisticsUiHelper.ApplyPremiumGridStyle","message":"ok","data":{"grid":"","colCount":0},"timestamp":1780812353122}
{"sessionId":"0d0cc8","hypothesisId":"B","location":"StatisticsUiHelper.ApplyPremiumGridStyle","message":"ok","data":{"grid":"","colCount":0},"timestamp":1780812889359}
{"sessionId":"0d0cc8","hypothesisId":"B","location":"StatisticsUiHelper.ApplyPremiumGridStyle","message":"ok","data":{"grid":"","colCount":0},"timestamp":1780812944869}
{"sessionId":"0d0cc8","hypothesisId":"B","location":"StatisticsUiHelper.ApplyPremiumGridStyle","message":"ok","data":{"grid":"","colCount":0},"timestamp":1780812955019}
{"sessionId":"0d0cc8","hypothesisId":"B","location":"StatisticsUiHelper.ApplyPremiumGridStyle","message":"ok","data":{"grid":"","colCount":0},"timestamp":1780813307986}
{"sessionId":"0d0cc8","hypothesisId":"B","location":"StatisticsUiHelper.ApplyPremiumGridStyle","message":"ok","data":{"grid":"","colCount":0},"timestamp":1780813318692}
{"sessionId":"0d0cc8","hypothesisId":"B","location":"StatisticsUiHelper.ApplyPremiumGridStyle","message":"ok","data":{"grid":"","colCount":0},"timestamp":1780813330077}
{"sessionId":"0d0cc8","hypothesisId":"B","location":"StatisticsUiHelper.ApplyPremiumGridStyle","message":"ok","data":{"grid":"","colCount":0},"timestamp":1780813557809}
{"sessionId":"0d0cc8","hypothesisId":"B","location":"StatisticsUiHelper.ApplyPremiumGridStyle","message":"ok","data":{"grid":"","colCount":0},"timestamp":1780813876510}
{"sessionId":"0d0cc8","hypothesisId":"B","location":"StatisticsUiHelper.ApplyPremiumGridStyle","message":"ok","data":{"grid":"","colCount":0},"timestamp":1780838007696}
{"sessionId":"0d0cc8","hypothesisId":"B","location":"StatisticsUiHelper.ApplyPremiumGridStyle","message":"ok","data":{"grid":"","colCount":0},"timestamp":1780838445423}
{"sessionId":"0d0cc8","hypothesisId":"B","location":"StatisticsUiHelper.ApplyPremiumGridStyle","message":"ok","data":{"grid":"","colCount":0},"timestamp":1780838448835}
{"sessionId":"0d0cc8","hypothesisId":"B","location":"StatisticsUiHelper.ApplyPremiumGridStyle","message":"ok","data":{"grid":"","colCount":0},"timestamp":1780838676513}
{"sessionId":"0d0cc8","hypothesisId":"B","location":"StatisticsUiHelper.ApplyPremiumGridStyle","message":"ok","data":{"grid":"","colCount":0},"timestamp":1780838678293}
{"sessionId":"0d0cc8","hypothesisId":"B","location":"StatisticsUiHelper.ApplyPremiumGridStyle","message":"ok","data":{"grid":"","colCount":0},"timestamp":1780839120762}
{"sessionId":"0d0cc8","hypothesisId":"B","location":"StatisticsUiHelper.ApplyPremiumGridStyle","message":"ok","data":{"grid":"","colCount":0},"timestamp":1780839139808}
{"sessionId":"0d0cc8","hypothesisId":"B","location":"StatisticsUiHelper.ApplyPremiumGridStyle","message":"ok","data":{"grid":"","colCount":0},"timestamp":1780839168531}
{"sessionId":"0d0cc8","hypothesisId":"B","location":"StatisticsUiHelper.ApplyPremiumGridStyle","message":"ok","data":{"grid":"","colCount":0},"timestamp":1780839251217}
{"sessionId":"0d0cc8","hypothesisId":"B","location":"StatisticsUiHelper.ApplyPremiumGridStyle","message":"ok","data":{"grid":"","colCount":0},"timestamp":1780839310126}
{"sessionId":"0d0cc8","hypothesisId":"B","location":"StatisticsUiHelper.ApplyPremiumGridStyle","message":"ok","data":{"grid":"","colCount":0},"timestamp":1780839338239}
{"sessionId":"0d0cc8","hypothesisId":"B","location":"StatisticsUiHelper.ApplyPremiumGridStyle","message":"ok","data":{"grid":"","colCount":0},"timestamp":1780839349571}
{"sessionId":"0d0cc8","hypothesisId":"B","location":"StatisticsUiHelper.ApplyPremiumGridStyle","message":"ok","data":{"grid":"","colCount":0},"timestamp":1780839357299}
{"sessionId":"0d0cc8","hypothesisId":"B","location":"StatisticsUiHelper.ApplyPremiumGridStyle","message":"ok","data":{"grid":"","colCount":0},"timestamp":1780840069616}
{"sessionId":"0d0cc8","hypothesisId":"B","location":"StatisticsUiHelper.ApplyPremiumGridStyle","message":"ok","data":{"grid":"","colCount":0},"timestamp":1780840394965}
{"sessionId":"0d0cc8","hypothesisId":"B","location":"StatisticsUiHelper.ApplyPremiumGridStyle","message":"ok","data":{"grid":"","colCount":0},"timestamp":1780840426548}
{"sessionId":"0d0cc8","hypothesisId":"B","location":"StatisticsUiHelper.ApplyPremiumGridStyle","message":"ok","data":{"grid":"","colCount":0},"timestamp":1780840430821}
{"sessionId":"0d0cc8","hypothesisId":"B","location":"StatisticsUiHelper.ApplyPremiumGridStyle","message":"ok","data":{"grid":"","colCount":0},"timestamp":1780840459215}
{"sessionId":"0d0cc8","hypothesisId":"B","location":"StatisticsUiHelper.ApplyPremiumGridStyle","message":"ok","data":{"grid":"","colCount":0},"timestamp":1780840462768}
{"sessionId":"0d0cc8","hypothesisId":"B","location":"StatisticsUiHelper.ApplyPremiumGridStyle","message":"ok","data":{"grid":"","colCount":0},"timestamp":1780840465874}
{"sessionId":"0d0cc8","hypothesisId":"B","location":"StatisticsUiHelper.ApplyPremiumGridStyle","message":"ok","data":{"grid":"","colCount":0},"timestamp":1780840599775}
